data_name,Clusters num,blocksize,Average time,iterations,sse,obj,balance loss,Time Std,Obj Std,num-thr,t,Average clusters size,,,,,,,,,,,,,,,,,,,,,,,,,,,,,,,,,,,,,,,,,,,,,,,,,,,,,,,,,,,,,,,,,,,,,,,,,,,,,,,,,,,,,,,,,,,,,,,,,,,,,,,,
athlete_1000_4.csv,4,4,0.9611,100,1614.83,1623.29,26.65,0.01,15.08,4,0.01,250.6,247.6,251.8,250,obj,1517.1,1592.27,1632.42,1695.2,1736.27,1645.61,1635.95,1623.33,1623.26,1626.9,1625.86,1624.68,1623.5,1628.77,1623.98,1623.56,1628.8,1623.65,1624.27,1628.28,1623.3,1624.25,1627.71,1624.69,1623.79,1625.95,1627.19,1622.03,1628.3,1623.34,1623.91,1629.42,1621.87,1626.55,1625.28,1623.99,1624.6,1627.49,1624.1,1624.79,1627.79,1624.05,1623.14,1628.79,1624.07,1622.77,1629.51,1623.24,1623.93,1628.52,1623.46,1623.2,1629.33,1622.28,1623.7,1629.83,1623.86,1628.01,1623.44,1624,1627.98,1625.08,1622.84,1628.87,1623.98,1622.79,1629.37,1622.67,1623.69,1629.91,1623.85,1628.07,1622.7,1624.31,1628.44,1623.78,1623.22,1628.93,1623.2,1623.99,1629.55,1621.82,1625.71,1626.11,1625.69,1623.84,1627.52,1624.62,1627.48,1623.39,1624,1627.97,1624,1623.48,1629.15,1623.41,1623.57,1629.05,1623.11,1623.29
athlete_1000_4.csv,4,16,0.8453,100,1613.01,1624.57,51.45,0,17.05,4,0.01,250,247.2,252,250.8,obj,1517.26,1592.01,1632.42,1695.2,1736.27,1646.73,1635.55,1623.41,1623.88,1626.01,1626.81,1623.76,1623.34,1629.71,1622.47,1623.64,1629.74,1622.25,1623.69,1629.8,1623.89,1628.92,1622.63,1622.53,1629.22,1623.3,1623.25,1629.66,1622.45,1624.4,1629,1624.79,1624.03,1627.31,1622.85,1629.57,1622.67,1624.35,1629,1622.83,1623.79,1629.21,1624.98,1624.8,1623.19,1629.27,1623.86,1623.24,1629.53,1622.95,1623.63,1629.29,1622.47,1624.34,1629.12,1624.73,1624.12,1627.25,1622.91,1629.61,1622.64,1624.34,1629.04,1622.85,1623.71,1629.33,1625,1624.77,1623.23,1629.34,1623.78,1623.3,1629.55,1622.94,1623.62,1629.33,1622.48,1624.29,1629.23,1624.68,1624.21,1627.2,1622.98,1629.66,1622.61,1624.33,1629.09,1622.87,1623.63,1629.39,1625.7,1623.46,1626.64,1625.69,1623.14,1628.18,1623.98,1623.79,1628.13,1624.57
athlete_1000_4.csv,4,64,0.8028,100,1636.23,1637.21,19.85,0.01,9.34,4,0.01,251,253.2,246.8,249,obj,1517.07,1596.76,1630.9,1699.81,1724.93,1647.7,1636.54,1623.93,1629.53,1622.81,1626.34,1626.67,1616.89,1635.22,1628.24,1611.29,1640.16,1619.6,1613.96,1640.81,1619.39,1617.56,1636.88,1620.65,1622.1,1628.11,1623.1,1633.35,1616.48,1622.87,1640.09,1613.74,1631.27,1623.15,1614.28,1639.4,1623.36,1614.23,1641.6,1620.58,1613.16,1641.15,1620.52,1614.58,1638.83,1623.86,1614.19,1638.12,1624.36,1616.43,1634.68,1627.44,1612.69,1638.14,1624.8,1611.62,1641.29,1618.84,1615.7,1637.74,1619.02,1617.1,1638.73,1625.42,1616.9,1632.06,1623.5,1628.89,1624.01,1622.7,1630.33,1624.15,1629.18,1618.76,1624.48,1628.96,1623.24,1625.44,1628.94,1621.2,1618.31,1640.49,1620.59,1613.77,1639.94,1621.99,1614.05,1639.59,1625.24,1616.38,1633.47,1628.64,1612.44,1638.32,1624.55,1612.46,1639.37,1618.11,1618.07,1637.21
athlete_1000_4.csv,4,256,0.7985,100,1632.73,1640.46,45.45,0.01,13.84,4,0.01,251.2,252.2,248.8,247.8,obj,1522.55,1585.61,1636.94,1697.9,1709.74,1645.18,1653.05,1629.19,1624.52,1621.29,1625.97,1623.65,1625.71,1628.85,1624.9,1623.27,1629.26,1623.71,1627.93,1621.58,1616.32,1638.86,1622.27,1628.23,1624.38,1623.48,1624.88,1626.22,1629.64,1623.28,1612.81,1642.52,1611.54,1640.88,1615.72,1630.74,1615.93,1626.97,1626.88,1631.1,1622.3,1625.89,1616.33,1635.01,1618.49,1630.77,1619.85,1632.63,1621.37,1635.5,1612.64,1640.67,1612.65,1624.93,1637.64,1612.76,1625.89,1632.96,1619.44,1629.44,1621.35,1629.94,1616.17,1635.1,1620.14,1632.84,1626.7,1610.57,1636.89,1620.77,1623.15,1625.86,1625.96,1623.06,1633.21,1621.28,1632.78,1612.79,1639.96,1620.39,1619.84,1623.18,1627.25,1626.17,1631.55,1623,1621.9,1625.69,1622.31,1631.06,1624.15,1622.34,1629.85,1622.36,1634.54,1627.79,1615.43,1623.33,1628.23,1640.46
athlete_1000_4.csv,4,1024,3.5193,100,3593.95,131609.79,570626.65,0.15,168592.33,4,0.01,210.4,10.4,579.2,200,obj,1578.38,1774.75,1803.93,2060.16,2147.08,1816.58,1702.95,1848.86,1890.45,1915.47,1941.43,2019.11,2135.72,1973.05,1965.29,2061.84,2291.72,2173.53,2347.84,2209.44,2090.37,2276.74,2623.62,2342.61,2208.04,2410.98,2452.13,2360.27,2532.47,2457.74,2573.06,2840.07,3158.71,2360.28,2428.92,2918.48,3140.22,2658.35,2703.21,2904.37,3125.29,3285.28,4887.63,3162.93,4483.61,4718.02,7908.12,6850.78,10318.55,10125.61,19483.57,16240.29,21414.7,15433.75,24889.51,14939.54,31741.03,28652.04,36989.22,33897.86,41584.87,36878.45,46022.33,39964.01,50909.84,45632.93,56173.58,52010.91,61345.37,57188.81,66269.95,61809.06,71194.29,66739.73,76184.3,71729.73,81174.3,76719.74,86164.31,81709.74,91154.31,86699.75,96144.32,91689.75,101134.32,96679.76,106124.33,101669.76,111114.33,106659.77,116104.34,111649.77,121094.34,116639.78,126084.35,121629.78,131074.35,126619.79,136064.36,131609.79
census_1000_4.csv,4,4,0.9678,100,3525.92,3528.52,33.45,0,29.94,4,0.01,249.6,249.6,249,251.8,obj,4697.97,3891.82,3768.82,3765.66,3897.18,3953.14,4000.9,3636.2,3559.18,3587.21,3551.28,3533.53,3538.22,3529.17,3533.41,3530.56,3531.88,3529.39,3529.42,3526.94,3529.31,3527.17,3528.69,3528.5,3525.52,3532.07,3527.6,3526.84,3528.38,3528.85,3527.74,3529.58,3527.44,3527.15,3528.53,3528.9,3529.33,3526.51,3529.27,3528.26,3526.3,3530.42,3528.15,3529.4,3526.47,3528.11,3529.26,3526.01,3530.37,3526.63,3529.18,3526.81,3529.49,3526.67,3529.55,3526.8,3529.73,3526.77,3528.29,3526.71,3530.51,3527.69,3526.67,3529.28,3528.21,3527.41,3530,3525.97,3529.27,3527.21,3529.75,3527.6,3527.91,3526.78,3529.51,3525.89,3530.49,3527.28,3527.85,3526.82,3529.49,3525.73,3532.17,3525.09,3531.01,3525.75,3528.87,3527.51,3529.06,3527.26,3527.56,3529.62,3527.72,3527.73,3526.03,3530.12,3528.22,3529.66,3526.24,3528.52
census_1000_4.csv,4,16,0.8344,100,3527.68,3530.06,9.85,0,33.6,4,0.01,249.6,251.8,249.8,248.8,obj,4701.64,3894.62,3774.22,3761.25,3900.88,3990.43,4002.7,3653.75,3580.35,3557.18,3553.18,3538.96,3533.24,3533.63,3532.94,3532.78,3530.82,3533.54,3524.85,3530.13,3527.44,3531.92,3526.01,3529.41,3526.97,3529.81,3527.31,3528.55,3528.76,3528.99,3527.14,3529.45,3526.43,3529.94,3525.63,3529.79,3527.64,3529.09,3526.95,3529.73,3528.43,3527.39,3529.3,3528.72,3525.54,3531.14,3525.74,3529.95,3525.42,3531.32,3526.84,3528.56,3527.92,3529.12,3527.57,3527.65,3529.28,3527.15,3528.85,3528.06,3529.52,3526.63,3529.21,3526.54,3531.47,3526.89,3526.83,3528.67,3528.26,3526.11,3530.52,3527.11,3529.8,3526.4,3528.91,3529.01,3525.7,3532.47,3523.91,3530.8,3528.47,3528.37,3527.53,3527.89,3529.9,3526.95,3529.92,3526.03,3530.47,3528.07,3526.98,3528.49,3527.09,3527.55,3528.62,3527.29,3529.61,3526.53,3528.53,3530.06
census_1000_4.csv,4,64,0.8037,100,3518.56,3522.79,23.05,0,12.63,4,0.01,250,250.6,250.4,249,obj,4726.2,3899.15,3845.14,3796.54,3942.92,4138.43,4041.94,3661.29,3632.56,3663.98,3611.26,3588.42,3581.99,3567.92,3550.74,3534.84,3532.53,3529.37,3520.9,3518.84,3520.33,3519.13,3522.36,3521.31,3519.42,3521.88,3521.53,3520.97,3521.21,3522.81,3518.82,3523.6,3519.39,3522.45,3519.28,3522.33,3519.99,3523.2,3520.88,3523.08,3517.56,3524.63,3519.21,3524.02,3519.13,3523,3520.02,3522.29,3519.74,3523.64,3519.94,3521.58,3519.45,3524.01,3519.31,3523.06,3519.94,3520.89,3521.41,3522.41,3520.36,3520.83,3521.85,3522.13,3522.19,3521.08,3519.62,3522.43,3519.59,3523.27,3521.96,3522.24,3518.41,3523.06,3520.62,3522.73,3518.63,3522.54,3520.11,3523.12,3520.55,3521.21,3520.47,3521.67,3520.16,3525.09,3518.75,3522.63,3519.54,3522.6,3519.58,3522.84,3519.77,3521.76,3520.21,3525.24,3517.82,3523.55,3518.23,3522.79
census_1000_4.csv,4,256,0.8313,100,3738.71,3892,6452.25,0,309.58,4,0.01,262.6,233.4,252.8,251.2,obj,4793.88,3910.45,4035.97,4800.69,4875.37,4114,3965.61,3944.04,4377.44,4653.87,4140.02,4058.54,3845.84,3977.15,3946.57,3981.22,3871.44,3762.83,3855.46,3943.08,3968.9,3873.3,3700.94,3931.97,3922.15,3939.36,3830.3,3751.52,3898.81,3885.14,3917.94,3827.77,3742.61,3888.77,3886.49,3902.3,3840.42,3742.48,3885.97,3876.03,3926,3849.07,3733.31,3878.27,3875.05,3930.42,3842.39,3732.9,3857.93,3882.8,3935.74,3839.27,3719.64,3880.92,3895.05,3929.55,3837.86,3722.45,3892.49,3893.47,3924.49,3814.7,3731.45,3892.92,3889.35,3903.66,3846.74,3746.38,3881.41,3878.35,3915.74,3844.05,3742.95,3886,3864.35,3930.32,3851.88,3739.17,3856.62,3899.14,3940.79,3844.16,3711.56,3884.34,3889.88,3925.63,3836.04,3726.97,3887.67,3887.52,3926.69,3812.59,3739.03,3895.35,3884.15,3917.44,3824.05,3743.93,3890.69,3892
census_1000_4.csv,4,1024,2.5388,100,5000,619882.12,649300.25,0.07,845912.84,4,0.01,200,200,400,200,obj,6539.27,16596.19,4612.18,7372.92,21516.14,6864.58,15716.58,22525.89,29018.9,35511.9,42004.9,48497.9,54990.91,61483.91,67976.91,74469.91,80962.92,87455.92,93948.92,100441.92,106934.93,113427.93,119920.93,126413.93,132906.94,139399.94,145892.94,152385.94,158878.95,165371.95,171864.95,178357.95,184850.96,191343.96,197836.96,204329.96,210822.97,217315.97,223808.97,230301.97,236794.98,243287.98,249780.98,256273.98,262766.99,269259.99,275752.99,282245.99,288739,295232,301725,308218,314711.01,321204.01,327697.01,334190.01,340683.02,347176.02,353669.02,360162.02,366655.03,373148.03,379641.03,386134.03,392627.04,399120.04,405613.04,412106.04,418599.05,425092.05,431585.05,438078.05,444571.06,451064.06,457557.06,464050.06,470543.07,477036.07,483529.07,490022.07,496515.08,503008.08,509501.08,515994.08,522487.09,528980.09,535473.09,541966.09,548459.1,554952.1,561445.1,567938.1,574431.11,580924.11,587417.11,593910.11,600403.12,606896.12,613389.12,619882.12
Spanish_1000_4.csv,4,4,0.9671,100,3051.25,3049.92,25.45,0.01,3.75,4,0.01,249.8,251,250.2,249,obj,4376.42,4317.04,4665.24,3238.94,3747.93,3366.94,3190.23,3111.91,3088.75,3058.49,3049.64,3053.67,3049.03,3050.3,3051.48,3052.12,3051.08,3052.35,3049.89,3052.08,3051.54,3050.85,3051.3,3052.8,3054.8,3051.06,3053.16,3047.4,3052.5,3050.18,3051.57,3051.13,3049.38,3048.58,3049.34,3049.59,3054.7,3052.27,3052.69,3054.06,3051.61,3054.52,3054.28,3046.23,3049.23,3052.7,3049.09,3048.82,3048.18,3051.46,3057.99,3053.23,3051.57,3052.88,3052.09,3048.7,3051.3,3051.29,3050.17,3051.73,3053.25,3052.07,3054.42,3051.45,3050.01,3054.17,3049.65,3051.1,3054.85,3053.25,3046.25,3048.42,3054.54,3053.67,3054.31,3052.13,3049.62,3050.22,3049.16,3050.74,3053.36,3051.92,3046.23,3058.29,3050.37,3049.66,3051.77,3055.07,3050.85,3047.92,3049.82,3052.72,3053.54,3053.06,3047.72,3053.95,3048.74,3058.48,3047.16,3049.92
Spanish_1000_4.csv,4,16,0.8383,100,3052.68,3056.4,86.25,0,11.18,4,0.01,253.8,247.8,251.4,247,obj,4472.44,4306.02,4649.77,3228.03,3683.35,3341,3171.64,3091.23,3069.51,3054.92,3054.78,3058.18,3052.52,3050.93,3056.56,3056.48,3056.02,3059.02,3060.89,3058.52,3055.11,3056.34,3056.3,3059.44,3053.63,3056.11,3055.49,3058.31,3061.15,3052.02,3055.18,3056.28,3056.19,3058.42,3051.99,3054.2,3053.81,3055.58,3054.49,3055.32,3058.06,3058.41,3058.21,3056.75,3055.12,3055.51,3053.09,3056.28,3055.22,3057.51,3054.29,3060.37,3055.3,3056.91,3055.2,3054.68,3055.35,3055.79,3056.58,3053.09,3054.01,3057.64,3057.04,3057.22,3059.53,3056.67,3056.38,3054.38,3055.63,3054.85,3051.95,3055.25,3055.91,3055.65,3055.15,3053.34,3055.68,3053.92,3054.97,3055.28,3060.2,3058.16,3058.36,3054.11,3057.93,3052.9,3054.03,3054.74,3054.1,3055.12,3052.79,3054.19,3056.48,3060.06,3058.02,3056.29,3056.84,3055.61,3051.14,3056.4
Spanish_1000_4.csv,4,64,0.805,100,3055.06,3054.35,131.85,0.01,13.41,4,0.01,253,248,251.2,247.8,obj,4665.19,4269.01,4581.66,3284.52,3820.03,3515.99,3428.65,3215.96,3148.47,3060.82,3046.92,3046.27,3051.3,3054.21,3053.97,3057.59,3054.65,3055.6,3055.93,3053.54,3053.65,3056.95,3055.51,3059.8,3057.92,3057.37,3057.33,3056.6,3054.39,3057.89,3055.57,3053.5,3051.14,3056.09,3054.18,3056.24,3058.32,3055.53,3058.7,3058.47,3058.15,3054.64,3057.13,3058.44,3052.57,3055.37,3053.99,3055.06,3055.23,3053.72,3060.75,3056.46,3058.5,3060.06,3052.83,3053.38,3054.93,3055.92,3056.36,3057.18,3056.41,3055.01,3054.31,3056.63,3057.63,3056.67,3057.86,3057.4,3056.44,3058.64,3052.94,3058.16,3054.81,3053.75,3054.43,3055.28,3056.1,3054.48,3056.54,3056.47,3061.53,3057.54,3052.64,3057.75,3056.71,3055.65,3055.27,3056.55,3054.43,3055.01,3054.28,3056.32,3054.47,3059.91,3059.35,3057.44,3055.07,3055,3056.16,3054.35
Spanish_1000_4.csv,4,256,0.822,100,3268.25,-2533.73,7204.65,0.02,12549.92,4,0.01,282.2,287.4,197.8,232.6,obj,4981.4,4312.14,4851.24,5589.43,4139.24,4130.91,3983.15,4058.99,4760.73,4500.27,3776.54,3943.57,4049.41,4640.11,4707.21,3533.45,3495.77,3606.48,6243.81,4617.23,2631.77,3644.81,7124.36,4841.75,2371.19,3219.94,6800.48,7107.24,5032.47,1920.26,3010.49,7158.48,7289.93,5640.57,1652.07,3358.65,8028.92,6840.02,6335.74,1481.54,3142.92,8676.21,8523.75,6250.05,1066.56,3315.57,9717.69,7762.89,7075.51,937.82,3155.95,9923.69,10100.53,7198.66,379.94,3075.39,10710.8,9690.16,7756.1,389.27,3049.85,11366.38,10433.66,8193.89,-31.12,3067.29,12094.15,10977.97,8598.35,-242.6,3054.68,12736.4,11614.02,8996.28,-521.62,2990.94,13640.13,12156.14,9240.83,-749.84,2967.01,13959.07,13761.62,9139.63,-1280.92,3520.05,15323.82,11920.43,10252.34,-1250.31,3040.21,15368.68,15756.52,10252.07,-1708.71,1510.04,16639.59,17056.1,9926.82,-2533.73
Spanish_1000_4.csv,4,1024,2.5102,100,5000,634436.06,649300.25,0.01,869206.17,4,0.01,0,800,0,200,obj,7481.84,9954.64,5686.36,19482.75,17011.95,23863.31,30409.25,37079.83,43572.84,50065.84,56558.84,63051.84,69544.85,76037.85,82530.85,89023.85,95516.86,102009.86,108502.86,114995.86,121488.87,127981.87,134474.87,140967.87,147460.88,153953.88,160446.88,166939.88,173432.89,179925.89,186418.89,192911.89,199404.9,205897.9,212390.9,218883.9,225376.91,231869.91,238362.91,244855.91,251348.92,257841.92,264334.92,270827.92,277320.93,283813.93,290306.93,296799.93,303292.94,309785.94,316278.94,322771.94,329264.95,335757.95,342250.95,348743.95,355236.96,361729.96,368222.96,374715.96,381208.97,387701.97,394194.97,400687.97,407180.98,413673.98,420166.98,426659.98,433152.99,439645.99,446138.99,452631.99,459125,465618,472111,478604,485097.01,491590.01,498083.01,504576.01,511069.01,517562.02,524055.02,530548.02,537041.02,543534.03,550027.03,556520.03,563013.03,569506.04,575999.04,582492.04,588985.04,595478.05,601971.05,608464.05,614957.05,621450.06,627943.06,634436.06
student_1000_4.csv,4,4,0.9959,100,1028.64,1027.78,23.85,0,12.32,4,0.01,251.4,249.4,249,250.2,obj,2931.59,1685.05,1063.4,1257.55,1243.72,1055.18,1051.43,1008.33,1056.91,1020.76,1028.04,1024.09,1036.37,991.91,1247.21,984.5,1033.63,1049.06,1085,1016.88,1045.4,1019.6,1033.75,1021.09,1057.23,1019.98,1022.99,1029.63,1067.31,1011.84,1028.47,1034.43,1017.13,1030.21,1021.94,1031.02,1029.59,1022.43,1026.03,1027.37,1022.3,1029.91,1030.51,1020.43,1024.49,1024.49,1029.59,1024.84,1030.93,1025.67,1022.06,1022.99,1033.85,1015.63,1030.93,1018.96,1036.87,1021.17,1031.23,1017.15,1026.52,1030.36,1016.29,1031.9,1030.46,1021.28,1024.07,1029.07,1014.64,1040.82,1016.96,1033.34,1022.28,1026.61,1025.01,1025.75,1018.56,1029.94,1026.16,1027.48,1027.05,1023.13,1023.51,1029.84,1020.59,1024.42,1035.52,1018.1,1027.22,1025.77,1031.9,1016.6,1034.7,1016.99,1034.52,1013.52,1038.32,1020.62,1025.78,1027.78
student_1000_4.csv,4,16,0.8646,100,1027.8,1090.25,779.05,0.01,47.32,4,0.01,264.2,246.6,249.4,239.8,obj,3000.72,1839.87,1089.03,1219.41,1246.64,1018.74,1122.72,1006.45,1040.2,984.5,1129.91,1031.2,1147.57,1361.44,1224.44,1059.77,1210.68,1130.21,1064.24,1023.26,1050.1,1040.6,1030.26,1046.57,1020.63,1085.49,1015.41,1085.76,1022.84,1124.2,1032.57,1065.36,1033.55,964.45,987.92,1108.83,1077.66,1017.43,1045.21,1025.85,1045.09,1140.04,1039.09,1036.66,1072.33,1010.5,1019.66,1093.87,1000.4,1193.75,976.47,1084.78,1006.1,1034.64,1039.18,1015.81,1057.35,1008.53,1100.45,1017.69,1144.54,999.13,1068.98,999.79,1162.35,991.35,1193.34,993.53,1263.56,1301.79,1115.56,1018.07,1082.2,999.38,1056.47,1008.85,1057.84,967.32,1117.54,1010.2,1225.93,1259.86,1007.06,1113.24,1046.52,1104.3,987.81,1212.6,1036.72,1021.73,1123.06,1009.42,1232.83,1315.42,1066.27,1013.67,1066.11,1019.34,989.27,1090.25
student_1000_4.csv,4,64,0.8381,100,1051.82,1237.63,17533.45,0,453.28,4,0.01,261.2,244.6,249.6,244.6,obj,3069.79,1601.02,1159.84,1160.76,1040.79,1035.72,1145.49,966.04,1392.8,1439.1,1090.8,1427.88,1056.7,1170.44,1153.63,1018.14,1047.41,1050.09,1157.99,1106.01,959.01,1354.39,1072.18,1100.27,1196.01,1201.05,1072.17,1048.12,1272.86,1023.7,1137.43,1341.52,1214.73,1266.24,1002.86,1159.32,1038.42,1069.12,1163.38,1138.07,1263.7,1048.3,1055.75,1322.07,970.84,1100.58,1083.11,1135.82,1237.07,1179.25,1052.66,1362.75,1045.04,1055.76,1236.1,1000.03,1062.86,1169.52,1143.61,1194.44,1315.46,1323.09,1257.04,1416.4,1075.42,1196.02,1355.1,1295.49,1222.38,1209.4,1518.58,1032.16,1199.95,1197.37,1278.58,1035.46,1284.43,1337.44,1251.45,1117.51,988.2,1593.01,1939.05,1191.79,1041.92,1162.03,988.69,1527.36,1326.8,1080.57,1066.86,1379.11,1377.67,1245.36,1493.75,1074.01,1440.18,1016.44,1287.93,1237.63
student_1000_4.csv,4,256,0.8727,100,1290.41,21322.91,34271.05,0,24981.24,4,0.01,123.2,280.8,284.2,311.8,obj,3604.26,2514,2401.37,3463.15,3438.82,1356.25,1949.3,5810.4,5152.16,1883.53,2252.73,2716.74,7874.94,7380.38,2538.28,2707.03,4232.46,10862.53,9272.04,895.27,5603.32,3022,12807.88,8076.4,4372.49,13765.19,-20.28,21208.8,5689.52,3378.1,17284.97,18329.91,7911.16,-969.21,8029.3,23435.83,10360.29,965.29,9304.76,22207.85,16812.06,-691.37,5136.8,22118.98,20480.32,17683.99,-1311.55,12440.53,27232.85,23950.07,8768.43,3560.36,12451.95,34310.09,14700.42,5927.98,19942.62,13143.21,23580.22,22114.1,3819.94,22254.04,17511.86,27701.73,14595.38,12306.79,19456.08,17939.81,34622.61,16620.18,17117.1,19652,16854.96,33371.32,16043.92,18463.44,18850.76,19843.89,38374.74,18425.61,19483.01,19865.28,24392.19,35354.88,21976.94,20326.41,23632.58,19287,45216.66,19297.37,21718.92,22204.56,27071.58,39475.3,21830.68,23197,25792.34,21516.56,50014.73,21322.91
student_1000_4.csv,4,1024,2.5094,100,2000,1815783.71,1848700.25,0,884287.55,4,0.01,0,0,200,800,obj,4626.16,11902.51,32785.71,41027.51,59516.51,78005.51,96492.48,114979.48,133466.49,151953.49,170440.49,188927.49,207414.5,225901.5,244388.5,262875.5,281362.51,299849.51,318336.51,336823.51,355310.52,373797.52,392284.52,410771.52,429258.53,447745.53,466232.53,484719.53,503206.54,521693.54,540180.54,558667.54,577154.55,595641.55,614128.55,632615.55,651102.56,669589.56,688076.56,706563.56,725050.57,743537.57,762024.57,780511.57,798998.58,817485.58,835972.58,854459.58,872946.59,891433.59,909920.59,928407.59,946894.6,965381.6,983868.6,1002355.6,1020842.61,1039329.61,1057816.61,1076303.61,1094790.62,1113277.62,1131764.62,1150251.62,1168738.63,1187225.63,1205712.63,1224199.63,1242686.64,1261173.64,1279660.64,1298147.64,1316634.65,1335121.65,1353608.65,1372095.65,1390582.66,1409069.66,1427556.66,1446043.66,1464530.67,1483017.67,1501504.67,1519991.67,1538478.68,1556965.68,1575452.68,1593939.68,1612426.69,1630913.69,1649400.69,1667887.69,1686374.7,1704861.7,1723348.7,1741835.7,1760322.71,1778809.71,1797296.71,1815783.71
pricerunner_1000_4.csv,4,4,0.9571,100,1046.31,1029.61,209.05,0,50.03,4,0.01,247.2,250.6,251.8,250.4,obj,1023.05,1058.61,1085.01,1061.93,1100.21,1078.85,1104.34,1086.8,1126.04,1111.31,1143.78,1097.36,1002.4,999.48,988.62,1010.89,995.17,1009.67,1008.85,1040.22,1005.14,1015.13,990.29,1030.36,993.17,1044.92,1033.11,1054.82,1032.17,1035.26,1028.15,1030.75,1039.97,1033.72,1051.3,1016.59,1028.99,1016.08,1070.45,1032.2,1042.02,1023.55,1058.86,1016.08,1038.5,1029.18,1057.62,1029.37,1041.84,1022.07,1044.77,1023.43,1044.84,1029.24,1036.12,1031.75,1035.55,1042,1040.65,1010.14,1033.04,1022.18,1040.54,1038.22,1045.06,1038.16,1047.67,1022.78,1030.23,1036.71,1041.74,1026.34,1040.29,1002.73,1035.8,1034.62,1042.73,1051.12,1043.34,1034.6,1019.41,1045.71,1054.55,1047.34,1036.76,1009.69,1038.05,996.2,1038.47,1040.36,1047.64,1041.39,1049.93,1027.97,1028.14,1028.48,1032.71,1043.11,1050.09,1029.61
pricerunner_1000_4.csv,4,16,0.8306,100,1007.32,1050.15,448.65,0,44.16,4,0.01,244,248,255,253,obj,1023.05,1058.61,1085.01,1061.93,1102.38,1076.84,1110.93,1081.68,1129.99,1109.97,1151.84,1083.46,1005.2,1003.92,984.93,1007.39,1009.28,1010.19,1004.34,1018.97,1003.84,1002.61,1010.05,1018.99,1011.11,1034.36,1043.91,1027.92,1050.35,1054.11,1034.26,1033.23,1026.66,1060.19,1012.05,1023.81,1011.6,1054.32,1033.37,1041,1038.09,1046.05,1027.28,1047.69,1028.44,1020.95,1045.68,1038.13,1037.12,1029.98,1031.18,1034.85,1028.42,1051.46,1038.67,1040.71,1021.79,1027.42,1025.39,1058.29,1022.93,1048.71,1026.8,1050.13,1025.54,1039.54,1035.12,1032.57,1024.83,1046.33,1034.15,1039.87,1037.15,1028.92,1018.62,1049.83,1028.97,1035.35,1040.05,1029.03,1038.75,1027.07,1046.99,1028.29,1045.51,1037.86,1037.09,1033.04,1025.81,1053.02,1018.38,1031.99,1031.18,1045.57,1037.45,1026.03,1034.4,1035.57,1036.82,1050.15
pricerunner_1000_4.csv,4,64,0.8025,100,1020.12,1040.1,152.25,0,23.6,4,0.01,247,248.4,252.2,252.4,obj,1023.09,1058.72,1085.13,1061.1,1106.2,1075.75,1114.21,1080.38,1128.56,1115.27,1132.57,1078.92,1005.97,1004.36,985.48,1004.67,1010.79,1013.01,1001.26,1005.07,1008.38,1013.24,1007.41,1034.02,1021.29,1033.28,1042.98,1040.01,1039.65,1032.1,1035.41,1023.58,1058.92,1051.02,1030.1,1021.3,1016.08,1053.65,1029.88,1041.99,1035.88,1030.77,1034.98,1034.73,1038.65,1037.2,1029.44,1051.22,1012.24,1030.52,1023.63,1059.43,1023.87,1050.35,1028.56,1049.5,1024.54,1030.05,1036.42,1043.21,1034.82,1023.36,1050.48,1023.18,1029.82,1038.31,1041.34,1036.2,1022.79,1043.45,1031.34,1034.36,1040.07,1027.52,1034.03,1031.42,1028.05,1041.54,1042.1,1027.51,1045.26,1021.1,1034.86,1035.08,1043.45,1029.6,1039.03,1024.88,1030.06,1040.13,1044.52,1057.72,1025.83,1030.15,1018.87,1054.42,1024.18,1038.86,1022.37,1040.1
pricerunner_1000_4.csv,4,256,0.7999,100,1058.65,1023.63,170.65,0,26.34,4,0.01,253,250.8,248.2,248,obj,1020.12,1057.17,1082.75,1066.8,1088.4,1090.49,1076.47,1130.27,1081.27,1160.8,1069.1,1112.5,1078.25,1004.27,987.64,1016.96,1026.39,1003.2,1015.33,1004.72,995.5,1030.23,1008.72,1000.76,1047.57,1037.68,1020.13,1056.63,1023.34,1051.41,1014.82,1021.53,1042.22,1030.01,1044.42,1042.3,1038.08,1043.19,1027.28,1026.94,1043.17,1029.62,1030.97,1050.87,1024.2,1025.72,1042.16,1023.85,1045.5,1026.46,1056.42,1028.17,1027.83,1031.96,1027.57,1040.2,1044.11,1029.76,1031.87,1028.61,1017.19,1041.59,1048.52,1032.92,1034.93,1039.16,1033.25,1028.39,1034.12,1022,1041.56,1069.31,1020.29,1049.44,1029.91,1016.07,1048.26,1033.01,1039.7,1029.88,1040,1015.75,1048.15,1036.42,1035.93,1026.54,1050.3,1010.14,1057.64,1028.13,1035.95,1043.8,1026.87,1031.2,1043.37,1039.3,1020.2,1036.27,1010.45,1023.63
pricerunner_1000_4.csv,4,1024,2.5511,100,4000,543067.85,649300.25,0.01,733768.64,4,0.01,600,200,0,200,obj,1009.06,1088.99,1053.61,1115.19,1059.54,1150.73,1050.25,1215.62,1117.27,1381.58,1230.54,1506.96,1474.8,4282.11,3751.8,6710.4,7757.36,13429.27,20723.57,23487.37,30121.58,36613.66,43106.66,49599.66,56092.66,62585.67,69078.67,75571.67,82064.67,88557.68,95050.68,101543.68,108036.68,114529.69,121022.69,127515.69,134008.69,140501.7,146994.7,153487.7,159980.7,166473.71,172966.71,179459.71,185952.71,192445.72,198938.72,205431.72,211924.72,218417.73,224910.73,231403.73,237896.73,244389.74,250882.74,257375.74,263868.74,270361.75,276854.75,283347.75,289840.75,296333.76,302826.76,309319.76,315812.76,322305.77,328798.77,335291.77,341784.77,348277.78,354770.78,361263.78,367756.78,374249.79,380742.79,387235.79,393728.79,400221.8,406714.8,413207.8,419700.8,426193.81,432686.81,439179.81,445672.81,452165.82,458658.82,465151.82,471644.82,478137.83,484630.83,491123.83,497616.83,504109.84,510602.84,517095.84,523588.84,530081.85,536574.85,543067.85
cohort_1000_4.csv,4,4,0.9952,100,1710.77,1712.18,1.85,0,1.37,4,0.01,250,250.2,250.6,249.2,obj,1232.93,1541.3,2181.68,2444.7,2760.42,2856.75,1956.56,1865.95,1834.36,1858.36,1907.14,1953.97,1724.32,1558.63,1601.68,1626.18,1666.73,1724.93,1901.2,1922.24,1964.93,1609.06,1620.88,1649.79,1716.46,1849.71,1883.31,1595.92,1613.83,1645.84,1750.09,1870.38,1911.92,1601.86,1618.5,1646.48,1679.65,1952.14,1600,1624.57,1662.3,1805.14,1855.82,1903.24,1961.5,1594.06,1612.53,1642.77,1727.91,1863.74,1900.68,1593.79,1619.34,1654.05,1790.02,1870.41,1909.42,1681.59,1599.26,1621.5,1648.65,1690.58,1861.74,1899.83,1608.49,1617.76,1649.41,1687.62,1649.34,1705.89,1663.7,1680.09,1827.76,1873.7,1928.92,1636.94,1644.17,1729.02,1717.38,1711.75,1711.98,1712.42,1713.53,1712.09,1711.92,1712.7,1711.23,1713.71,1713.65,1711.17,1712.51,1708.35,1714.99,1713.56,1711.53,1710.07,1712.66,1715.34,1711.74,1712.18
cohort_1000_4.csv,4,16,0.8453,100,1709.99,1704.44,51.85,0,12.95,4,0.01,249.4,247.6,251.6,251.4,obj,1232.93,1541.3,2230.65,2443.84,2791.96,2859.78,1963.13,1925.58,1844.89,1831.72,1887.94,1942.81,1987.29,1750.7,1667.49,1673.41,1719.64,1713.5,1711.38,1715.47,1707.74,1712.46,1714.46,1712.22,1711.26,1723.46,1712.54,1711.05,1714.61,1710.54,1713.16,1714.5,1711.31,1711.22,1713.17,1713.04,1712,1712.02,1716.35,1708.93,1710.5,1714.75,1719.9,1716.19,1709.84,1710.98,1716.18,1709.14,1709.86,1715.2,1712.96,1710.88,1708.21,1706.51,1714.78,1715.11,1711.54,1711.11,1710.44,1714.27,1715.86,1721.14,1710.21,1722.32,1717.31,1710.25,1709.1,1716.03,1710.49,1714.41,1706.8,1710.41,1711.85,1717.62,1709.5,1718.84,1711.61,1715.5,1709.05,1710.96,1717.26,1711.67,1716.57,1713.64,1724.84,1714.35,1710.46,1702.1,1718.94,1709.13,1713.78,1711.79,1707.98,1711,1705.14,1718.82,1716.88,1708.35,1716.55,1704.44
cohort_1000_4.csv,4,64,0.8287,100,1795.78,1791.37,117.45,0,1.56,4,0.01,235.8,246.6,267,250.6,obj,1232.93,1541.3,2384.31,2515.63,2625.02,2894.67,2078.56,2021.41,1921.05,1861.16,1912.95,1921.61,1940.05,1974.53,2004.25,2055.73,1716.26,1758.38,1782.05,1774.27,1751.32,1801.46,1814.74,1784.39,1745.47,1771.33,1825.58,1768.77,1777.96,1769.77,1722.3,1757.86,1748.32,1713.95,1724.63,1732.75,1771.36,1789.87,1833.88,1795.92,1561.24,1785.73,1754.65,1734.63,1752.99,1793.13,1906.33,1669.15,1531.67,1912.77,1822.76,1929.01,2044.45,1649.63,1571.83,1596.98,1560.4,1740.88,1892.41,1891.71,1655.85,1642.23,1604.41,1925.87,1884.29,2008.88,2001.61,1503.27,1540.16,1633.56,1588.78,2002.34,1922.13,1986.33,1990.94,1496.53,1576.47,1631.04,1654.54,2003.77,1937.43,1931.99,2010.23,1578.34,1552.79,1695.21,1721.96,1694.71,1676.48,1766.94,1750.75,1704.46,1739.23,1804.03,1752.54,1746.24,1696.84,1837.11,1781.8,1791.37
cohort_1000_4.csv,4,256,0.8791,100,1527.91,43327.77,49905.05,0.11,94217.89,4,0.01,348.8,224.6,227.4,199.2,obj,1232.93,1541.3,2986.27,1889.63,3874.83,3676.31,2806.12,2038.9,2189.48,2448.36,2516,2338.21,1610.49,1832.06,1979.61,1763.54,2162.77,4186.8,4044.19,3713.91,5934.95,4945.55,7576.81,6093.49,8810.94,7230.01,12659.38,11822.15,7515.85,15946.29,9125.88,17850.74,10116.86,19841.37,11107.84,19616.82,17671.75,13164.08,21051,15356.03,15883.36,28654.66,15074.73,29375.97,16065.71,31366.6,17056.69,33357.23,18047.67,33124.86,28272.34,20514.34,32809.75,23453.5,23980.82,42879.17,22014.03,42965.36,23005.02,44955.98,23996,44025.25,37331.57,26811.85,42853.05,30385.89,44494.91,31533.83,44323.6,32670.35,47729.58,33818.29,57408.66,45610.85,32582.05,52026.37,36732.89,53668.23,37880.83,53150.84,39017.34,69285.48,34901.39,68193.09,35892.37,65860.69,59615.35,32987.78,73485.38,38370.42,70454.11,59278.65,42036.27,67195.56,47155.75,47683.07,84460.04,42336.79,82692.95,43327.77
cohort_1000_4.csv,4,1024,2.52,100,3000,631524.45,649300.25,0,871699.53,4,0.01,0,400,400,200,obj,1232.93,1541.3,30066.22,8198.88,14689.21,21182.22,27675.22,34168.22,40661.22,47154.23,53647.23,60140.23,66633.23,73126.24,79619.24,86112.24,92605.24,99098.25,105591.25,112084.25,118577.25,125070.26,131563.26,138056.26,144549.26,151042.27,157535.27,164028.27,170521.27,177014.28,183507.28,190000.28,196493.28,202986.29,209479.29,215972.29,222465.29,228958.3,235451.3,241944.3,248437.3,254930.31,261423.31,267916.31,274409.31,280902.32,287395.32,293888.32,300381.32,306874.33,313367.33,319860.33,326353.33,332846.34,339339.34,345832.34,352325.34,358818.35,365311.35,371804.35,378297.35,384790.36,391283.36,397776.36,404269.36,410762.37,417255.37,423748.37,430241.37,436734.38,443227.38,449720.38,456213.38,462706.39,469199.39,475692.39,482185.39,488678.4,495171.4,501664.4,508157.4,514650.41,521143.41,527636.41,534129.41,540622.42,547115.42,553608.42,560101.42,566594.43,573087.43,579580.43,586073.43,592566.44,599059.44,605552.44,612045.44,618538.45,625031.45,631524.45
diabeteshealthindicators1_1000_4.csv,4,4,1.0052,100,17115.13,17112.66,3.05,0,2.66,4,0.01,250,250,249.4,250.6,obj,18387.18,18776.41,18840.19,17306.47,17689.14,17999.49,17291.39,17195.66,17149.41,17141.99,17130.75,17124.72,17126.57,17119.77,17117.97,17115.05,17116.7,17119.61,17117.58,17119.29,17117.96,17118.65,17119.24,17116.4,17116.34,17114.46,17112.47,17115.36,17112.93,17114.65,17112.57,17113.37,17115.45,17112.98,17116.43,17113.05,17114.2,17113.29,17114.81,17115.12,17114.39,17116.2,17112.67,17114.29,17114.45,17113.59,17114.59,17113.41,17115.62,17113.05,17116.18,17111.92,17115.5,17113.01,17115.82,17114.99,17114.97,17114.88,17113.05,17114.17,17114.31,17113.03,17115.01,17115.81,17113.81,17113.79,17114.36,17112.66,17115.76,17112.28,17115.82,17114.99,17114.63,17113.88,17114.29,17112.66,17115.76,17112.28,17115.82,17114.99,17114.63,17113.88,17114.29,17112.66,17115.76,17112.28,17115.82,17114.99,17114.63,17113.88,17114.29,17112.66,17115.76,17112.28,17115.82,17114.99,17114.63,17113.88,17114.29,17112.66
diabeteshealthindicators1_1000_4.csv,4,16,0.8733,100,17113.54,17115.18,1.05,0.01,2.06,4,0.01,250.2,250.2,250,249.6,obj,18390.11,18662.95,18843.48,17276.99,17553.24,17949.92,17309.17,17184.11,17157.22,17129.81,17120.69,17120.13,17124.35,17119.58,17118.78,17118.3,17119.43,17122.74,17122.15,17121.05,17120.18,17117.11,17118.41,17120.51,17120.42,17116.19,17114.69,17116.05,17116.44,17115.52,17114.57,17117.07,17112.13,17117.15,17112.81,17117.3,17111.84,17117.05,17115.6,17116.75,17113.05,17116.68,17113.31,17115.59,17113.82,17116.76,17115.23,17116.58,17113.86,17115.93,17114.14,17114.39,17114.63,17116.08,17114.64,17116.92,17113.89,17116.8,17114.48,17114.55,17112.36,17116.62,17115.31,17119.65,17113.52,17114.13,17112.53,17114.76,17113.17,17113.52,17115.12,17115.9,17112.15,17115.9,17113.09,17114.75,17112.87,17115.2,17112.54,17117.86,17112.15,17115.9,17112.37,17115.18,17113.18,17113.68,17115.72,17115.47,17112.58,17115.48,17112.79,17115.6,17112.45,17116.1,17113.32,17115.63,17112.89,17115.9,17112.37,17115.18
diabeteshealthindicators1_1000_4.csv,4,64,0.8364,100,17117.07,17118.52,3.45,0,6.9,4,0.01,250,250.8,249.6,249.6,obj,18367.59,18636.77,18824.73,17613.4,17606.83,18067.02,17339.23,17189.25,17175.98,17158.22,17145.89,17140.22,17147.49,17142.41,17129.24,17129.01,17125.7,17122.52,17123.52,17123.4,17124.92,17124.92,17123,17122.71,17118.9,17121.06,17117.89,17117.73,17118.38,17118.82,17118.21,17119.75,17117.82,17118.42,17118.9,17118.42,17117.34,17119.32,17118.43,17119.36,17117.35,17119.53,17117.73,17120.09,17116.99,17118.68,17117.9,17119.91,17117.79,17119.23,17118.49,17118.59,17118.8,17117.17,17118.28,17118.75,17114.7,17117.34,17115.02,17116.65,17116.58,17117.71,17116.74,17121.64,17118.5,17119.87,17119.52,17118.02,17120.29,17118.04,17117.7,17120.09,17116.94,17119.95,17117.58,17120.1,17117.4,17119.31,17117.19,17119.64,17117.11,17119.14,17118.23,17119.02,17118.78,17117.44,17118.57,17119.49,17118.36,17118.48,17119.39,17118.23,17119.28,17117.38,17118.74,17118.68,17117.66,17118.46,17119.54,17118.52
diabeteshealthindicators1_1000_4.csv,4,256,0.8378,100,17116.56,17113.29,2.65,0.01,3.28,4,0.01,249.6,250.2,249.8,250.4,obj,18424.64,18363.55,18922.94,17840.1,17607.03,17911.64,17371.06,17274.68,17243.51,17195.08,17193.3,17169.28,17152.75,17142.23,17126.55,17115.26,17111.26,17114.29,17110.89,17114.31,17112.18,17116.32,17113.15,17115.28,17113.93,17116.41,17113.73,17113.97,17115.49,17115.69,17112.53,17113.33,17112.89,17115.42,17113.3,17114.31,17113.29,17114.41,17113.7,17113.84,17113.53,17114.88,17113.29,17115.45,17112.95,17114.28,17114.48,17114.04,17115.14,17113.53,17115.23,17112.62,17115.47,17112.83,17115.27,17113.37,17115.55,17113.8,17115.21,17113.3,17114.9,17113.74,17115.44,17113.08,17115.06,17114.04,17114.85,17113.81,17114.25,17114.47,17114.64,17113.97,17114.93,17114.22,17114.99,17113.29,17114.25,17113.67,17115.07,17112.67,17115.48,17113.8,17115.21,17113.3,17114.9,17113.74,17115.44,17113.08,17115.06,17114.04,17114.85,17113.81,17114.25,17114.47,17114.64,17113.97,17114.93,17114.22,17114.99,17113.29
diabeteshealthindicators1_1000_4.csv,4,1024,2.8585,100,18320.01,102747.98,235567.45,0.01,164858.14,4,0.01,246.8,86.6,230.6,436,obj,18469.58,19087.88,20061.37,19987.05,20454.92,21546.7,21401.15,19855.75,21573.27,20522.71,22308.58,21457.73,23519.32,22121.02,28196.89,22324.84,26124.89,24480.09,28180.31,24474.63,29669.76,24925.58,32574.59,25060.33,34273.06,24112.35,34979.96,36243.98,38040.01,36417.64,41319.14,37836.51,43696.45,39070.25,46286.37,39833.51,49740.91,40879.03,52143.67,42426.71,54449.13,44302.5,56428.7,46180.6,58468.62,48067.56,60750.48,50084.14,62622.24,51897.75,64677.28,53950.36,66528.18,55897.76,68608.5,58026.24,70470.84,59949.81,72534.92,62093.41,74368.2,64004.05,76451.87,66148.31,78288.54,68067.31,80379.97,70213.29,82212.19,72115.01,84307.95,74284.28,86130,76168.77,88240.9,78339.94,90050.95,80226.52,92162.4,82402.75,93970.71,84282.61,96090.36,86466.84,97876.47,88340.38,100011.51,90534.22,101796.28,92401.78,103937.41,94605.03,105704.47,96482.47,107853.99,98687.43,109631.4,100518.41,111776.71,102747.98
NHANES_1000_4.csv,4,4,0.9572,100,6112.3,6109.57,14.25,0.01,18.05,4,0.01,249.8,250.4,249.6,250.2,obj,8859.45,9193.81,9271.01,9403.38,6444.53,5961.18,6052.17,6154.52,6226.25,6111.5,6091.57,6141.49,6176.24,6217.99,6153.16,6137.24,6156.05,6168.28,6107.25,6129.32,6121.17,6126.55,6116.83,6119.3,6106.54,6116.29,6113.75,6113.54,6107.89,6111.43,6112.25,6110.15,6109.82,6108.18,6108.28,6112.84,6120.31,6104.2,6108.22,6110.43,6109.32,6109.65,6108.85,6114.93,6107.37,6112.46,6106.59,6110.54,6108.31,6114.47,6107.23,6115.93,6109.98,6110.17,6107.67,6110.39,6109.84,6112.45,6107.41,6111.9,6109.36,6110.79,6113.04,6105.93,6113.5,6105.09,6112.73,6109.45,6119.46,6104.09,6109.19,6108.56,6114.89,6105.69,6114.67,6109.53,6109.8,6110.98,6111.19,6107.88,6111.72,6109.95,6109.79,6107.99,6119.43,6101.05,6114.34,6107.97,6112.67,6106.32,6115.77,6107.98,6110.11,6111.81,6106.4,6110.48,6109.63,6110.01,6113.8,6109.57
NHANES_1000_4.csv,4,16,0.8323,100,6115.88,6106.56,14.65,0,18.37,4,0.01,251,250.2,250,248.8,obj,8857.92,9222.27,9237.59,9440.73,6499.36,5805.84,6055.08,6026.87,6030.71,6109.42,6149.37,6118.34,6120.79,6113.51,6115.11,6110.96,6114.75,6121.88,6107.88,6111.67,6111.26,6108.43,6111.75,6118.08,6105.27,6115.38,6106.67,6109.68,6108.39,6111.56,6106.71,6110.52,6111.12,6109.03,6109.24,6112.69,6109.51,6110.08,6111.97,6107.69,6114.07,6111.01,6112.49,6100.98,6112.28,6112.58,6108.23,6112.7,6109.04,6115.19,6100.68,6117.19,6106.62,6116.8,6101.4,6116.06,6104.65,6118.83,6106.4,6110.88,6108.71,6115.68,6105.53,6110.51,6108.94,6108.07,6115.35,6103.22,6122.68,6100.25,6112.92,6110.93,6112.72,6103.93,6115.93,6107.06,6115.18,6106,6111.81,6102.79,6119.35,6106.86,6113.66,6105.59,6119.04,6101.66,6110.35,6112.85,6112.09,6110,6109.96,6108.59,6110.44,6114.45,6107.69,6107.62,6110.48,6107.96,6114.98,6106.56
NHANES_1000_4.csv,4,64,0.8016,100,6103.41,6100.99,9.45,0,11.99,4,0.01,248.8,250.2,251.6,249.4,obj,8836.22,9272.35,9936.8,9947.97,6957.25,6213.87,5981.96,6022.47,6026.44,6204.34,6143.59,6154.12,6145.05,6103.37,6067.09,6072.21,6071.72,6106.9,6091.55,6089.93,6097,6094.73,6104.01,6099.51,6102.2,6102.05,6095.86,6106.88,6107.72,6105.19,6099.42,6097.95,6103.87,6108.54,6105.41,6100.77,6100.15,6106.55,6100.85,6107.33,6099.87,6103.17,6103.35,6104.1,6107.46,6102.03,6101.8,6099.13,6104.88,6109.94,6101.27,6098.15,6099.49,6112.57,6101.78,6101.29,6103.95,6102.51,6101.01,6106.65,6103.37,6103.18,6097.02,6108.4,6103.38,6105.48,6106.42,6099.6,6102.63,6103.35,6101.08,6106.49,6104.09,6099.14,6103.38,6102.54,6105.17,6108.38,6100.86,6103.1,6103.23,6105.52,6102.17,6099.97,6104.78,6105.37,6099.92,6100.12,6104.92,6108.75,6100.65,6106.23,6101.34,6102.08,6105.08,6104.74,6102.46,6102.87,6102.62,6100.99
NHANES_1000_4.csv,4,256,0.8117,100,6364.77,11883.66,15783.45,0.01,11856.59,4,0.01,267.6,266.6,176.6,289.2,obj,8828.62,9366.32,10762.55,9750.41,8199.14,6411.51,6926.82,7065.53,6391.2,6540.72,6749.59,7161.86,6800.65,6642.1,6978.04,7119.87,6957.95,7078.27,7091.96,7403.29,7196.57,7272.12,7314.64,7566.14,7469.73,7478.87,7526.12,7808.87,7667.23,7696.54,7754,7998.87,7903.31,7907.42,7993.16,8221.86,8116.69,8139.18,8177.74,8479.2,8315.03,8359.71,8422.09,8677.07,8538.5,8604.86,8617.46,8899.19,8778.41,8773.75,8894.56,9096.2,9010.36,9015.65,9055.3,9373.8,9189.22,9278.08,9271.58,9582.27,9450.55,9461.19,9490.32,9863.09,9629.72,9686.48,9751.47,10003.05,9930.17,9859.66,9968.86,10267.68,10067.41,10170.56,10147.14,10544.1,10282.11,10351.06,10416.16,10720.81,10504.06,10621.91,10585.7,10938.33,10776.3,10733.63,10916.94,11102.07,10998.19,11010.33,11024.77,11434.51,11169.51,11285.07,11247.34,11598.76,11444.47,11451.46,11465.1,11883.66
NHANES_1000_4.csv,4,1024,2.5979,100,8437.87,927536.33,999200.25,0.1,1044284.55,4,0.01,46,444.8,59.2,450,obj,8841.75,18788.22,10788.83,12248.05,12685.66,17770.17,21024.19,27933.74,34438.12,40240.7,47269.95,49578.22,68655.68,56341.22,62552.29,88237.96,98166.37,108198.41,118146.01,128179.73,138131.88,148161.88,158118.09,168144.52,178099.31,188128.18,198084.45,208112.18,218068.15,228096.19,238052.16,248080.19,258036.17,268064.19,278018.8,288048.2,298004.17,308032.2,317985.55,328016.55,337970.31,348000.55,357954.32,367984.56,377940.18,387968.22,397924.69,407952.22,417908.19,427936.23,437890.93,447920.23,457876.2,467904.23,477858.94,487888.24,497844.21,507872.24,517826.95,527856.25,537812.22,547840.25,557794.95,567824.25,577780.22,587808.26,597762.96,607792.26,617748.23,627776.27,637730.97,647760.27,657716.24,667744.27,677698.98,687728.28,697684.25,707712.28,717666.99,727696.29,737652.26,747680.29,757634.99,767664.29,777620.26,787648.3,797603,807632.3,817588.27,827616.31,837571.01,847600.31,857556.28,867584.31,877539.02,887568.32,897524.29,907552.32,917507.03,927536.33
athlete_1000_4.csv,4,4, 0.9730,100.00,1614.83,1623.29,26.65,0.02,15.08,4.00,0.010000,250.60,247.60,251.80,250.00,obj,1517.10,1592.27,1632.42,1695.20,1736.27,1645.61,1635.95,1623.33,1623.26,1626.90,1625.86,1624.68,1623.50,1628.77,1623.98,1623.56,1628.80,1623.65,1624.27,1628.28,1623.30,1624.25,1627.71,1624.69,1623.79,1625.95,1627.19,1622.03,1628.30,1623.34,1623.91,1629.42,1621.87,1626.55,1625.28,1623.99,1624.60,1627.49,1624.10,1624.79,1627.79,1624.05,1623.14,1628.79,1624.07,1622.77,1629.51,1623.24,1623.93,1628.52,1623.46,1623.20,1629.33,1622.28,1623.70,1629.83,1623.86,1628.01,1623.44,1624.00,1627.98,1625.08,1622.84,1628.87,1623.98,1622.79,1629.37,1622.67,1623.69,1629.91,1623.85,1628.07,1622.70,1624.31,1628.44,1623.78,1623.22,1628.93,1623.20,1623.99,1629.55,1621.82,1625.71,1626.11,1625.69,1623.84,1627.52,1624.62,1627.48,1623.39,1624.00,1627.97,1624.00,1623.48,1629.15,1623.41,1623.57,1629.05,1623.11,1623.29
athlete_1000_4.csv,4,16, 0.9018,100.00,1613.01,1624.57,51.45,0.09,17.05,4.00,0.010000,250.00,247.20,252.00,250.80,obj,1517.26,1592.01,1632.42,1695.20,1736.27,1646.73,1635.55,1623.41,1623.88,1626.01,1626.81,1623.76,1623.34,1629.71,1622.47,1623.64,1629.74,1622.25,1623.69,1629.80,1623.89,1628.92,1622.63,1622.53,1629.22,1623.30,1623.25,1629.66,1622.45,1624.40,1629.00,1624.79,1624.03,1627.31,1622.85,1629.57,1622.67,1624.35,1629.00,1622.83,1623.79,1629.21,1624.98,1624.80,1623.19,1629.27,1623.86,1623.24,1629.53,1622.95,1623.63,1629.29,1622.47,1624.34,1629.12,1624.73,1624.12,1627.25,1622.91,1629.61,1622.64,1624.34,1629.04,1622.85,1623.71,1629.33,1625.00,1624.77,1623.23,1629.34,1623.78,1623.30,1629.55,1622.94,1623.62,1629.33,1622.48,1624.29,1629.23,1624.68,1624.21,1627.20,1622.98,1629.66,1622.61,1624.33,1629.09,1622.87,1623.63,1629.39,1625.70,1623.46,1626.64,1625.69,1623.14,1628.18,1623.98,1623.79,1628.13,1624.57
athlete_1000_4.csv,4,64, 1.0320,100.00,1636.23,1637.21,19.85,0.02,9.34,4.00,0.010000,251.00,253.20,246.80,249.00,obj,1517.07,1596.76,1630.90,1699.81,1724.93,1647.70,1636.54,1623.93,1629.53,1622.81,1626.34,1626.67,1616.89,1635.22,1628.24,1611.29,1640.16,1619.60,1613.96,1640.81,1619.39,1617.56,1636.88,1620.65,1622.10,1628.11,1623.10,1633.35,1616.48,1622.87,1640.09,1613.74,1631.27,1623.15,1614.28,1639.40,1623.36,1614.23,1641.60,1620.58,1613.16,1641.15,1620.52,1614.58,1638.83,1623.86,1614.19,1638.12,1624.36,1616.43,1634.68,1627.44,1612.69,1638.14,1624.80,1611.62,1641.29,1618.84,1615.70,1637.74,1619.02,1617.10,1638.73,1625.42,1616.90,1632.06,1623.50,1628.89,1624.01,1622.70,1630.33,1624.15,1629.18,1618.76,1624.48,1628.96,1623.24,1625.44,1628.94,1621.20,1618.31,1640.49,1620.59,1613.77,1639.94,1621.99,1614.05,1639.59,1625.24,1616.38,1633.47,1628.64,1612.44,1638.32,1624.55,1612.46,1639.37,1618.11,1618.07,1637.21
athlete_1000_4.csv,4,256, 1.0429,100.00,1632.73,1640.46,45.45,0.09,13.84,4.00,0.010000,251.20,252.20,248.80,247.80,obj,1522.55,1585.61,1636.94,1697.90,1709.74,1645.18,1653.05,1629.19,1624.52,1621.29,1625.97,1623.65,1625.71,1628.85,1624.90,1623.27,1629.26,1623.71,1627.93,1621.58,1616.32,1638.86,1622.27,1628.23,1624.38,1623.48,1624.88,1626.22,1629.64,1623.28,1612.81,1642.52,1611.54,1640.88,1615.72,1630.74,1615.93,1626.97,1626.88,1631.10,1622.30,1625.89,1616.33,1635.01,1618.49,1630.77,1619.85,1632.63,1621.37,1635.50,1612.64,1640.67,1612.65,1624.93,1637.64,1612.76,1625.89,1632.96,1619.44,1629.44,1621.35,1629.94,1616.17,1635.10,1620.14,1632.84,1626.70,1610.57,1636.89,1620.77,1623.15,1625.86,1625.96,1623.06,1633.21,1621.28,1632.78,1612.79,1639.96,1620.39,1619.84,1623.18,1627.25,1626.17,1631.55,1623.00,1621.90,1625.69,1622.31,1631.06,1624.15,1622.34,1629.85,1622.36,1634.54,1627.79,1615.43,1623.33,1628.23,1640.46
athlete_1000_4.csv,4,1024, 3.4524,100.00,3593.95,131609.79,570626.65,0.08,168592.33,4.00,0.010000,210.40,10.40,579.20,200.00,obj,1578.38,1774.75,1803.93,2060.16,2147.08,1816.58,1702.95,1848.86,1890.45,1915.47,1941.43,2019.11,2135.72,1973.05,1965.29,2061.84,2291.72,2173.53,2347.84,2209.44,2090.37,2276.74,2623.62,2342.61,2208.04,2410.98,2452.13,2360.27,2532.47,2457.74,2573.06,2840.07,3158.71,2360.28,2428.92,2918.48,3140.22,2658.35,2703.21,2904.37,3125.29,3285.28,4887.63,3162.93,4483.61,4718.02,7908.12,6850.78,10318.55,10125.61,19483.57,16240.29,21414.70,15433.75,24889.51,14939.54,31741.03,28652.04,36989.22,33897.86,41584.87,36878.45,46022.33,39964.01,50909.84,45632.93,56173.58,52010.91,61345.37,57188.81,66269.95,61809.06,71194.29,66739.73,76184.30,71729.73,81174.30,76719.74,86164.31,81709.74,91154.31,86699.75,96144.32,91689.75,101134.32,96679.76,106124.33,101669.76,111114.33,106659.77,116104.34,111649.77,121094.34,116639.78,126084.35,121629.78,131074.35,126619.79,136064.36,131609.79
census_1000_4.csv,4,4, 1.1330,100.00,3525.92,3528.52,33.45,0.05,29.94,4.00,0.010000,249.60,249.60,249.00,251.80,obj,4697.97,3891.82,3768.82,3765.66,3897.18,3953.14,4000.90,3636.20,3559.18,3587.21,3551.28,3533.53,3538.22,3529.17,3533.41,3530.56,3531.88,3529.39,3529.42,3526.94,3529.31,3527.17,3528.69,3528.50,3525.52,3532.07,3527.60,3526.84,3528.38,3528.85,3527.74,3529.58,3527.44,3527.15,3528.53,3528.90,3529.33,3526.51,3529.27,3528.26,3526.30,3530.42,3528.15,3529.40,3526.47,3528.11,3529.26,3526.01,3530.37,3526.63,3529.18,3526.81,3529.49,3526.67,3529.55,3526.80,3529.73,3526.77,3528.29,3526.71,3530.51,3527.69,3526.67,3529.28,3528.21,3527.41,3530.00,3525.97,3529.27,3527.21,3529.75,3527.60,3527.91,3526.78,3529.51,3525.89,3530.49,3527.28,3527.85,3526.82,3529.49,3525.73,3532.17,3525.09,3531.01,3525.75,3528.87,3527.51,3529.06,3527.26,3527.56,3529.62,3527.72,3527.73,3526.03,3530.12,3528.22,3529.66,3526.24,3528.52
census_1000_4.csv,4,16, 1.1013,100.00,3527.68,3530.06,9.85,0.03,33.60,4.00,0.010000,249.60,251.80,249.80,248.80,obj,4701.64,3894.62,3774.22,3761.25,3900.88,3990.43,4002.70,3653.75,3580.35,3557.18,3553.18,3538.96,3533.24,3533.63,3532.94,3532.78,3530.82,3533.54,3524.85,3530.13,3527.44,3531.92,3526.01,3529.41,3526.97,3529.81,3527.31,3528.55,3528.76,3528.99,3527.14,3529.45,3526.43,3529.94,3525.63,3529.79,3527.64,3529.09,3526.95,3529.73,3528.43,3527.39,3529.30,3528.72,3525.54,3531.14,3525.74,3529.95,3525.42,3531.32,3526.84,3528.56,3527.92,3529.12,3527.57,3527.65,3529.28,3527.15,3528.85,3528.06,3529.52,3526.63,3529.21,3526.54,3531.47,3526.89,3526.83,3528.67,3528.26,3526.11,3530.52,3527.11,3529.80,3526.40,3528.91,3529.01,3525.70,3532.47,3523.91,3530.80,3528.47,3528.37,3527.53,3527.89,3529.90,3526.95,3529.92,3526.03,3530.47,3528.07,3526.98,3528.49,3527.09,3527.55,3528.62,3527.29,3529.61,3526.53,3528.53,3530.06
census_1000_4.csv,4,64, 1.0113,100.00,3518.56,3522.79,23.05,0.15,12.63,4.00,0.010000,250.00,250.60,250.40,249.00,obj,4726.20,3899.15,3845.14,3796.54,3942.92,4138.43,4041.94,3661.29,3632.56,3663.98,3611.26,3588.42,3581.99,3567.92,3550.74,3534.84,3532.53,3529.37,3520.90,3518.84,3520.33,3519.13,3522.36,3521.31,3519.42,3521.88,3521.53,3520.97,3521.21,3522.81,3518.82,3523.60,3519.39,3522.45,3519.28,3522.33,3519.99,3523.20,3520.88,3523.08,3517.56,3524.63,3519.21,3524.02,3519.13,3523.00,3520.02,3522.29,3519.74,3523.64,3519.94,3521.58,3519.45,3524.01,3519.31,3523.06,3519.94,3520.89,3521.41,3522.41,3520.36,3520.83,3521.85,3522.13,3522.19,3521.08,3519.62,3522.43,3519.59,3523.27,3521.96,3522.24,3518.41,3523.06,3520.62,3522.73,3518.63,3522.54,3520.11,3523.12,3520.55,3521.21,3520.47,3521.67,3520.16,3525.09,3518.75,3522.63,3519.54,3522.60,3519.58,3522.84,3519.77,3521.76,3520.21,3525.24,3517.82,3523.55,3518.23,3522.79
census_1000_4.csv,4,256, 0.8520,100.00,3738.71,3892.00,6452.25,0.01,309.58,4.00,0.010000,262.60,233.40,252.80,251.20,obj,4793.88,3910.45,4035.97,4800.69,4875.37,4114.00,3965.61,3944.04,4377.44,4653.87,4140.02,4058.54,3845.84,3977.15,3946.57,3981.22,3871.44,3762.83,3855.46,3943.08,3968.90,3873.30,3700.94,3931.97,3922.15,3939.36,3830.30,3751.52,3898.81,3885.14,3917.94,3827.77,3742.61,3888.77,3886.49,3902.30,3840.42,3742.48,3885.97,3876.03,3926.00,3849.07,3733.31,3878.27,3875.05,3930.42,3842.39,3732.90,3857.93,3882.80,3935.74,3839.27,3719.64,3880.92,3895.05,3929.55,3837.86,3722.45,3892.49,3893.47,3924.49,3814.70,3731.45,3892.92,3889.35,3903.66,3846.74,3746.38,3881.41,3878.35,3915.74,3844.05,3742.95,3886.00,3864.35,3930.32,3851.88,3739.17,3856.62,3899.14,3940.79,3844.16,3711.56,3884.34,3889.88,3925.63,3836.04,3726.97,3887.67,3887.52,3926.69,3812.59,3739.03,3895.35,3884.15,3917.44,3824.05,3743.93,3890.69,3892.00
census_1000_4.csv,4,1024, 2.6025,100.00,5000.00,619882.12,649300.25,0.01,845912.84,4.00,0.010000,200.00,200.00,400.00,200.00,obj,6539.27,16596.19,4612.18,7372.92,21516.14,6864.58,15716.58,22525.89,29018.90,35511.90,42004.90,48497.90,54990.91,61483.91,67976.91,74469.91,80962.92,87455.92,93948.92,100441.92,106934.93,113427.93,119920.93,126413.93,132906.94,139399.94,145892.94,152385.94,158878.95,165371.95,171864.95,178357.95,184850.96,191343.96,197836.96,204329.96,210822.97,217315.97,223808.97,230301.97,236794.98,243287.98,249780.98,256273.98,262766.99,269259.99,275752.99,282245.99,288739.00,295232.00,301725.00,308218.00,314711.01,321204.01,327697.01,334190.01,340683.02,347176.02,353669.02,360162.02,366655.03,373148.03,379641.03,386134.03,392627.04,399120.04,405613.04,412106.04,418599.05,425092.05,431585.05,438078.05,444571.06,451064.06,457557.06,464050.06,470543.07,477036.07,483529.07,490022.07,496515.08,503008.08,509501.08,515994.08,522487.09,528980.09,535473.09,541966.09,548459.10,554952.10,561445.10,567938.10,574431.11,580924.11,587417.11,593910.11,600403.12,606896.12,613389.12,619882.12
Spanish_1000_4.csv,4,4, 1.1209,100.00,3051.25,3049.92,25.45,0.07,3.75,4.00,0.010000,249.80,251.00,250.20,249.00,obj,4376.42,4317.04,4665.24,3238.94,3747.93,3366.94,3190.23,3111.91,3088.75,3058.49,3049.64,3053.67,3049.03,3050.30,3051.48,3052.12,3051.08,3052.35,3049.89,3052.08,3051.54,3050.85,3051.30,3052.80,3054.80,3051.06,3053.16,3047.40,3052.50,3050.18,3051.57,3051.13,3049.38,3048.58,3049.34,3049.59,3054.70,3052.27,3052.69,3054.06,3051.61,3054.52,3054.28,3046.23,3049.23,3052.70,3049.09,3048.82,3048.18,3051.46,3057.99,3053.23,3051.57,3052.88,3052.09,3048.70,3051.30,3051.29,3050.17,3051.73,3053.25,3052.07,3054.42,3051.45,3050.01,3054.17,3049.65,3051.10,3054.85,3053.25,3046.25,3048.42,3054.54,3053.67,3054.31,3052.13,3049.62,3050.22,3049.16,3050.74,3053.36,3051.92,3046.23,3058.29,3050.37,3049.66,3051.77,3055.07,3050.85,3047.92,3049.82,3052.72,3053.54,3053.06,3047.72,3053.95,3048.74,3058.48,3047.16,3049.92
Spanish_1000_4.csv,4,16, 0.9321,100.00,3052.68,3056.40,86.25,0.04,11.18,4.00,0.010000,253.80,247.80,251.40,247.00,obj,4472.44,4306.02,4649.77,3228.03,3683.35,3341.00,3171.64,3091.23,3069.51,3054.92,3054.78,3058.18,3052.52,3050.93,3056.56,3056.48,3056.02,3059.02,3060.89,3058.52,3055.11,3056.34,3056.30,3059.44,3053.63,3056.11,3055.49,3058.31,3061.15,3052.02,3055.18,3056.28,3056.19,3058.42,3051.99,3054.20,3053.81,3055.58,3054.49,3055.32,3058.06,3058.41,3058.21,3056.75,3055.12,3055.51,3053.09,3056.28,3055.22,3057.51,3054.29,3060.37,3055.30,3056.91,3055.20,3054.68,3055.35,3055.79,3056.58,3053.09,3054.01,3057.64,3057.04,3057.22,3059.53,3056.67,3056.38,3054.38,3055.63,3054.85,3051.95,3055.25,3055.91,3055.65,3055.15,3053.34,3055.68,3053.92,3054.97,3055.28,3060.20,3058.16,3058.36,3054.11,3057.93,3052.90,3054.03,3054.74,3054.10,3055.12,3052.79,3054.19,3056.48,3060.06,3058.02,3056.29,3056.84,3055.61,3051.14,3056.40
Spanish_1000_4.csv,4,64, 0.9837,100.00,3055.06,3054.35,131.85,0.04,13.41,4.00,0.010000,253.00,248.00,251.20,247.80,obj,4665.19,4269.01,4581.66,3284.52,3820.03,3515.99,3428.65,3215.96,3148.47,3060.82,3046.92,3046.27,3051.30,3054.21,3053.97,3057.59,3054.65,3055.60,3055.93,3053.54,3053.65,3056.95,3055.51,3059.80,3057.92,3057.37,3057.33,3056.60,3054.39,3057.89,3055.57,3053.50,3051.14,3056.09,3054.18,3056.24,3058.32,3055.53,3058.70,3058.47,3058.15,3054.64,3057.13,3058.44,3052.57,3055.37,3053.99,3055.06,3055.23,3053.72,3060.75,3056.46,3058.50,3060.06,3052.83,3053.38,3054.93,3055.92,3056.36,3057.18,3056.41,3055.01,3054.31,3056.63,3057.63,3056.67,3057.86,3057.40,3056.44,3058.64,3052.94,3058.16,3054.81,3053.75,3054.43,3055.28,3056.10,3054.48,3056.54,3056.47,3061.53,3057.54,3052.64,3057.75,3056.71,3055.65,3055.27,3056.55,3054.43,3055.01,3054.28,3056.32,3054.47,3059.91,3059.35,3057.44,3055.07,3055.00,3056.16,3054.35
Spanish_1000_4.csv,4,256, 0.9622,100.00,3268.25,-2533.73,7204.65,0.03,12549.92,4.00,0.010000,282.20,287.40,197.80,232.60,obj,4981.40,4312.14,4851.24,5589.43,4139.24,4130.91,3983.15,4058.99,4760.73,4500.27,3776.54,3943.57,4049.41,4640.11,4707.21,3533.45,3495.77,3606.48,6243.81,4617.23,2631.77,3644.81,7124.36,4841.75,2371.19,3219.94,6800.48,7107.24,5032.47,1920.26,3010.49,7158.48,7289.93,5640.57,1652.07,3358.65,8028.92,6840.02,6335.74,1481.54,3142.92,8676.21,8523.75,6250.05,1066.56,3315.57,9717.69,7762.89,7075.51,937.82,3155.95,9923.69,10100.53,7198.66,379.94,3075.39,10710.80,9690.16,7756.10,389.27,3049.85,11366.38,10433.66,8193.89,-31.12,3067.29,12094.15,10977.97,8598.35,-242.60,3054.68,12736.40,11614.02,8996.28,-521.62,2990.94,13640.13,12156.14,9240.83,-749.84,2967.01,13959.07,13761.62,9139.63,-1280.92,3520.05,15323.82,11920.43,10252.34,-1250.31,3040.21,15368.68,15756.52,10252.07,-1708.71,1510.04,16639.59,17056.10,9926.82,-2533.73
Spanish_1000_4.csv,4,1024, 3.0655,100.00,5000.00,634436.06,649300.25,0.22,869206.17,4.00,0.010000,0.00,800.00,0.00,200.00,obj,7481.84,9954.64,5686.36,19482.75,17011.95,23863.31,30409.25,37079.83,43572.84,50065.84,56558.84,63051.84,69544.85,76037.85,82530.85,89023.85,95516.86,102009.86,108502.86,114995.86,121488.87,127981.87,134474.87,140967.87,147460.88,153953.88,160446.88,166939.88,173432.89,179925.89,186418.89,192911.89,199404.90,205897.90,212390.90,218883.90,225376.91,231869.91,238362.91,244855.91,251348.92,257841.92,264334.92,270827.92,277320.93,283813.93,290306.93,296799.93,303292.94,309785.94,316278.94,322771.94,329264.95,335757.95,342250.95,348743.95,355236.96,361729.96,368222.96,374715.96,381208.97,387701.97,394194.97,400687.97,407180.98,413673.98,420166.98,426659.98,433152.99,439645.99,446138.99,452631.99,459125.00,465618.00,472111.00,478604.00,485097.01,491590.01,498083.01,504576.01,511069.01,517562.02,524055.02,530548.02,537041.02,543534.03,550027.03,556520.03,563013.03,569506.04,575999.04,582492.04,588985.04,595478.05,601971.05,608464.05,614957.05,621450.06,627943.06,634436.06
student_1000_4.csv,4,4, 1.2466,100.00,1028.64,1027.78,23.85,0.09,12.32,4.00,0.010000,251.40,249.40,249.00,250.20,obj,2931.59,1685.05,1063.40,1257.55,1243.72,1055.18,1051.43,1008.33,1056.91,1020.76,1028.04,1024.09,1036.37,991.91,1247.21,984.50,1033.63,1049.06,1085.00,1016.88,1045.40,1019.60,1033.75,1021.09,1057.23,1019.98,1022.99,1029.63,1067.31,1011.84,1028.47,1034.43,1017.13,1030.21,1021.94,1031.02,1029.59,1022.43,1026.03,1027.37,1022.30,1029.91,1030.51,1020.43,1024.49,1024.49,1029.59,1024.84,1030.93,1025.67,1022.06,1022.99,1033.85,1015.63,1030.93,1018.96,1036.87,1021.17,1031.23,1017.15,1026.52,1030.36,1016.29,1031.90,1030.46,1021.28,1024.07,1029.07,1014.64,1040.82,1016.96,1033.34,1022.28,1026.61,1025.01,1025.75,1018.56,1029.94,1026.16,1027.48,1027.05,1023.13,1023.51,1029.84,1020.59,1024.42,1035.52,1018.10,1027.22,1025.77,1031.90,1016.60,1034.70,1016.99,1034.52,1013.52,1038.32,1020.62,1025.78,1027.78
student_1000_4.csv,4,16, 1.1069,100.00,1027.80,1090.25,779.05,0.08,47.32,4.00,0.010000,264.20,246.60,249.40,239.80,obj,3000.72,1839.87,1089.03,1219.41,1246.64,1018.74,1122.72,1006.45,1040.20,984.50,1129.91,1031.20,1147.57,1361.44,1224.44,1059.77,1210.68,1130.21,1064.24,1023.26,1050.10,1040.60,1030.26,1046.57,1020.63,1085.49,1015.41,1085.76,1022.84,1124.20,1032.57,1065.36,1033.55,964.45,987.92,1108.83,1077.66,1017.43,1045.21,1025.85,1045.09,1140.04,1039.09,1036.66,1072.33,1010.50,1019.66,1093.87,1000.40,1193.75,976.47,1084.78,1006.10,1034.64,1039.18,1015.81,1057.35,1008.53,1100.45,1017.69,1144.54,999.13,1068.98,999.79,1162.35,991.35,1193.34,993.53,1263.56,1301.79,1115.56,1018.07,1082.20,999.38,1056.47,1008.85,1057.84,967.32,1117.54,1010.20,1225.93,1259.86,1007.06,1113.24,1046.52,1104.30,987.81,1212.60,1036.72,1021.73,1123.06,1009.42,1232.83,1315.42,1066.27,1013.67,1066.11,1019.34,989.27,1090.25
student_1000_4.csv,4,64, 0.9810,100.00,1051.82,1237.63,17533.45,0.04,453.28,4.00,0.010000,261.20,244.60,249.60,244.60,obj,3069.79,1601.02,1159.84,1160.76,1040.79,1035.72,1145.49,966.04,1392.80,1439.10,1090.80,1427.88,1056.70,1170.44,1153.63,1018.14,1047.41,1050.09,1157.99,1106.01,959.01,1354.39,1072.18,1100.27,1196.01,1201.05,1072.17,1048.12,1272.86,1023.70,1137.43,1341.52,1214.73,1266.24,1002.86,1159.32,1038.42,1069.12,1163.38,1138.07,1263.70,1048.30,1055.75,1322.07,970.84,1100.58,1083.11,1135.82,1237.07,1179.25,1052.66,1362.75,1045.04,1055.76,1236.10,1000.03,1062.86,1169.52,1143.61,1194.44,1315.46,1323.09,1257.04,1416.40,1075.42,1196.02,1355.10,1295.49,1222.38,1209.40,1518.58,1032.16,1199.95,1197.37,1278.58,1035.46,1284.43,1337.44,1251.45,1117.51,988.20,1593.01,1939.05,1191.79,1041.92,1162.03,988.69,1527.36,1326.80,1080.57,1066.86,1379.11,1377.67,1245.36,1493.75,1074.01,1440.18,1016.44,1287.93,1237.63
student_1000_4.csv,4,256, 1.0018,100.00,1290.41,21322.91,34271.05,0.03,24981.24,4.00,0.010000,123.20,280.80,284.20,311.80,obj,3604.26,2514.00,2401.37,3463.15,3438.82,1356.25,1949.30,5810.40,5152.16,1883.53,2252.73,2716.74,7874.94,7380.38,2538.28,2707.03,4232.46,10862.53,9272.04,895.27,5603.32,3022.00,12807.88,8076.40,4372.49,13765.19,-20.28,21208.80,5689.52,3378.10,17284.97,18329.91,7911.16,-969.21,8029.30,23435.83,10360.29,965.29,9304.76,22207.85,16812.06,-691.37,5136.80,22118.98,20480.32,17683.99,-1311.55,12440.53,27232.85,23950.07,8768.43,3560.36,12451.95,34310.09,14700.42,5927.98,19942.62,13143.21,23580.22,22114.10,3819.94,22254.04,17511.86,27701.73,14595.38,12306.79,19456.08,17939.81,34622.61,16620.18,17117.10,19652.00,16854.96,33371.32,16043.92,18463.44,18850.76,19843.89,38374.74,18425.61,19483.01,19865.28,24392.19,35354.88,21976.94,20326.41,23632.58,19287.00,45216.66,19297.37,21718.92,22204.56,27071.58,39475.30,21830.68,23197.00,25792.34,21516.56,50014.73,21322.91
student_1000_4.csv,4,1024, 2.8922,100.00,2000.00,1815783.71,1848700.25,0.07,884287.55,4.00,0.010000,0.00,0.00,200.00,800.00,obj,4626.16,11902.51,32785.71,41027.51,59516.51,78005.51,96492.48,114979.48,133466.49,151953.49,170440.49,188927.49,207414.50,225901.50,244388.50,262875.50,281362.51,299849.51,318336.51,336823.51,355310.52,373797.52,392284.52,410771.52,429258.53,447745.53,466232.53,484719.53,503206.54,521693.54,540180.54,558667.54,577154.55,595641.55,614128.55,632615.55,651102.56,669589.56,688076.56,706563.56,725050.57,743537.57,762024.57,780511.57,798998.58,817485.58,835972.58,854459.58,872946.59,891433.59,909920.59,928407.59,946894.60,965381.60,983868.60,1002355.60,1020842.61,1039329.61,1057816.61,1076303.61,1094790.62,1113277.62,1131764.62,1150251.62,1168738.63,1187225.63,1205712.63,1224199.63,1242686.64,1261173.64,1279660.64,1298147.64,1316634.65,1335121.65,1353608.65,1372095.65,1390582.66,1409069.66,1427556.66,1446043.66,1464530.67,1483017.67,1501504.67,1519991.67,1538478.68,1556965.68,1575452.68,1593939.68,1612426.69,1630913.69,1649400.69,1667887.69,1686374.70,1704861.70,1723348.70,1741835.70,1760322.71,1778809.71,1797296.71,1815783.71
pricerunner_1000_4.csv,4,4, 1.1349,100.00,1046.31,1029.61,209.05,0.06,50.03,4.00,0.010000,247.20,250.60,251.80,250.40,obj,1023.05,1058.61,1085.01,1061.93,1100.21,1078.85,1104.34,1086.80,1126.04,1111.31,1143.78,1097.36,1002.40,999.48,988.62,1010.89,995.17,1009.67,1008.85,1040.22,1005.14,1015.13,990.29,1030.36,993.17,1044.92,1033.11,1054.82,1032.17,1035.26,1028.15,1030.75,1039.97,1033.72,1051.30,1016.59,1028.99,1016.08,1070.45,1032.20,1042.02,1023.55,1058.86,1016.08,1038.50,1029.18,1057.62,1029.37,1041.84,1022.07,1044.77,1023.43,1044.84,1029.24,1036.12,1031.75,1035.55,1042.00,1040.65,1010.14,1033.04,1022.18,1040.54,1038.22,1045.06,1038.16,1047.67,1022.78,1030.23,1036.71,1041.74,1026.34,1040.29,1002.73,1035.80,1034.62,1042.73,1051.12,1043.34,1034.60,1019.41,1045.71,1054.55,1047.34,1036.76,1009.69,1038.05,996.20,1038.47,1040.36,1047.64,1041.39,1049.93,1027.97,1028.14,1028.48,1032.71,1043.11,1050.09,1029.61
pricerunner_1000_4.csv,4,16, 0.9925,100.00,1007.32,1050.15,448.65,0.04,44.16,4.00,0.010000,244.00,248.00,255.00,253.00,obj,1023.05,1058.61,1085.01,1061.93,1102.38,1076.84,1110.93,1081.68,1129.99,1109.97,1151.84,1083.46,1005.20,1003.92,984.93,1007.39,1009.28,1010.19,1004.34,1018.97,1003.84,1002.61,1010.05,1018.99,1011.11,1034.36,1043.91,1027.92,1050.35,1054.11,1034.26,1033.23,1026.66,1060.19,1012.05,1023.81,1011.60,1054.32,1033.37,1041.00,1038.09,1046.05,1027.28,1047.69,1028.44,1020.95,1045.68,1038.13,1037.12,1029.98,1031.18,1034.85,1028.42,1051.46,1038.67,1040.71,1021.79,1027.42,1025.39,1058.29,1022.93,1048.71,1026.80,1050.13,1025.54,1039.54,1035.12,1032.57,1024.83,1046.33,1034.15,1039.87,1037.15,1028.92,1018.62,1049.83,1028.97,1035.35,1040.05,1029.03,1038.75,1027.07,1046.99,1028.29,1045.51,1037.86,1037.09,1033.04,1025.81,1053.02,1018.38,1031.99,1031.18,1045.57,1037.45,1026.03,1034.40,1035.57,1036.82,1050.15
pricerunner_1000_4.csv,4,64, 0.9755,100.00,1020.12,1040.10,152.25,0.06,23.60,4.00,0.010000,247.00,248.40,252.20,252.40,obj,1023.09,1058.72,1085.13,1061.10,1106.20,1075.75,1114.21,1080.38,1128.56,1115.27,1132.57,1078.92,1005.97,1004.36,985.48,1004.67,1010.79,1013.01,1001.26,1005.07,1008.38,1013.24,1007.41,1034.02,1021.29,1033.28,1042.98,1040.01,1039.65,1032.10,1035.41,1023.58,1058.92,1051.02,1030.10,1021.30,1016.08,1053.65,1029.88,1041.99,1035.88,1030.77,1034.98,1034.73,1038.65,1037.20,1029.44,1051.22,1012.24,1030.52,1023.63,1059.43,1023.87,1050.35,1028.56,1049.50,1024.54,1030.05,1036.42,1043.21,1034.82,1023.36,1050.48,1023.18,1029.82,1038.31,1041.34,1036.20,1022.79,1043.45,1031.34,1034.36,1040.07,1027.52,1034.03,1031.42,1028.05,1041.54,1042.10,1027.51,1045.26,1021.10,1034.86,1035.08,1043.45,1029.60,1039.03,1024.88,1030.06,1040.13,1044.52,1057.72,1025.83,1030.15,1018.87,1054.42,1024.18,1038.86,1022.37,1040.10
pricerunner_1000_4.csv,4,256, 1.0396,100.00,1058.65,1023.63,170.65,0.11,26.34,4.00,0.010000,253.00,250.80,248.20,248.00,obj,1020.12,1057.17,1082.75,1066.80,1088.40,1090.49,1076.47,1130.27,1081.27,1160.80,1069.10,1112.50,1078.25,1004.27,987.64,1016.96,1026.39,1003.20,1015.33,1004.72,995.50,1030.23,1008.72,1000.76,1047.57,1037.68,1020.13,1056.63,1023.34,1051.41,1014.82,1021.53,1042.22,1030.01,1044.42,1042.30,1038.08,1043.19,1027.28,1026.94,1043.17,1029.62,1030.97,1050.87,1024.20,1025.72,1042.16,1023.85,1045.50,1026.46,1056.42,1028.17,1027.83,1031.96,1027.57,1040.20,1044.11,1029.76,1031.87,1028.61,1017.19,1041.59,1048.52,1032.92,1034.93,1039.16,1033.25,1028.39,1034.12,1022.00,1041.56,1069.31,1020.29,1049.44,1029.91,1016.07,1048.26,1033.01,1039.70,1029.88,1040.00,1015.75,1048.15,1036.42,1035.93,1026.54,1050.30,1010.14,1057.64,1028.13,1035.95,1043.80,1026.87,1031.20,1043.37,1039.30,1020.20,1036.27,1010.45,1023.63
pricerunner_1000_4.csv,4,1024, 2.8623,100.00,4000.00,543067.85,649300.25,0.09,733768.64,4.00,0.010000,600.00,200.00,0.00,200.00,obj,1009.06,1088.99,1053.61,1115.19,1059.54,1150.73,1050.25,1215.62,1117.27,1381.58,1230.54,1506.96,1474.80,4282.11,3751.80,6710.40,7757.36,13429.27,20723.57,23487.37,30121.58,36613.66,43106.66,49599.66,56092.66,62585.67,69078.67,75571.67,82064.67,88557.68,95050.68,101543.68,108036.68,114529.69,121022.69,127515.69,134008.69,140501.70,146994.70,153487.70,159980.70,166473.71,172966.71,179459.71,185952.71,192445.72,198938.72,205431.72,211924.72,218417.73,224910.73,231403.73,237896.73,244389.74,250882.74,257375.74,263868.74,270361.75,276854.75,283347.75,289840.75,296333.76,302826.76,309319.76,315812.76,322305.77,328798.77,335291.77,341784.77,348277.78,354770.78,361263.78,367756.78,374249.79,380742.79,387235.79,393728.79,400221.80,406714.80,413207.80,419700.80,426193.81,432686.81,439179.81,445672.81,452165.82,458658.82,465151.82,471644.82,478137.83,484630.83,491123.83,497616.83,504109.84,510602.84,517095.84,523588.84,530081.85,536574.85,543067.85
cohort_1000_4.csv,4,4, 1.1283,100.00,1710.77,1712.18,1.85,0.01,1.37,4.00,0.010000,250.00,250.20,250.60,249.20,obj,1232.93,1541.30,2181.68,2444.70,2760.42,2856.75,1956.56,1865.95,1834.36,1858.36,1907.14,1953.97,1724.32,1558.63,1601.68,1626.18,1666.73,1724.93,1901.20,1922.24,1964.93,1609.06,1620.88,1649.79,1716.46,1849.71,1883.31,1595.92,1613.83,1645.84,1750.09,1870.38,1911.92,1601.86,1618.50,1646.48,1679.65,1952.14,1600.00,1624.57,1662.30,1805.14,1855.82,1903.24,1961.50,1594.06,1612.53,1642.77,1727.91,1863.74,1900.68,1593.79,1619.34,1654.05,1790.02,1870.41,1909.42,1681.59,1599.26,1621.50,1648.65,1690.58,1861.74,1899.83,1608.49,1617.76,1649.41,1687.62,1649.34,1705.89,1663.70,1680.09,1827.76,1873.70,1928.92,1636.94,1644.17,1729.02,1717.38,1711.75,1711.98,1712.42,1713.53,1712.09,1711.92,1712.70,1711.23,1713.71,1713.65,1711.17,1712.51,1708.35,1714.99,1713.56,1711.53,1710.07,1712.66,1715.34,1711.74,1712.18
cohort_1000_4.csv,4,16, 0.9900,100.00,1709.99,1704.44,51.85,0.06,12.95,4.00,0.010000,249.40,247.60,251.60,251.40,obj,1232.93,1541.30,2230.65,2443.84,2791.96,2859.78,1963.13,1925.58,1844.89,1831.72,1887.94,1942.81,1987.29,1750.70,1667.49,1673.41,1719.64,1713.50,1711.38,1715.47,1707.74,1712.46,1714.46,1712.22,1711.26,1723.46,1712.54,1711.05,1714.61,1710.54,1713.16,1714.50,1711.31,1711.22,1713.17,1713.04,1712.00,1712.02,1716.35,1708.93,1710.50,1714.75,1719.90,1716.19,1709.84,1710.98,1716.18,1709.14,1709.86,1715.20,1712.96,1710.88,1708.21,1706.51,1714.78,1715.11,1711.54,1711.11,1710.44,1714.27,1715.86,1721.14,1710.21,1722.32,1717.31,1710.25,1709.10,1716.03,1710.49,1714.41,1706.80,1710.41,1711.85,1717.62,1709.50,1718.84,1711.61,1715.50,1709.05,1710.96,1717.26,1711.67,1716.57,1713.64,1724.84,1714.35,1710.46,1702.10,1718.94,1709.13,1713.78,1711.79,1707.98,1711.00,1705.14,1718.82,1716.88,1708.35,1716.55,1704.44
cohort_1000_4.csv,4,64, 0.9728,100.00,1795.78,1791.37,117.45,0.07,1.56,4.00,0.010000,235.80,246.60,267.00,250.60,obj,1232.93,1541.30,2384.31,2515.63,2625.02,2894.67,2078.56,2021.41,1921.05,1861.16,1912.95,1921.61,1940.05,1974.53,2004.25,2055.73,1716.26,1758.38,1782.05,1774.27,1751.32,1801.46,1814.74,1784.39,1745.47,1771.33,1825.58,1768.77,1777.96,1769.77,1722.30,1757.86,1748.32,1713.95,1724.63,1732.75,1771.36,1789.87,1833.88,1795.92,1561.24,1785.73,1754.65,1734.63,1752.99,1793.13,1906.33,1669.15,1531.67,1912.77,1822.76,1929.01,2044.45,1649.63,1571.83,1596.98,1560.40,1740.88,1892.41,1891.71,1655.85,1642.23,1604.41,1925.87,1884.29,2008.88,2001.61,1503.27,1540.16,1633.56,1588.78,2002.34,1922.13,1986.33,1990.94,1496.53,1576.47,1631.04,1654.54,2003.77,1937.43,1931.99,2010.23,1578.34,1552.79,1695.21,1721.96,1694.71,1676.48,1766.94,1750.75,1704.46,1739.23,1804.03,1752.54,1746.24,1696.84,1837.11,1781.80,1791.37
cohort_1000_4.csv,4,256, 0.9815,100.00,1527.91,43327.77,49905.05,0.10,94217.89,4.00,0.010000,348.80,224.60,227.40,199.20,obj,1232.93,1541.30,2986.27,1889.63,3874.83,3676.31,2806.12,2038.90,2189.48,2448.36,2516.00,2338.21,1610.49,1832.06,1979.61,1763.54,2162.77,4186.80,4044.19,3713.91,5934.95,4945.55,7576.81,6093.49,8810.94,7230.01,12659.38,11822.15,7515.85,15946.29,9125.88,17850.74,10116.86,19841.37,11107.84,19616.82,17671.75,13164.08,21051.00,15356.03,15883.36,28654.66,15074.73,29375.97,16065.71,31366.60,17056.69,33357.23,18047.67,33124.86,28272.34,20514.34,32809.75,23453.50,23980.82,42879.17,22014.03,42965.36,23005.02,44955.98,23996.00,44025.25,37331.57,26811.85,42853.05,30385.89,44494.91,31533.83,44323.60,32670.35,47729.58,33818.29,57408.66,45610.85,32582.05,52026.37,36732.89,53668.23,37880.83,53150.84,39017.34,69285.48,34901.39,68193.09,35892.37,65860.69,59615.35,32987.78,73485.38,38370.42,70454.11,59278.65,42036.27,67195.56,47155.75,47683.07,84460.04,42336.79,82692.95,43327.77
cohort_1000_4.csv,4,1024, 2.8065,100.00,3000.00,631524.45,649300.25,0.07,871699.53,4.00,0.010000,0.00,400.00,400.00,200.00,obj,1232.93,1541.30,30066.22,8198.88,14689.21,21182.22,27675.22,34168.22,40661.22,47154.23,53647.23,60140.23,66633.23,73126.24,79619.24,86112.24,92605.24,99098.25,105591.25,112084.25,118577.25,125070.26,131563.26,138056.26,144549.26,151042.27,157535.27,164028.27,170521.27,177014.28,183507.28,190000.28,196493.28,202986.29,209479.29,215972.29,222465.29,228958.30,235451.30,241944.30,248437.30,254930.31,261423.31,267916.31,274409.31,280902.32,287395.32,293888.32,300381.32,306874.33,313367.33,319860.33,326353.33,332846.34,339339.34,345832.34,352325.34,358818.35,365311.35,371804.35,378297.35,384790.36,391283.36,397776.36,404269.36,410762.37,417255.37,423748.37,430241.37,436734.38,443227.38,449720.38,456213.38,462706.39,469199.39,475692.39,482185.39,488678.40,495171.40,501664.40,508157.40,514650.41,521143.41,527636.41,534129.41,540622.42,547115.42,553608.42,560101.42,566594.43,573087.43,579580.43,586073.43,592566.44,599059.44,605552.44,612045.44,618538.45,625031.45,631524.45
diabeteshealthindicators1_1000_4.csv,4,4, 1.1506,100.00,17115.13,17112.66,3.05,0.02,2.66,4.00,0.010000,250.00,250.00,249.40,250.60,obj,18387.18,18776.41,18840.19,17306.47,17689.14,17999.49,17291.39,17195.66,17149.41,17141.99,17130.75,17124.72,17126.57,17119.77,17117.97,17115.05,17116.70,17119.61,17117.58,17119.29,17117.96,17118.65,17119.24,17116.40,17116.34,17114.46,17112.47,17115.36,17112.93,17114.65,17112.57,17113.37,17115.45,17112.98,17116.43,17113.05,17114.20,17113.29,17114.81,17115.12,17114.39,17116.20,17112.67,17114.29,17114.45,17113.59,17114.59,17113.41,17115.62,17113.05,17116.18,17111.92,17115.50,17113.01,17115.82,17114.99,17114.97,17114.88,17113.05,17114.17,17114.31,17113.03,17115.01,17115.81,17113.81,17113.79,17114.36,17112.66,17115.76,17112.28,17115.82,17114.99,17114.63,17113.88,17114.29,17112.66,17115.76,17112.28,17115.82,17114.99,17114.63,17113.88,17114.29,17112.66,17115.76,17112.28,17115.82,17114.99,17114.63,17113.88,17114.29,17112.66,17115.76,17112.28,17115.82,17114.99,17114.63,17113.88,17114.29,17112.66
diabeteshealthindicators1_1000_4.csv,4,16, 0.9980,100.00,17113.54,17115.18,1.05,0.04,2.06,4.00,0.010000,250.20,250.20,250.00,249.60,obj,18390.11,18662.95,18843.48,17276.99,17553.24,17949.92,17309.17,17184.11,17157.22,17129.81,17120.69,17120.13,17124.35,17119.58,17118.78,17118.30,17119.43,17122.74,17122.15,17121.05,17120.18,17117.11,17118.41,17120.51,17120.42,17116.19,17114.69,17116.05,17116.44,17115.52,17114.57,17117.07,17112.13,17117.15,17112.81,17117.30,17111.84,17117.05,17115.60,17116.75,17113.05,17116.68,17113.31,17115.59,17113.82,17116.76,17115.23,17116.58,17113.86,17115.93,17114.14,17114.39,17114.63,17116.08,17114.64,17116.92,17113.89,17116.80,17114.48,17114.55,17112.36,17116.62,17115.31,17119.65,17113.52,17114.13,17112.53,17114.76,17113.17,17113.52,17115.12,17115.90,17112.15,17115.90,17113.09,17114.75,17112.87,17115.20,17112.54,17117.86,17112.15,17115.90,17112.37,17115.18,17113.18,17113.68,17115.72,17115.47,17112.58,17115.48,17112.79,17115.60,17112.45,17116.10,17113.32,17115.63,17112.89,17115.90,17112.37,17115.18
diabeteshealthindicators1_1000_4.csv,4,64, 0.9685,100.00,17117.07,17118.52,3.45,0.02,6.90,4.00,0.010000,250.00,250.80,249.60,249.60,obj,18367.59,18636.77,18824.73,17613.40,17606.83,18067.02,17339.23,17189.25,17175.98,17158.22,17145.89,17140.22,17147.49,17142.41,17129.24,17129.01,17125.70,17122.52,17123.52,17123.40,17124.92,17124.92,17123.00,17122.71,17118.90,17121.06,17117.89,17117.73,17118.38,17118.82,17118.21,17119.75,17117.82,17118.42,17118.90,17118.42,17117.34,17119.32,17118.43,17119.36,17117.35,17119.53,17117.73,17120.09,17116.99,17118.68,17117.90,17119.91,17117.79,17119.23,17118.49,17118.59,17118.80,17117.17,17118.28,17118.75,17114.70,17117.34,17115.02,17116.65,17116.58,17117.71,17116.74,17121.64,17118.50,17119.87,17119.52,17118.02,17120.29,17118.04,17117.70,17120.09,17116.94,17119.95,17117.58,17120.10,17117.40,17119.31,17117.19,17119.64,17117.11,17119.14,17118.23,17119.02,17118.78,17117.44,17118.57,17119.49,17118.36,17118.48,17119.39,17118.23,17119.28,17117.38,17118.74,17118.68,17117.66,17118.46,17119.54,17118.52
diabeteshealthindicators1_1000_4.csv,4,256, 0.9885,100.00,17116.56,17113.29,2.65,0.05,3.28,4.00,0.010000,249.60,250.20,249.80,250.40,obj,18424.64,18363.55,18922.94,17840.10,17607.03,17911.64,17371.06,17274.68,17243.51,17195.08,17193.30,17169.28,17152.75,17142.23,17126.55,17115.26,17111.26,17114.29,17110.89,17114.31,17112.18,17116.32,17113.15,17115.28,17113.93,17116.41,17113.73,17113.97,17115.49,17115.69,17112.53,17113.33,17112.89,17115.42,17113.30,17114.31,17113.29,17114.41,17113.70,17113.84,17113.53,17114.88,17113.29,17115.45,17112.95,17114.28,17114.48,17114.04,17115.14,17113.53,17115.23,17112.62,17115.47,17112.83,17115.27,17113.37,17115.55,17113.80,17115.21,17113.30,17114.90,17113.74,17115.44,17113.08,17115.06,17114.04,17114.85,17113.81,17114.25,17114.47,17114.64,17113.97,17114.93,17114.22,17114.99,17113.29,17114.25,17113.67,17115.07,17112.67,17115.48,17113.80,17115.21,17113.30,17114.90,17113.74,17115.44,17113.08,17115.06,17114.04,17114.85,17113.81,17114.25,17114.47,17114.64,17113.97,17114.93,17114.22,17114.99,17113.29
diabeteshealthindicators1_1000_4.csv,4,1024, 3.3179,100.00,18320.01,102747.98,235567.45,0.07,164858.14,4.00,0.010000,246.80,86.60,230.60,436.00,obj,18469.58,19087.88,20061.37,19987.05,20454.92,21546.70,21401.15,19855.75,21573.27,20522.71,22308.58,21457.73,23519.32,22121.02,28196.89,22324.84,26124.89,24480.09,28180.31,24474.63,29669.76,24925.58,32574.59,25060.33,34273.06,24112.35,34979.96,36243.98,38040.01,36417.64,41319.14,37836.51,43696.45,39070.25,46286.37,39833.51,49740.91,40879.03,52143.67,42426.71,54449.13,44302.50,56428.70,46180.60,58468.62,48067.56,60750.48,50084.14,62622.24,51897.75,64677.28,53950.36,66528.18,55897.76,68608.50,58026.24,70470.84,59949.81,72534.92,62093.41,74368.20,64004.05,76451.87,66148.31,78288.54,68067.31,80379.97,70213.29,82212.19,72115.01,84307.95,74284.28,86130.00,76168.77,88240.90,78339.94,90050.95,80226.52,92162.40,82402.75,93970.71,84282.61,96090.36,86466.84,97876.47,88340.38,100011.51,90534.22,101796.28,92401.78,103937.41,94605.03,105704.47,96482.47,107853.99,98687.43,109631.40,100518.41,111776.71,102747.98
NHANES_1000_4.csv,4,4, 1.1413,100.00,6112.30,6109.57,14.25,0.05,18.05,4.00,0.010000,249.80,250.40,249.60,250.20,obj,8859.45,9193.81,9271.01,9403.38,6444.53,5961.18,6052.17,6154.52,6226.25,6111.50,6091.57,6141.49,6176.24,6217.99,6153.16,6137.24,6156.05,6168.28,6107.25,6129.32,6121.17,6126.55,6116.83,6119.30,6106.54,6116.29,6113.75,6113.54,6107.89,6111.43,6112.25,6110.15,6109.82,6108.18,6108.28,6112.84,6120.31,6104.20,6108.22,6110.43,6109.32,6109.65,6108.85,6114.93,6107.37,6112.46,6106.59,6110.54,6108.31,6114.47,6107.23,6115.93,6109.98,6110.17,6107.67,6110.39,6109.84,6112.45,6107.41,6111.90,6109.36,6110.79,6113.04,6105.93,6113.50,6105.09,6112.73,6109.45,6119.46,6104.09,6109.19,6108.56,6114.89,6105.69,6114.67,6109.53,6109.80,6110.98,6111.19,6107.88,6111.72,6109.95,6109.79,6107.99,6119.43,6101.05,6114.34,6107.97,6112.67,6106.32,6115.77,6107.98,6110.11,6111.81,6106.40,6110.48,6109.63,6110.01,6113.80,6109.57
NHANES_1000_4.csv,4,16, 0.9686,100.00,6115.88,6106.56,14.65,0.03,18.37,4.00,0.010000,251.00,250.20,250.00,248.80,obj,8857.92,9222.27,9237.59,9440.73,6499.36,5805.84,6055.08,6026.87,6030.71,6109.42,6149.37,6118.34,6120.79,6113.51,6115.11,6110.96,6114.75,6121.88,6107.88,6111.67,6111.26,6108.43,6111.75,6118.08,6105.27,6115.38,6106.67,6109.68,6108.39,6111.56,6106.71,6110.52,6111.12,6109.03,6109.24,6112.69,6109.51,6110.08,6111.97,6107.69,6114.07,6111.01,6112.49,6100.98,6112.28,6112.58,6108.23,6112.70,6109.04,6115.19,6100.68,6117.19,6106.62,6116.80,6101.40,6116.06,6104.65,6118.83,6106.40,6110.88,6108.71,6115.68,6105.53,6110.51,6108.94,6108.07,6115.35,6103.22,6122.68,6100.25,6112.92,6110.93,6112.72,6103.93,6115.93,6107.06,6115.18,6106.00,6111.81,6102.79,6119.35,6106.86,6113.66,6105.59,6119.04,6101.66,6110.35,6112.85,6112.09,6110.00,6109.96,6108.59,6110.44,6114.45,6107.69,6107.62,6110.48,6107.96,6114.98,6106.56
NHANES_1000_4.csv,4,64, 0.9370,100.00,6103.41,6100.99,9.45,0.05,11.99,4.00,0.010000,248.80,250.20,251.60,249.40,obj,8836.22,9272.35,9936.80,9947.97,6957.25,6213.87,5981.96,6022.47,6026.44,6204.34,6143.59,6154.12,6145.05,6103.37,6067.09,6072.21,6071.72,6106.90,6091.55,6089.93,6097.00,6094.73,6104.01,6099.51,6102.20,6102.05,6095.86,6106.88,6107.72,6105.19,6099.42,6097.95,6103.87,6108.54,6105.41,6100.77,6100.15,6106.55,6100.85,6107.33,6099.87,6103.17,6103.35,6104.10,6107.46,6102.03,6101.80,6099.13,6104.88,6109.94,6101.27,6098.15,6099.49,6112.57,6101.78,6101.29,6103.95,6102.51,6101.01,6106.65,6103.37,6103.18,6097.02,6108.40,6103.38,6105.48,6106.42,6099.60,6102.63,6103.35,6101.08,6106.49,6104.09,6099.14,6103.38,6102.54,6105.17,6108.38,6100.86,6103.10,6103.23,6105.52,6102.17,6099.97,6104.78,6105.37,6099.92,6100.12,6104.92,6108.75,6100.65,6106.23,6101.34,6102.08,6105.08,6104.74,6102.46,6102.87,6102.62,6100.99
NHANES_1000_4.csv,4,256, 1.0255,100.00,6364.77,11883.66,15783.45,0.15,11856.59,4.00,0.010000,267.60,266.60,176.60,289.20,obj,8828.62,9366.32,10762.55,9750.41,8199.14,6411.51,6926.82,7065.53,6391.20,6540.72,6749.59,7161.86,6800.65,6642.10,6978.04,7119.87,6957.95,7078.27,7091.96,7403.29,7196.57,7272.12,7314.64,7566.14,7469.73,7478.87,7526.12,7808.87,7667.23,7696.54,7754.00,7998.87,7903.31,7907.42,7993.16,8221.86,8116.69,8139.18,8177.74,8479.20,8315.03,8359.71,8422.09,8677.07,8538.50,8604.86,8617.46,8899.19,8778.41,8773.75,8894.56,9096.20,9010.36,9015.65,9055.30,9373.80,9189.22,9278.08,9271.58,9582.27,9450.55,9461.19,9490.32,9863.09,9629.72,9686.48,9751.47,10003.05,9930.17,9859.66,9968.86,10267.68,10067.41,10170.56,10147.14,10544.10,10282.11,10351.06,10416.16,10720.81,10504.06,10621.91,10585.70,10938.33,10776.30,10733.63,10916.94,11102.07,10998.19,11010.33,11024.77,11434.51,11169.51,11285.07,11247.34,11598.76,11444.47,11451.46,11465.10,11883.66
NHANES_1000_4.csv,4,1024, 3.0183,100.00,8437.87,927536.33,999200.25,0.14,1044284.55,4.00,0.010000,46.00,444.80,59.20,450.00,obj,8841.75,18788.22,10788.83,12248.05,12685.66,17770.17,21024.19,27933.74,34438.12,40240.70,47269.95,49578.22,68655.68,56341.22,62552.29,88237.96,98166.37,108198.41,118146.01,128179.73,138131.88,148161.88,158118.09,168144.52,178099.31,188128.18,198084.45,208112.18,218068.15,228096.19,238052.16,248080.19,258036.17,268064.19,278018.80,288048.20,298004.17,308032.20,317985.55,328016.55,337970.31,348000.55,357954.32,367984.56,377940.18,387968.22,397924.69,407952.22,417908.19,427936.23,437890.93,447920.23,457876.20,467904.23,477858.94,487888.24,497844.21,507872.24,517826.95,527856.25,537812.22,547840.25,557794.95,567824.25,577780.22,587808.26,597762.96,607792.26,617748.23,627776.27,637730.97,647760.27,657716.24,667744.27,677698.98,687728.28,697684.25,707712.28,717666.99,727696.29,737652.26,747680.29,757634.99,767664.29,777620.26,787648.30,797603.00,807632.30,817588.27,827616.31,837571.01,847600.31,857556.28,867584.31,877539.02,887568.32,897524.29,907552.32,917507.03,927536.33
athlete_10000_4.csv,4,4, 22.7663,100.00,16537.73,16531.76,20.20,4.04,11.61,4.00,0.010000,2500.60,2497.80,2501.80,2499.80,obj,18789.59,17924.06,17649.94,17456.62,17305.59,17201.59,17117.07,17046.75,16986.24,16947.14,16913.96,16872.20,16821.07,16790.18,16763.77,16747.67,16731.73,16715.05,16705.13,16689.32,16686.77,16686.02,16674.50,16659.18,16647.26,16636.94,16632.07,16631.48,16630.40,16629.01,16626.44,16618.95,16612.14,16606.89,16600.55,16594.53,16589.55,16585.54,16583.23,16578.37,16574.31,16572.42,16567.86,16570.33,16566.26,16565.42,16562.36,16560.89,16559.11,16557.69,16560.05,16557.51,16556.61,16559.17,16556.97,16554.15,16552.74,16549.99,16548.53,16545.05,16542.97,16540.16,16541.00,16541.97,16539.60,16540.12,16538.74,16539.05,16539.17,16538.02,16537.87,16535.73,16538.29,16536.62,16535.86,16536.88,16536.85,16536.96,16537.67,16535.78,16534.89,16535.36,16534.19,16532.60,16532.78,16532.42,16532.55,16530.50,16532.04,16531.32,16532.47,16532.52,16530.28,16532.19,16530.48,16531.50,16531.34,16531.26,16530.44,16531.76
athlete_10000_4.csv,4,16, 26.9601,100.00,16532.66,16531.08,7.40,0.28,1.38,4.00,0.010000,2499.80,2500.00,2500.20,2500.00,obj,18801.21,17927.57,17654.38,17466.94,17311.01,17210.92,17128.41,17061.20,17000.38,16954.28,16923.17,16876.20,16822.19,16792.08,16762.65,16748.17,16731.50,16717.71,16708.01,16688.63,16686.10,16689.01,16674.76,16659.55,16646.13,16635.51,16634.15,16628.43,16630.04,16628.03,16626.95,16619.52,16613.37,16607.99,16603.22,16596.71,16590.96,16588.46,16585.49,16579.13,16575.94,16575.68,16570.18,16571.64,16566.53,16566.64,16564.05,16561.84,16562.71,16558.96,16563.29,16560.85,16560.40,16561.71,16560.11,16558.49,16557.08,16553.27,16552.12,16547.96,16544.70,16543.01,16543.39,16542.63,16541.19,16544.40,16545.34,16542.41,16542.31,16541.62,16540.86,16538.98,16539.39,16538.78,16537.62,16538.11,16538.44,16539.89,16538.20,16538.70,16537.90,16537.04,16535.11,16535.65,16534.44,16533.00,16532.62,16532.15,16533.16,16535.28,16535.38,16531.65,16531.96,16532.43,16531.62,16532.15,16531.22,16531.58,16532.34,16531.08
athlete_10000_4.csv,4,64, 21.5706,100.00,16541.09,16535.26,25.00,5.13,11.87,4.00,0.010000,2500.80,2497.40,2502.20,2499.60,obj,18855.60,17984.33,17697.60,17509.28,17354.83,17253.71,17167.54,17101.45,17038.32,16993.55,16958.24,16906.48,16854.91,16819.78,16792.75,16768.43,16754.76,16742.62,16727.96,16710.06,16707.83,16702.31,16698.43,16689.40,16667.72,16658.34,16653.02,16652.76,16648.99,16652.38,16647.72,16642.00,16632.45,16627.88,16621.29,16615.10,16610.20,16606.08,16602.04,16596.38,16593.55,16587.20,16586.76,16588.63,16580.65,16577.44,16574.83,16577.91,16573.81,16573.59,16571.48,16571.91,16572.65,16573.75,16572.12,16567.47,16563.45,16561.07,16558.34,16556.97,16549.58,16549.09,16548.37,16545.90,16545.80,16547.80,16547.83,16547.22,16546.60,16546.22,16544.18,16543.77,16543.13,16543.08,16543.84,16544.03,16544.41,16544.93,16544.70,16542.90,16543.75,16541.72,16540.35,16537.38,16538.36,16535.85,16537.42,16536.63,16537.32,16536.36,16537.69,16538.13,16535.88,16535.45,16535.42,16536.34,16535.51,16535.76,16534.01,16535.26
athlete_10000_4.csv,4,256, 15.2960,100.00,16636.20,16608.34,481.00,0.74,62.26,4.00,0.010000,2504.40,2492.00,2505.80,2497.80,obj,19058.07,18281.85,17951.54,17738.85,17589.57,17500.31,17425.92,17352.97,17288.09,17220.99,17196.22,17132.50,17055.86,17006.42,16966.18,16947.43,16921.67,16904.78,16877.83,16858.08,16850.79,16842.69,16835.18,16827.08,16812.58,16800.79,16795.77,16786.58,16808.97,16815.64,16798.50,16781.19,16773.54,16760.56,16751.67,16746.75,16739.95,16727.28,16719.11,16714.33,16707.14,16707.63,16702.31,16690.88,16694.69,16694.49,16697.83,16692.60,16681.76,16684.55,16680.83,16686.58,16695.54,16696.71,16688.50,16683.54,16677.24,16675.71,16668.92,16662.03,16660.01,16652.72,16655.67,16649.92,16650.41,16646.52,16641.82,16641.93,16637.72,16636.52,16634.69,16635.34,16636.51,16634.05,16636.56,16640.09,16647.13,16650.00,16641.04,16632.75,16631.88,16626.03,16620.62,16617.40,16615.75,16613.99,16614.14,16613.92,16611.11,16607.98,16604.11,16604.55,16599.16,16605.87,16602.58,16601.33,16604.95,16600.55,16605.66,16608.34
athlete_10000_4.csv,4,1024, 11.9027,100.00,39990.67,66092.59,1320361.00,0.49,9848.71,4.00,0.010000,2361.60,2457.60,2566.40,2614.40,obj,21288.67,21881.34,28324.88,35187.78,41637.54,52021.38,48447.45,53809.27,55344.85,52450.04,61156.51,56164.84,46276.33,52453.00,61152.39,56161.30,46281.45,52443.50,48409.58,56764.89,62224.75,51529.72,51396.98,64434.79,47182.50,50162.96,48400.23,69660.33,65118.46,42201.13,57009.26,65921.06,46825.69,97186.28,54308.47,46983.32,50723.94,55303.86,46473.20,65672.87,61080.52,53667.47,58440.31,64587.29,65625.11,53153.05,56870.47,55203.22,48221.59,58984.07,50627.56,63393.66,63158.98,51229.83,59171.10,46669.20,55214.85,69946.30,65965.30,51174.11,58836.33,62781.22,59590.77,59144.94,48268.27,48821.32,67054.13,56860.53,66442.79,42034.44,57907.20,73534.08,68024.64,43177.57,52339.56,53170.47,65173.70,47563.02,68432.96,46372.98,55783.37,74709.93,68417.15,45907.93,54094.92,54695.43,54026.30,63948.08,71166.56,45179.22,53682.41,71630.73,67237.79,48655.93,55850.28,56263.33,51661.08,65719.91,57593.78,66092.59
census_10000_4.csv,4,4, 35.9634,100.00,26094.29,26094.60,5.60,1.12,12.77,4.00,0.010000,2503.00,2498.20,2498.40,2500.40,obj,142400.11,32226.13,31262.52,30660.96,30178.15,29816.72,29543.10,29330.09,29149.04,28987.75,28830.63,28694.64,28543.36,28388.40,28236.11,28092.80,27959.30,27844.27,27750.29,27642.22,27537.07,27444.40,27347.98,27257.40,27168.87,27081.28,26994.58,26912.23,26837.99,26760.65,26686.81,26650.57,26585.29,26524.51,26483.93,26446.01,26413.92,26378.63,26344.21,26322.42,26294.46,26277.40,26259.59,26247.45,26236.30,26223.65,26215.21,26208.31,26198.32,26190.12,26182.81,26176.21,26169.08,26164.30,26161.87,26156.88,26151.05,26146.21,26143.29,26140.88,26138.95,26136.58,26133.59,26132.17,26129.73,26128.12,26125.05,26123.55,26121.77,26120.14,26119.30,26117.16,26115.46,26115.61,26116.29,26114.45,26113.23,26112.89,26111.07,26110.86,26109.84,26109.16,26108.32,26106.07,26105.92,26104.90,26104.28,26102.83,26103.31,26101.83,26100.77,26099.91,26098.84,26098.06,26098.15,26097.04,26096.08,26095.85,26094.80,26094.60
census_10000_4.csv,4,16, 12.4786,100.00,26097.01,26097.06,21.80,2.72,14.55,4.00,0.010000,2502.20,2498.40,2498.40,2501.00,obj,142387.13,32240.72,31292.16,30677.77,30184.79,29837.96,29574.08,29367.16,29187.48,29025.09,28875.00,28729.98,28575.28,28416.23,28270.32,28125.83,27995.48,27882.22,27793.58,27683.44,27572.15,27473.94,27384.36,27306.16,27229.59,27156.73,27081.80,27017.17,26955.05,26893.43,26837.15,26806.25,26745.63,26677.63,26627.49,26583.04,26545.63,26507.64,26466.28,26422.48,26391.36,26369.57,26343.58,26320.10,26296.73,26277.29,26266.50,26251.68,26242.77,26232.56,26219.66,26210.38,26199.87,26191.86,26184.70,26177.50,26171.59,26164.99,26159.02,26155.44,26150.75,26148.48,26143.98,26141.66,26137.33,26135.31,26131.59,26130.88,26129.29,26126.05,26123.68,26123.25,26122.17,26120.71,26120.61,26119.55,26118.28,26117.23,26114.42,26115.55,26113.55,26112.40,26111.62,26111.49,26110.07,26109.14,26109.10,26105.98,26105.78,26103.67,26103.68,26103.31,26102.16,26102.47,26100.13,26101.58,26099.18,26099.99,26097.29,26097.06
census_10000_4.csv,4,64, 13.6131,100.00,26109.36,26109.75,13.80,7.45,16.22,4.00,0.010000,2500.20,2499.20,2498.80,2501.80,obj,142422.37,32333.51,31402.35,30802.42,30302.46,29963.00,29705.40,29486.65,29304.67,29154.42,28987.04,28847.59,28701.30,28545.47,28398.19,28264.45,28142.83,28031.99,27950.63,27832.37,27711.98,27611.83,27519.77,27440.50,27348.69,27260.24,27185.29,27110.02,27036.78,26952.96,26879.18,26857.13,26778.05,26701.32,26635.00,26598.80,26547.98,26497.60,26442.39,26402.42,26371.83,26345.30,26323.64,26306.47,26293.24,26280.99,26267.43,26255.24,26243.68,26231.99,26220.13,26212.01,26202.73,26193.57,26187.83,26184.10,26177.98,26169.92,26163.31,26162.28,26159.29,26154.41,26151.88,26149.26,26147.46,26144.10,26143.06,26141.24,26139.61,26136.93,26135.65,26134.74,26134.45,26134.21,26132.31,26131.82,26131.21,26129.94,26130.08,26128.70,26126.67,26126.46,26125.97,26123.50,26122.02,26122.13,26119.87,26119.84,26120.34,26118.88,26118.16,26119.01,26117.41,26117.19,26116.35,26115.03,26113.75,26113.10,26111.98,26109.75
census_10000_4.csv,4,256, 15.3689,100.00,37473.53,37980.86,37201.21,0.23,5862.20,4.00,0.010000,2647.20,2443.60,2405.00,2504.20,obj,142620.49,32755.90,32559.41,32439.51,32433.26,32577.41,32933.62,32981.69,33096.53,33115.06,33446.35,33785.50,33762.04,34012.94,34350.77,35044.22,34995.56,35507.59,35277.07,35705.34,35895.56,35718.80,35991.82,36317.88,36827.49,36331.24,37100.98,36742.45,36728.32,37223.13,37214.95,37081.27,36674.03,36657.98,37247.86,38850.04,37318.75,37253.54,37560.14,38166.01,37015.96,37023.84,37589.70,37489.23,37233.08,37372.06,37863.91,37355.66,37433.62,37731.16,37503.74,38156.44,37579.22,37568.44,38279.45,38271.27,39030.52,39319.28,38723.47,38522.66,38678.69,37855.77,38093.60,38237.51,38567.93,38684.29,37737.08,38457.10,38424.65,37777.21,37877.44,38263.91,37891.12,37464.03,37647.10,38817.27,38634.24,38653.02,37619.03,38545.85,38587.35,39446.00,38461.18,38707.37,37852.67,38236.98,38884.72,37591.96,38384.19,37581.43,38158.15,38191.08,37689.68,37656.52,38201.26,38458.44,38341.41,37743.62,37635.93,37980.86
census_10000_4.csv,4,1024, 11.4952,100.00,39915.27,54115.53,961041.00,0.21,13577.86,4.00,0.010000,2616.80,2577.60,2181.20,2624.40,obj,161595.20,79909.49,49518.38,80723.09,43795.87,59648.22,53853.96,62210.01,50500.19,58691.54,58678.05,57234.15,52814.91,62296.26,55265.60,78832.46,46987.10,60776.62,50381.15,58716.42,52276.59,53863.27,61355.52,55285.33,54000.57,55428.77,51203.56,55129.93,58233.24,60745.99,52381.39,59113.75,60135.65,62913.68,51065.14,54296.64,59015.86,60812.09,58063.64,48051.96,50129.00,59869.51,56519.81,53258.37,79658.33,55159.47,56203.36,58387.90,61587.96,52620.42,50075.36,58450.32,52017.98,52981.49,54759.12,56709.83,49196.34,64541.17,62731.25,59935.29,56571.91,62350.15,55355.65,48579.25,50661.14,53246.98,60501.95,53953.11,59838.92,56596.91,70803.08,63017.95,58278.96,60612.97,98079.84,51908.96,55493.87,78368.25,54399.15,49369.27,54947.98,57455.35,59498.54,54389.77,47994.11,62691.83,94101.06,57265.42,67508.66,64530.85,60279.47,63736.43,46942.96,56984.33,60635.79,49664.64,66046.43,59706.00,86640.64,54115.53
Spanish_10000_4.csv,4,4, 15.2099,100.00,14751.94,14749.70,19.78,0.21,38.72,4.00,0.010000,1185.80,1186.40,1188.00,1185.80,obj,19812.70,18967.97,17355.66,16683.21,16234.17,15962.62,15789.75,15659.86,15486.37,15328.87,15225.64,15161.36,15115.51,15041.81,14951.67,14879.29,14847.27,14825.95,14808.40,14793.20,14789.17,14781.28,14769.99,14760.74,14756.68,14753.82,14751.18,14750.29,14749.32,14750.12,14752.13,14750.48,14750.19,14749.38,14749.67,14750.59,14751.12,14749.48,14751.13,14746.98,14749.77,14750.38,14750.05,14749.69,14750.65,14749.05,14750.73,14749.26,14750.78,14749.81,14750.19,14750.55,14749.28,14749.95,14750.57,14750.81,14750.22,14751.08,14749.76,14750.59,14749.91,14749.74,14750.52,14749.42,14750.40,14749.71,14750.61,14749.96,14749.43,14749.27,14749.92,14748.65,14750.12,14749.40,14750.37,14750.45,14749.77,14749.60,14750.07,14750.00,14750.59,14749.00,14750.10,14751.37,14749.22,14750.69,14751.38,14749.19,14749.78,14750.57,14750.04,14748.78,14751.01,14749.85,14750.17,14748.78,14750.81,14748.74,14751.00,14749.70
Spanish_10000_4.csv,4,16, 13.3130,100.00,14751.06,14751.47,1.99,0.27,36.64,4.00,0.010000,1185.60,1186.40,1187.80,1186.20,obj,19829.56,19013.67,17415.78,16705.97,16253.58,15989.50,15834.90,15721.30,15532.93,15375.11,15276.58,15219.98,15184.72,15140.25,15097.17,15003.85,14930.01,14882.41,14851.19,14819.91,14804.43,14797.26,14785.24,14773.78,14762.89,14761.02,14752.92,14752.62,14749.83,14751.48,14751.12,14749.24,14752.41,14750.60,14747.85,14750.60,14748.83,14749.99,14749.12,14750.76,14749.70,14750.02,14751.14,14750.25,14749.89,14750.05,14749.24,14749.99,14750.38,14750.70,14751.05,14749.56,14750.17,14750.27,14751.22,14750.83,14751.42,14751.01,14748.98,14750.31,14750.41,14750.88,14750.62,14748.96,14748.77,14749.32,14751.29,14749.53,14748.61,14751.64,14748.88,14750.44,14749.62,14749.17,14749.00,14749.65,14751.11,14750.24,14750.18,14750.79,14750.71,14750.09,14749.83,14750.75,14749.70,14749.89,14749.31,14749.84,14750.34,14750.27,14749.67,14749.91,14751.70,14747.95,14749.96,14749.95,14751.34,14748.59,14749.51,14751.47
Spanish_10000_4.csv,4,64, 10.4667,100.00,14749.87,14750.13,0.99,0.18,37.87,4.00,0.010000,1185.80,1186.00,1188.00,1186.20,obj,19895.94,19287.58,17543.73,16868.64,16534.62,16249.16,16045.07,15847.80,15679.33,15513.14,15349.74,15268.40,15221.45,15157.93,15076.71,15017.29,14942.67,14897.10,14846.56,14820.75,14816.51,14802.26,14786.95,14782.62,14776.14,14770.40,14759.29,14755.87,14755.83,14753.74,14756.39,14753.25,14749.41,14750.96,14749.60,14749.70,14749.63,14748.71,14751.24,14750.85,14749.85,14751.76,14748.49,14749.51,14751.29,14751.48,14751.83,14750.36,14749.67,14750.04,14753.79,14750.63,14750.56,14750.16,14750.56,14749.48,14748.31,14749.97,14750.81,14749.98,14750.98,14749.26,14750.75,14750.04,14752.37,14748.51,14750.20,14751.19,14751.39,14749.75,14749.25,14750.07,14749.85,14751.51,14750.94,14751.72,14749.90,14752.84,14751.35,14750.55,14747.37,14751.30,14749.49,14750.60,14749.41,14750.48,14752.34,14748.16,14750.36,14751.56,14748.99,14750.83,14749.55,14749.51,14750.50,14749.43,14750.86,14750.59,14749.81,14750.13
Spanish_10000_4.csv,4,256, 5.2704,100.00,16545.12,16537.70,9266.81,0.21,2807.28,4.00,0.010000,1192.20,1203.80,1158.40,1191.60,obj,21088.40,18655.85,17968.09,17916.13,17670.67,17793.03,17620.20,17542.74,17413.11,17382.76,17294.22,17155.82,17091.17,17054.55,17112.21,17126.35,16909.91,16768.80,16719.71,17192.93,17022.22,16962.99,16876.02,16685.03,16908.13,16802.79,16688.29,16647.79,16612.81,16603.38,16637.35,16590.14,16548.96,16535.64,16529.73,16521.66,16482.88,16513.61,16883.96,16634.40,16655.86,16610.40,16407.02,16667.90,16595.99,16562.82,16547.88,16561.36,16535.64,16624.07,16528.78,16528.79,16502.33,16536.34,16477.02,16453.48,16467.31,16913.92,16689.69,16678.77,16658.93,16514.86,16638.91,16577.82,16559.29,16549.96,16542.98,16546.20,16652.03,16517.39,16495.55,16501.62,16507.66,16487.23,16460.81,16459.43,16878.82,16676.08,16679.64,16642.42,16510.37,16659.96,16555.14,16552.29,16547.30,16545.10,16546.36,16640.73,16511.31,16495.03,16508.83,16511.88,16490.66,16462.91,16453.23,16872.47,16674.23,16668.56,16647.44,16537.70
Spanish_10000_4.csv,4,1024, 6.3856,100.00,23714.98,4743483.04,4685098.55,0.64,1453514.02,4.00,0.010000,1154.00,2252.80,1004.40,334.80,obj,45434.65,41494.86,64357.25,79228.92,122356.83,161502.09,156056.62,213015.10,308255.45,292305.61,380563.88,380052.79,528678.71,602040.54,630429.48,581018.35,627866.23,847710.71,921078.87,930757.92,830136.93,876987.89,982690.44,1224672.69,1298040.86,1286441.15,1127559.63,1174410.59,1301391.90,1601634.67,1675002.84,1642124.38,1424982.34,1471833.30,1620093.35,1978596.66,2051964.82,1997807.62,1722405.04,1769256.00,1938794.80,2355558.64,2428926.80,2353490.85,2019827.74,2066678.71,2257496.25,2732520.62,2805888.78,2709174.08,2317250.45,2364101.41,2576197.70,3109482.60,3182850.76,3064857.32,2614673.15,2661524.11,2894899.16,3486444.58,3559812.74,3420540.55,2912095.86,2958946.82,3213600.61,3863406.56,3936774.72,3776223.78,3209518.56,3256369.52,3532302.06,4240368.54,4313736.70,4131907.01,3506941.26,3553792.23,3851003.51,4617330.52,4690698.68,4487590.25,3804363.97,3851214.93,4169704.96,4994292.50,5067660.67,4843273.48,4101786.67,4148637.63,4488406.41,5371254.48,5444622.65,5198956.71,4399209.37,4446060.34,4807107.87,5748216.46,5821584.63,5554639.95,4696632.08,4743483.04
student_10000_4.csv,4,4, 36.9596,100.00,10887.17,10887.63,1.00,0.76,37.04,4.00,0.010000,2502.00,2498.20,2500.40,2499.40,obj,14724.40,13321.94,12620.68,12271.07,12112.79,11945.16,11781.95,11722.01,11646.14,11544.86,11424.86,11294.24,11205.33,11123.95,11038.17,10990.90,10984.66,10975.80,10978.46,10978.80,10979.57,10979.80,10977.98,10977.30,10977.78,10976.87,10976.27,10975.62,10974.15,10975.94,10974.68,10973.22,10975.53,10974.79,10971.65,10971.48,10971.31,10969.59,10969.46,10969.28,10969.57,10969.10,10970.18,10967.28,10966.06,10966.82,10965.85,10964.41,10964.35,10964.32,10963.88,10963.11,10963.42,10959.28,10963.23,10958.97,10958.76,10958.37,10956.34,10956.14,10955.65,10954.59,10952.42,10953.73,10949.96,10950.32,10950.49,10946.39,10947.01,10946.58,10944.55,10941.60,10941.83,10941.28,10938.92,10937.98,10936.09,10930.74,10929.51,10931.03,10931.23,10927.66,10925.52,10924.22,10921.31,10919.46,10915.87,10916.51,10915.25,10910.39,10908.96,10905.15,10903.46,10899.13,10898.93,10895.98,10892.62,10891.13,10886.96,10887.63
student_10000_4.csv,4,16, 27.2113,100.00,11003.64,10997.26,17.00,0.11,5.80,4.00,0.010000,2501.00,2499.60,2499.80,2499.60,obj,14759.61,13381.82,12646.00,12319.49,12150.82,12000.72,11832.87,11748.20,11701.38,11634.91,11529.56,11421.67,11301.45,11217.37,11155.57,11074.57,11019.47,11003.09,10997.36,10995.36,10997.34,10997.67,10995.57,10990.03,10995.16,10997.31,10991.71,10994.61,11000.07,10997.40,10995.71,10994.75,10992.71,11000.68,10995.05,10994.62,10994.58,11000.26,10995.29,10992.99,10999.49,11003.59,10991.23,10993.65,10996.88,10991.71,11006.12,10989.08,10989.86,11001.22,10991.75,10995.73,10998.10,10998.30,10989.35,10997.12,10993.53,10998.26,10989.84,10996.96,10992.16,10991.86,10996.58,11007.25,10996.16,10999.73,10999.54,10995.16,10995.42,10999.20,10996.28,10993.95,10993.78,10994.98,10996.04,10991.34,10995.06,10994.50,11000.60,10998.54,10987.72,10994.44,10999.90,10988.33,10997.57,10995.78,10993.87,11004.32,10993.23,10992.34,10998.16,10991.35,10998.21,11000.42,10994.84,10993.74,10993.90,10993.23,10999.38,10997.26
student_10000_4.csv,4,64, 26.5099,100.00,11035.27,11043.68,405.80,0.74,31.23,4.00,0.010000,2497.80,2502.60,2491.80,2507.80,obj,14948.99,13817.59,13145.28,12635.77,12309.45,12116.66,11939.72,11764.39,11695.15,11607.35,11528.21,11440.48,11359.69,11308.70,11232.52,11184.07,11120.88,11106.90,11068.13,11080.13,11047.19,11029.88,11025.21,11038.87,11010.97,11020.49,11022.46,11023.87,11028.63,11014.66,11013.10,11034.64,11022.96,11012.73,11002.12,11001.58,11026.97,11027.01,11015.12,10991.92,11010.81,11019.02,11009.21,11027.49,11032.71,11014.64,11026.82,11034.46,11012.12,11019.44,11035.55,11006.33,11015.50,11033.90,11013.35,11012.13,11002.61,11025.40,10991.29,11001.85,11008.56,11013.95,10999.91,11023.32,11043.82,11026.85,11036.77,11033.66,11010.74,11052.88,11028.76,11012.28,11019.43,11008.77,11045.68,11008.30,11031.93,11035.83,11010.65,10994.73,11035.20,11026.96,11011.53,11026.99,11017.66,11007.34,11030.47,11035.95,11029.95,11014.55,11021.39,11029.42,11107.38,11071.28,11033.11,10997.58,11042.32,10992.70,11017.42,11043.68
student_10000_4.csv,4,256, 16.5783,100.00,17707.97,18312.09,37469.80,1.04,693.77,4.00,0.010000,2474.60,2518.00,2471.40,2536.00,obj,16123.50,16467.67,17091.62,17046.62,17004.05,16939.28,16899.13,16924.14,16989.69,16933.22,16913.72,17116.44,16984.37,17017.93,17041.83,18145.34,17133.79,18694.25,17201.76,17201.76,17983.92,16897.45,17352.99,17943.93,17884.66,17792.20,17478.46,18032.01,17461.17,17652.47,18129.67,17673.13,17779.86,17588.99,17682.69,17501.86,17435.87,17556.35,17685.63,18130.89,17697.55,17653.75,17906.26,17594.69,17725.90,17391.02,17339.95,17338.96,18102.49,17429.84,17443.63,17388.35,17318.24,17215.46,18846.81,18921.48,18142.41,18458.07,17770.78,17562.81,18544.79,17376.12,17587.13,18365.34,17901.98,18499.04,17975.99,18230.28,18005.82,18111.06,17947.91,17957.72,17491.92,17910.41,17620.14,17433.24,17493.22,17573.67,18352.39,19172.60,18306.80,18396.06,17744.27,18106.99,17778.99,18256.21,18055.33,18018.60,18931.66,18193.03,18006.87,18061.10,18043.41,18359.63,19675.00,19380.72,18650.94,19164.68,18480.90,18312.09
student_10000_4.csv,4,1024, 12.0231,100.00,19984.33,49275.66,1539049.00,1.25,8151.26,4.00,0.010000,2867.20,2409.60,2156.80,2566.40,obj,22351.51,36206.93,36363.88,46446.60,28907.25,30607.69,32768.09,38735.83,48847.25,44136.38,20599.53,36757.91,37407.15,33946.99,37755.50,31878.95,35161.53,38241.03,33735.79,35198.20,37641.49,41267.23,44217.16,34584.32,57098.61,40802.95,27094.49,47185.79,30006.13,36292.20,41451.78,50144.09,34393.10,26615.83,34584.24,36426.94,36316.58,37883.18,41299.99,38304.08,40780.26,41156.45,36390.49,27615.28,37062.57,40345.08,44930.23,39030.12,29848.22,54326.36,30346.68,32641.26,34156.90,41594.37,39736.39,29023.10,39784.35,35164.24,74927.77,39257.85,34165.65,39352.56,38499.84,33819.18,37578.31,38185.39,44005.00,30216.27,37459.34,29931.82,38364.82,42309.23,35959.46,34752.37,32755.17,35935.97,57729.69,33317.25,42615.28,30874.98,31074.19,38535.78,40328.11,30741.51,38553.24,46238.12,41781.52,28577.99,33119.78,39039.34,30232.59,39193.89,38029.35,34273.94,38227.65,37222.52,47518.78,27135.37,31995.12,49275.66
pricerunner_10000_4.csv,4,4, 36.1713,100.00,11131.32,11130.94,1.00,1.34,171.13,4.00,0.010000,2500.20,2500.40,2500.60,2498.80,obj,16225.70,14217.88,13405.69,12848.50,12391.35,12069.70,11776.14,11653.26,11475.33,11408.84,11364.64,11326.31,11297.96,11272.99,11266.90,11271.28,11253.74,11240.04,11226.95,11231.84,11232.50,11230.89,11230.28,11228.15,11223.09,11223.81,11222.86,11225.82,11221.13,11218.61,11218.23,11215.90,11214.30,11216.99,11215.67,11214.25,11214.84,11212.15,11212.81,11208.12,11215.92,11209.60,11209.97,11207.23,11214.71,11206.16,11210.03,11205.01,11208.27,11204.64,11206.53,11205.70,11205.60,11206.78,11202.44,11205.30,11204.72,11209.98,11193.73,11167.58,11175.93,11168.37,11151.69,11139.16,11134.59,11128.43,11130.72,11126.87,11129.91,11131.32,11129.88,11135.14,11132.39,11131.43,11130.14,11128.37,11127.28,11130.81,11132.22,11133.77,11131.81,11130.95,11129.48,11126.21,11131.34,11128.60,11130.86,11129.77,11128.57,11129.80,11125.83,11129.63,11127.44,11126.90,11132.30,11128.38,11127.39,11129.46,11127.85,11130.94
pricerunner_10000_4.csv,4,16, 26.9529,100.00,11134.96,11133.18,17.00,0.60,175.36,4.00,0.010000,2500.40,2500.60,2500.60,2498.40,obj,16261.01,14265.46,13440.01,12890.34,12430.15,12110.11,11809.17,11671.88,11484.82,11416.53,11371.33,11336.04,11308.13,11275.74,11270.59,11273.24,11252.26,11238.83,11230.12,11230.95,11233.28,11230.92,11229.59,11228.87,11226.98,11226.87,11226.58,11225.79,11222.81,11215.35,11220.44,11213.40,11219.80,11219.03,11210.70,11219.09,11215.35,11211.51,11211.52,11212.49,11212.44,11208.32,11214.96,11211.64,11209.05,11214.10,11205.96,11202.47,11208.90,11208.10,11208.58,11208.78,11205.41,11207.46,11203.79,11202.05,11203.11,11174.59,11128.28,11161.02,11167.93,11137.60,11141.48,11140.40,11135.31,11138.12,11131.99,11133.53,11132.89,11132.86,11129.48,11134.69,11132.73,11130.52,11134.06,11130.59,11130.51,11134.70,11130.30,11130.16,11130.30,11130.73,11130.44,11130.85,11126.78,11135.96,11127.59,11129.73,11126.29,11129.07,11133.58,11126.11,11127.74,11130.66,11129.77,11129.05,11131.96,11127.02,11124.86,11133.18
pricerunner_10000_4.csv,4,64, 24.8133,100.00,11132.24,11128.52,4.20,0.36,169.01,4.00,0.010000,2500.00,2500.60,2500.60,2498.80,obj,16318.42,14378.64,13527.89,12982.04,12516.63,12196.40,11886.16,11708.60,11502.51,11436.78,11394.95,11359.52,11327.82,11305.23,11301.39,11273.93,11252.04,11246.63,11234.95,11234.83,11231.48,11234.88,11233.70,11232.47,11230.55,11229.82,11228.45,11228.80,11227.83,11223.11,11226.80,11230.58,11223.91,11218.41,11191.36,11133.07,11156.26,11145.72,11143.58,11138.30,11140.94,11147.03,11139.95,11133.88,11138.01,11132.00,11129.74,11133.41,11136.49,11133.24,11131.77,11133.34,11134.38,11128.09,11127.03,11127.05,11131.16,11129.46,11128.63,11129.49,11128.37,11130.12,11127.83,11133.06,11133.49,11128.81,11135.71,11123.76,11136.16,11132.42,11128.46,11132.55,11135.79,11133.65,11130.78,11133.49,11128.50,11131.32,11133.40,11130.76,11133.07,11133.52,11128.44,11128.34,11133.17,11132.79,11135.14,11131.17,11130.87,11130.25,11131.15,11130.96,11134.69,11128.41,11133.94,11133.22,11130.61,11133.92,11130.51,11128.52
pricerunner_10000_4.csv,4,256, 16.0931,100.00,11185.44,11250.51,1554.60,1.04,272.30,4.00,0.010000,2496.20,2504.20,2495.00,2504.60,obj,16484.89,14936.78,14233.91,13830.71,13591.10,13241.29,12965.77,12679.18,12420.91,12193.05,12049.90,11894.11,11775.30,11606.82,11560.57,11514.08,11439.72,11414.77,11378.61,11376.95,11341.98,11398.85,11354.40,11344.73,11331.84,11327.02,11302.52,11324.60,11297.60,11296.89,11293.84,11297.77,11287.43,11279.69,11250.89,11274.57,11278.04,11295.04,11278.62,11279.98,11280.44,11269.88,11274.70,11281.92,11288.26,11279.75,11283.03,11302.71,11281.93,11277.12,11276.34,11285.15,11271.61,11270.66,11271.67,11277.29,11278.60,11274.87,11264.45,11266.47,11263.34,11308.84,11309.06,11278.81,11261.18,11243.98,11269.83,11248.84,11252.12,11223.03,11235.91,11238.52,11239.84,11236.65,11256.04,11249.26,11273.42,11274.90,11236.91,11248.21,11261.13,11266.89,11271.91,11280.85,11269.98,11267.54,11261.77,11249.43,11268.01,11259.00,11253.16,11262.71,11259.75,11265.28,11254.86,11249.51,11258.53,11256.99,11230.90,11250.51
pricerunner_10000_4.csv,4,1024, 11.5314,100.00,39987.53,52909.70,831241.00,0.26,8449.21,4.00,0.010000,2409.60,2819.20,2361.60,2409.60,obj,19546.21,27422.17,30988.25,39882.07,30118.42,28498.24,27423.89,25818.82,33870.38,39022.62,37972.11,34576.59,37960.37,44007.61,36442.91,37369.08,30047.57,30628.29,35610.71,48981.79,42778.90,55741.84,41228.72,42560.57,46611.92,46911.43,39815.73,37698.65,31813.58,35964.40,41347.44,46326.18,41130.75,40215.51,45704.02,41849.18,41764.76,45061.50,36582.35,32412.46,36042.45,49885.02,45150.34,41672.99,36153.75,41336.25,39308.54,43449.23,41923.99,37065.84,43475.44,36514.89,66939.31,36254.68,41549.37,36786.15,39628.09,44194.74,64450.08,44903.26,44717.67,54086.97,75498.57,72097.79,46946.73,55203.52,52071.80,59265.59,46566.08,64984.12,51433.53,59452.91,56354.26,59030.47,46806.79,50953.24,54875.41,60604.27,55417.52,57820.59,51021.16,57592.49,53496.44,58871.92,54640.81,55359.23,52252.73,54018.90,59486.18,61808.87,52133.87,57408.48,58352.67,55046.76,54673.90,56029.02,61992.21,51298.73,51767.83,52909.70
cohort_10000_4.csv,4,4, 36.6593,100.00,17006.03,17006.60,10.60,0.37,192.99,4.00,0.010000,2501.00,2501.80,2498.40,2498.80,obj,18948.18,18346.17,17913.46,17734.18,17603.52,17508.26,17402.47,17363.90,17350.77,17333.37,17307.84,17298.28,17284.61,17269.35,17249.26,17230.58,17203.99,17185.24,17183.65,17138.58,17123.78,17127.50,17124.42,17119.51,17115.43,17114.90,17107.05,17107.65,17107.71,17104.40,17092.34,17080.45,17060.39,17027.24,17017.54,17006.24,16997.30,16998.22,16998.78,17002.94,17001.28,17001.16,17003.79,17001.13,17002.26,17004.02,17001.17,17002.48,17005.62,17003.11,17004.17,17001.57,17003.26,17004.55,17005.76,17005.67,17005.42,17004.81,17002.48,17004.58,17004.64,17007.81,17005.54,17002.44,17005.48,17003.08,17007.36,17004.04,17004.59,17006.04,17005.15,17004.67,17005.97,17003.07,17004.46,17008.22,17005.39,17003.10,17006.99,17004.50,17003.30,17007.34,17004.53,17005.22,17006.13,17004.54,17004.14,17006.66,17003.41,17003.00,17005.54,17005.94,17006.53,17004.08,17001.45,17007.91,17005.79,17003.89,17004.11,17006.60
cohort_10000_4.csv,4,16, 27.2781,100.00,17006.48,17006.78,10.60,0.56,188.09,4.00,0.010000,2500.20,2502.80,2497.40,2499.60,obj,18962.08,18322.73,17929.93,17753.94,17648.16,17534.26,17414.42,17387.28,17374.65,17360.71,17332.23,17316.45,17308.69,17293.33,17282.70,17270.44,17248.48,17226.56,17200.72,17220.76,17188.39,17145.07,17130.92,17129.97,17124.74,17128.38,17122.94,17125.65,17124.46,17131.78,17123.03,17117.46,17131.03,17116.11,17125.38,17117.87,17118.27,17116.78,17114.69,17120.07,17112.32,17115.91,17103.99,17121.10,17102.70,17105.59,17097.83,17089.47,17075.19,17047.27,17016.22,17004.18,17005.16,17000.11,17001.13,17005.15,17003.03,17000.06,17006.15,17004.02,16999.51,17004.06,17002.67,17003.82,17002.76,17002.97,17008.10,17008.35,17006.10,17005.81,17003.31,17006.44,17003.33,17005.93,17003.03,17006.95,17004.65,16999.44,17005.97,17007.49,17008.00,17005.37,17006.36,17007.73,17006.72,17000.48,17005.46,17006.03,17002.14,17007.12,17005.34,17004.82,17001.34,17017.45,17006.39,17002.43,17003.89,17005.15,17004.46,17006.78
cohort_10000_4.csv,4,64, 25.0572,100.00,17429.79,17450.92,170.60,0.42,278.90,4.00,0.010000,2501.60,2504.80,2495.00,2498.60,obj,19052.86,18441.19,18055.96,17882.93,17768.07,17655.58,17608.51,17561.28,17555.77,17537.85,17560.71,17563.33,17526.44,17521.15,17503.23,17496.51,17483.38,17470.87,17498.30,17472.73,17484.83,17481.33,17456.56,17458.65,17471.95,17469.95,17464.90,17477.70,17462.25,17451.11,17443.19,17416.34,17441.27,17410.75,17418.11,17438.63,17447.69,17415.85,17443.07,17460.20,17435.93,17430.58,17436.63,17459.13,17419.54,17446.52,17410.65,17425.86,17454.64,17440.21,17443.62,17439.71,17443.28,17425.30,17435.11,17429.67,17413.06,17424.17,17462.99,17445.77,17404.61,17444.06,17424.07,17434.02,17424.21,17442.50,17445.26,17433.37,17443.46,17455.36,17448.83,17411.05,17414.98,17470.60,17412.35,17414.47,17423.34,17458.60,17424.44,17420.25,17437.58,17466.67,17482.62,17442.83,17424.87,17401.35,17428.33,17447.89,17450.05,17408.09,17450.34,17459.26,17441.57,17459.36,17437.54,17389.82,17440.35,17437.52,17398.48,17450.92
cohort_10000_4.csv,4,256, 14.7921,100.00,19562.22,19613.39,1601.00,0.73,1676.93,4.00,0.010000,2492.80,2501.60,2497.80,2507.80,obj,19816.71,19888.80,19795.27,20085.82,20044.97,19917.79,19866.04,19871.09,19893.85,19807.63,19866.26,19892.46,19665.19,19704.98,19674.91,19714.98,19627.27,19582.05,19747.63,19616.11,19634.73,19592.78,19640.38,19628.24,19654.20,20034.37,19627.90,19987.97,19549.67,19981.91,19449.75,20040.43,19360.45,19948.61,19931.09,19777.77,19514.90,19570.32,19518.80,19675.21,19793.10,19781.24,19872.96,19889.13,19785.75,19806.61,19799.67,19799.95,19815.83,19898.42,19754.32,19788.36,19785.67,19734.64,19818.83,19790.74,19801.84,19875.74,19860.87,19779.10,19813.62,19817.82,19822.02,19637.34,19773.16,20053.16,19666.07,20012.12,19667.60,20206.52,19570.58,20099.48,20086.14,20075.27,20079.25,19732.27,19900.58,19986.16,19842.09,19751.48,20029.54,19783.91,19683.55,19747.54,19736.79,19699.11,19720.39,19746.55,19793.32,19742.50,19650.83,19640.25,19637.55,19609.08,19616.13,19693.76,19787.19,19703.89,19728.82,19613.39
cohort_10000_4.csv,4,1024, 12.1162,100.00,29987.49,50661.20,952105.00,0.25,10694.47,4.00,0.010000,2867.20,2819.20,2156.80,2156.80,obj,25536.05,42046.89,45145.36,45585.10,46672.39,42270.95,44976.74,45477.90,40232.30,45393.39,73882.90,44455.26,47088.37,46698.38,72194.63,49315.25,45750.24,47047.87,43397.43,48783.20,41164.74,47395.53,48541.24,52087.85,45655.48,42680.76,44365.79,49311.69,45737.65,50999.68,44514.87,43065.75,41030.10,46294.60,51715.58,48545.80,41142.58,45850.80,50946.26,44581.11,52395.95,55946.17,41886.52,70159.90,70749.16,44658.77,56065.13,43384.99,41974.01,39650.73,52921.32,47364.94,39397.28,51906.22,47927.15,44465.05,52813.82,48293.32,40484.63,43370.53,48137.08,38444.48,53596.45,45256.95,47877.56,43558.82,46308.65,49871.95,46030.05,52439.75,51238.05,44912.92,41560.38,49026.72,52286.87,40470.64,49402.06,50581.35,37499.67,49573.97,51816.94,40695.77,45766.95,45978.38,53087.49,40352.15,53031.84,48068.33,70696.35,49753.32,44243.52,42982.76,48372.29,40203.22,68006.71,44781.85,46248.99,49625.88,48389.82,50661.20
diabeteshealthindicators1_10000_4.csv,4,4, 35.8722,100.00,171385.78,171386.81,7.40,3.03,4.46,4.00,0.010000,2500.40,2498.60,2499.60,2501.40,obj,184858.22,179822.84,178327.02,177394.41,176660.13,176094.33,175622.42,175245.77,174866.81,174463.29,174117.58,173771.99,173441.34,173146.63,172913.34,172741.39,172628.43,172511.98,172363.09,172236.32,172129.16,172036.70,171975.32,171886.17,171777.96,171693.57,171617.10,171567.11,171535.70,171519.13,171522.94,171524.16,171507.43,171506.34,171485.84,171495.55,171471.06,171456.48,171440.53,171426.91,171405.93,171403.25,171395.76,171401.76,171406.93,171404.84,171407.26,171406.76,171410.10,171405.93,171401.81,171397.46,171389.43,171385.61,171387.72,171384.69,171389.17,171387.39,171391.33,171395.65,171395.60,171393.01,171397.11,171387.05,171386.91,171383.75,171384.49,171383.19,171387.40,171385.22,171383.66,171395.06,171391.24,171391.60,171385.89,171392.58,171384.48,171383.39,171383.05,171385.08,171384.37,171384.27,171389.78,171384.90,171390.55,171385.79,171391.92,171387.65,171386.96,171382.79,171388.06,171383.74,171385.23,171387.18,171385.57,171385.32,171387.70,171389.12,171387.22,171386.81
diabeteshealthindicators1_10000_4.csv,4,16, 28.2768,100.00,171383.82,171388.21,7.40,0.45,4.26,4.00,0.010000,2500.20,2499.20,2499.20,2501.40,obj,184899.33,179869.76,178363.68,177435.29,176700.12,176130.97,175677.60,175309.73,174928.49,174536.21,174172.56,173837.60,173504.86,173207.35,172975.75,172802.83,172681.86,172586.96,172431.77,172298.88,172181.00,172083.12,172025.65,171921.21,171823.63,171721.78,171650.92,171584.92,171548.68,171533.64,171535.88,171532.85,171523.66,171514.28,171493.62,171497.29,171481.70,171458.35,171446.61,171429.18,171408.31,171406.99,171401.96,171401.42,171408.98,171407.34,171409.05,171413.69,171410.63,171406.53,171403.12,171397.53,171391.23,171392.26,171385.75,171386.44,171383.89,171392.33,171395.60,171393.72,171398.11,171394.04,171393.51,171386.43,171388.80,171384.39,171381.23,171388.54,171385.73,171387.00,171388.60,171390.00,171392.57,171387.22,171390.24,171388.66,171387.98,171382.41,171385.70,171383.06,171386.17,171385.01,171389.54,171386.73,171388.93,171391.78,171385.38,171388.05,171387.34,171383.63,171384.60,171387.30,171386.61,171383.61,171389.03,171386.13,171386.33,171387.55,171386.25,171388.21
diabeteshealthindicators1_10000_4.csv,4,64, 26.2247,100.00,171384.76,171391.76,10.60,0.36,6.99,4.00,0.010000,2500.20,2499.00,2500.20,2500.60,obj,185025.99,180063.39,178536.02,177632.34,176890.35,176314.12,175868.96,175505.39,175151.44,174788.38,174435.55,174088.17,173772.33,173473.36,173224.89,173045.67,172903.48,172808.68,172683.82,172515.72,172388.08,172243.85,172192.78,172075.39,171964.75,171837.69,171746.62,171680.08,171618.72,171589.49,171581.28,171590.70,171574.51,171567.02,171537.67,171522.01,171523.55,171493.77,171478.80,171451.84,171434.04,171425.03,171413.88,171413.32,171414.72,171423.34,171423.88,171420.70,171414.36,171426.53,171419.77,171409.01,171400.18,171391.52,171394.40,171388.11,171387.23,171394.29,171392.81,171396.99,171401.93,171399.18,171398.03,171391.53,171394.72,171385.91,171386.55,171383.47,171385.48,171388.73,171383.93,171389.47,171393.29,171391.35,171392.54,171389.45,171388.44,171391.21,171385.32,171382.52,171383.30,171384.54,171390.78,171382.97,171390.52,171387.20,171387.47,171389.15,171389.88,171387.75,171384.09,171383.52,171389.27,171383.43,171384.96,171385.49,171384.08,171387.49,171387.61,171391.76
diabeteshealthindicators1_10000_4.csv,4,256, 19.3260,100.00,171389.87,171397.12,23.40,0.81,6.49,4.00,0.010000,2501.80,2498.80,2496.80,2502.60,obj,185396.97,180721.96,179297.78,178398.59,177755.35,177226.12,176825.62,176506.96,176248.16,175989.53,175673.68,175364.72,175068.67,174752.87,174461.10,174253.88,174078.01,173915.36,173767.30,173844.32,173642.30,173529.94,173269.16,173062.12,172881.59,172848.85,172760.37,172564.66,172373.38,172230.53,172149.39,172073.56,172012.59,171971.86,171982.33,171967.68,171917.66,171849.04,171777.43,171727.57,171730.96,171701.73,171680.61,171629.56,171592.44,171585.46,171574.95,171561.97,171570.61,171553.05,171539.08,171518.08,171498.29,171482.41,171488.37,171477.73,171476.64,171463.47,171453.92,171443.53,171443.54,171451.43,171451.39,171443.90,171442.38,171422.14,171407.83,171413.88,171416.41,171413.36,171416.17,171417.71,171418.10,171409.09,171408.56,171414.54,171409.55,171407.30,171395.90,171393.09,171396.66,171390.78,171398.86,171399.55,171400.27,171401.81,171398.86,171398.65,171401.98,171395.46,171394.15,171388.43,171389.63,171385.89,171387.37,171392.55,171394.19,171397.12,171397.16,171397.12
diabeteshealthindicators1_10000_4.csv,4,1024, 17.6647,100.00,194658.35,196125.27,463450.60,0.69,8996.53,4.00,0.010000,2440.20,2558.60,2203.80,2797.40,obj,189618.64,199020.89,201142.29,194247.23,188120.39,196951.70,195432.76,193645.86,200714.81,206612.04,196299.78,198747.96,193064.50,194150.76,191195.31,199287.40,193605.69,194571.56,207625.34,202539.18,209656.40,194282.40,196598.19,197816.11,200661.34,203102.00,198795.97,199384.63,211398.90,205233.40,200570.00,204083.38,197166.46,198652.54,196298.63,208643.48,200172.20,199899.44,213111.70,200976.15,199188.11,198938.07,205354.35,200757.22,193638.46,206151.96,199842.32,196846.30,210122.93,195555.32,203278.50,203299.42,196476.38,205870.62,197663.79,204261.27,199257.72,198893.25,205999.20,200122.46,199807.05,203581.87,197862.29,198043.23,201867.71,206500.14,222527.21,198204.34,204386.87,198714.41,198218.30,200613.66,198783.62,202212.06,192390.59,215405.69,206254.61,199255.90,203842.30,199325.52,200616.36,195868.23,198874.80,200604.42,194577.48,204248.29,207204.68,198677.65,202932.44,199788.44,199566.32,202408.96,193964.71,195544.06,198521.56,205948.35,197812.19,209245.37,209388.92,196125.27
NHANES_10000_4.csv,4,4, 2.7773,100.00,13941.99,13936.84,10.53,0.09,6.32,4.00,0.010000,570.20,569.80,568.20,569.80,obj,16542.03,15447.37,14698.18,14520.63,14403.25,14211.13,14179.55,14129.18,14059.87,13966.86,13976.94,13968.77,13961.23,13956.24,13937.98,13945.48,13939.75,13951.34,13935.94,13942.84,13948.39,13937.69,13947.04,13938.33,13945.11,13944.25,13941.63,13940.93,13943.52,13944.97,13940.39,13943.00,13942.36,13944.51,13948.30,13930.87,13954.67,13936.93,13942.68,13950.36,13932.33,13951.98,13934.04,13948.85,13938.18,13946.81,13940.25,13947.32,13940.17,13940.91,13945.85,13939.11,13944.78,13943.45,13948.60,13935.05,13953.72,13928.71,13959.11,13929.14,13946.90,13946.10,13933.95,13956.68,13929.04,13956.79,13930.75,13954.83,13934.74,13946.44,13944.07,13933.99,13954.18,13935.33,13948.68,13935.98,13956.24,13925.51,13959.68,13935.33,13947.86,13934.73,13949.82,13938.50,13946.90,13936.13,13952.84,13931.55,13950.65,13935.72,13951.22,13935.14,13953.13,13932.69,13951.20,13934.63,13948.93,13936.73,13949.50,13936.84
NHANES_10000_4.csv,4,16, 2.5152,100.00,13939.92,13942.09,4.60,0.11,6.51,4.00,0.010000,570.00,569.40,569.00,569.60,obj,16556.62,15472.09,14702.50,14513.27,14437.60,14228.03,14193.92,14134.84,14068.74,13973.10,13969.59,13964.78,13955.99,13934.64,13949.71,13938.85,13944.62,13936.51,13944.66,13941.29,13946.32,13940.46,13943.40,13943.70,13939.88,13947.59,13941.54,13936.54,13953.37,13938.39,13942.03,13945.73,13937.90,13947.19,13935.55,13948.80,13937.85,13943.70,13948.58,13938.60,13942.10,13942.87,13946.50,13939.86,13944.09,13940.95,13940.06,13950.96,13934.51,13948.64,13939.88,13946.82,13936.42,13951.39,13934.18,13949.59,13940.00,13942.11,13945.28,13941.05,13942.28,13945.67,13937.83,13949.79,13935.55,13945.25,13945.01,13938.01,13947.84,13938.74,13946.93,13939.58,13944.68,13940.73,13942.54,13947.16,13934.36,13954.05,13932.77,13953.44,13935.20,13943.56,13946.88,13935.53,13950.32,13940.16,13944.19,13946.89,13936.27,13947.66,13937.81,13948.77,13936.49,13952.70,13935.78,13944.51,13941.88,13941.99,13943.72,13942.09
NHANES_10000_4.csv,4,64, 2.2197,100.00,13948.64,13934.21,85.71,0.08,24.16,4.00,0.010000,570.20,568.60,568.40,570.80,obj,16559.17,15591.03,14709.22,14552.85,14497.14,14397.78,14321.64,14275.03,14162.57,14048.20,14028.40,14041.38,13973.13,14000.64,13983.18,13984.01,13996.73,13977.96,13966.46,13945.56,13946.26,13940.46,13940.79,13945.54,13941.87,13939.98,13948.87,13938.55,13942.74,13946.25,13933.89,13954.64,13930.64,13954.65,13933.44,13946.46,13948.67,13930.17,13956.12,13935.55,13942.05,13947.64,13941.22,13943.61,13945.09,13941.66,13937.88,13948.58,13939.31,13947.23,13938.40,13946.35,13938.73,13943.49,13947.34,13933.54,13954.51,13935.60,13939.52,13948.93,13941.63,13943.66,13941.26,13941.92,13949.60,13933.30,13948.81,13941.60,13944.45,13940.36,13940.90,13945.72,13944.14,13939.75,13945.38,13941.11,13940.93,13949.38,13935.38,13950.35,13933.77,13949.35,13944.21,13940.49,13939.60,13945.88,13942.16,13945.56,13939.86,13938.00,13954.08,13932.08,13950.80,13937.82,13946.60,13939.36,13948.75,13932.58,13953.60,13934.21
NHANES_10000_4.csv,4,256, 2.1983,100.00,14790.50,14764.24,311.09,0.15,1264.34,4.00,0.010000,578.60,561.20,566.20,572.00,obj,16784.24,16333.30,15332.18,15069.44,14958.78,15112.42,14935.02,14970.56,14843.88,14825.70,14788.18,14823.59,14794.44,14779.05,14855.27,14765.20,14776.54,14860.84,14777.67,14786.11,14842.59,14768.48,14785.41,14864.17,14765.30,14780.89,14842.62,14778.34,14794.68,14849.20,14765.25,14774.66,14866.61,14771.92,14787.64,14844.13,14763.28,14793.46,14863.07,14766.52,14779.29,14843.32,14779.44,14784.31,14864.50,14752.69,14788.70,14854.59,14775.77,14784.94,14854.39,14747.60,14805.03,14854.88,14769.63,14783.94,14846.11,14767.80,14806.15,14846.16,14759.77,14790.70,14848.81,14781.27,14786.68,14845.24,14763.75,14787.96,14866.07,14762.09,14789.44,14840.13,14773.73,14798.30,14851.59,14759.69,14783.33,14860.50,14769.86,14794.26,14842.69,14758.57,14799.12,14858.42,14762.71,14790.56,14843.26,14771.96,14797.16,14846.48,14764.64,14779.53,14857.22,14777.37,14785.55,14847.28,14763.88,14790.98,14861.19,14764.24
NHANES_10000_4.csv,4,1024, 3.1461,100.00,20502.00,4999040.14,5444079.14,0.59,5207351.70,4.00,0.010000,0.00,455.60,911.20,911.20,obj,17892.50,17356.25,20854.14,27878.40,57276.60,74811.42,35790.93,49059.70,163906.19,116586.96,149145.48,186027.19,186519.12,316617.85,371281.93,425579.47,480187.35,534753.82,589094.49,643389.91,697943.25,752619.83,807047.74,861539.99,915980.78,970421.57,1024862.37,1079303.16,1133743.95,1188184.74,1242625.53,1297066.32,1351507.11,1405947.91,1460388.70,1514829.49,1569270.28,1623711.07,1678151.86,1732592.65,1787033.45,1841474.24,1895915.03,1950355.82,2004796.61,2059237.40,2113678.19,2168118.99,2222559.78,2277000.57,2331441.36,2385882.15,2440322.94,2494763.73,2549204.53,2603645.32,2658086.11,2712526.90,2766967.69,2821408.48,2875849.27,2930290.07,2984730.86,3039171.65,3093612.44,3148053.23,3202494.02,3256934.81,3311375.61,3365816.40,3420257.19,3474697.98,3529138.77,3583579.56,3638020.35,3692461.14,3746901.94,3801342.73,3855783.52,3910224.31,3964665.10,4019105.89,4073546.68,4127987.48,4182428.27,4236869.06,4291309.85,4345750.64,4400191.43,4454632.22,4509073.02,4563513.81,4617954.60,4672395.39,4726836.18,4781276.97,4835717.76,4890158.56,4944599.35,4999040.14
NHANES_10000_4.csv,4,1024, 2.7832,100.00,20500.29,1135317.69,1200624.44,0.33,191168.28,4.00,0.010000,0.00,1162.00,911.20,204.80,obj,22286.99,22214.70,25590.29,34917.63,48210.08,73874.24,63863.01,63342.16,86795.54,87471.53,103382.29,109616.18,130903.03,121541.19,156414.82,148503.71,167724.18,171503.15,195283.84,185100.56,232572.61,207738.32,229397.58,236611.65,243736.07,242307.47,295558.95,314694.21,283053.96,265593.98,310018.00,290464.44,336980.14,315332.92,363942.28,340190.62,390883.27,365038.34,417824.66,389886.07,444766.04,414733.79,471707.43,439581.51,498648.81,464429.23,525590.20,489276.95,552531.58,514124.67,579472.97,538972.39,606414.35,563820.11,633355.74,588667.83,660297.12,613515.55,687238.51,638363.28,714179.90,663211.00,741121.28,688058.72,768062.67,712906.44,795004.05,737754.16,821945.44,762601.88,848886.82,787449.60,875828.21,812297.32,902769.59,837145.04,929710.98,861992.76,956652.36,886840.49,983593.75,911688.21,1010535.13,936535.93,1037476.52,961383.65,1064417.90,986231.37,1091359.29,1011079.09,1118300.67,1035926.81,1145242.06,1060774.53,1172183.44,1085622.25,1199124.83,1110469.97,1226066.21,1135317.69
NHANES_10000_4.csv,4,1024, 2.1193,100.00,14136.45,36178.93,272703.51,0.43,50238.02,4.00,0.001000,683.60,500.80,614.60,479.00,obj,15885.08,17023.46,17592.82,16095.23,15725.86,16134.47,16437.70,16408.75,16428.80,16949.01,16754.03,16481.07,12064.29,12377.59,13668.83,14317.36,14965.06,15745.36,16489.10,16586.03,16200.50,16291.94,16564.04,16931.05,17327.39,17755.46,18248.48,18774.90,18985.18,18272.76,18467.75,18473.05,18558.59,18981.68,19509.92,19986.56,20384.51,20544.89,20385.64,20572.98,20803.59,21005.90,21138.97,21363.57,21640.82,21946.15,22248.94,22530.32,22814.73,23098.10,23406.21,23738.86,24138.31,24596.46,24963.46,25278.54,25566.11,25797.75,25963.58,26097.83,26213.56,26390.52,26611.09,26839.67,27044.13,27269.00,27507.07,27778.51,28066.88,28387.74,28742.58,29140.15,29546.53,29899.93,30201.96,30460.44,30647.55,30797.73,30926.14,31091.89,31295.53,31505.13,31722.73,31934.67,32173.85,32436.37,32727.54,33040.66,33385.70,33768.99,34172.64,34554.27,34860.08,35136.50,35329.59,35498.81,35618.77,35768.05,35967.40,36178.93
NHANES_10000_4.csv,4,4, 2.4673,100.00,14184.94,13195.90,169501.64,0.04,830.39,4.00,0.001000,499.80,506.20,582.00,690.00,obj,13328.65,13634.02,13937.74,14577.19,14947.66,14889.02,14811.61,14498.80,14463.10,14362.67,15198.08,15083.47,14810.23,14804.77,14806.88,14718.09,14530.08,14356.64,14306.75,13183.21,13223.88,13606.35,13801.15,13841.61,13681.54,13559.45,13676.37,13837.71,13998.13,14212.79,14430.67,14307.03,14012.56,13777.36,13754.88,13834.37,13898.02,14002.45,14207.18,14335.73,14390.97,14356.80,14287.74,14220.26,14226.89,14263.80,14274.37,14137.65,13585.47,13288.74,13429.31,13667.88,13868.79,14003.30,14100.95,14255.35,14343.93,14338.76,14251.01,14157.55,14153.83,14201.65,14207.68,14130.56,13840.72,13419.82,13320.62,13606.50,13916.73,14190.22,14316.76,14308.60,14244.84,14236.48,14171.67,14074.03,14079.27,14092.97,14080.67,14009.02,13774.50,13410.97,13201.41,13446.52,13906.16,14250.50,14419.05,14495.07,14492.48,14384.23,14170.37,14035.63,14047.79,14087.09,14088.44,14022.00,13811.99,13485.57,13243.26,13195.90
NHANES_10000_4.csv,4,16, 2.3879,100.00,14198.78,13887.55,100963.04,0.17,776.20,4.00,0.001000,592.20,517.40,577.00,591.40,obj,13328.34,13633.33,13937.48,14576.23,14988.43,14924.24,14837.03,14522.02,14486.10,14376.22,15176.48,15074.39,14789.28,14780.20,14783.02,14680.17,14466.70,14318.26,14295.57,13185.23,13215.72,13592.69,13797.23,13874.64,13770.42,13593.36,13661.62,13823.85,13984.47,14200.81,14415.30,14316.21,14056.24,13802.80,13781.81,13863.83,13925.81,14030.52,14237.96,14381.57,14443.60,14419.62,14331.09,14256.14,14235.25,14195.20,13984.62,13545.83,13460.51,13459.05,13609.32,13778.85,13948.61,14099.94,14222.60,14334.46,14383.87,14333.04,14253.05,14179.90,14193.39,14230.11,14184.72,13980.22,13511.48,13218.09,13443.04,13726.14,13962.70,14192.26,14310.98,14351.92,14296.15,14245.30,14184.59,14131.99,14154.10,14195.61,14221.80,14193.03,13974.19,13564.73,13206.56,13388.62,13787.31,14131.85,14329.17,14376.61,14317.63,14238.25,14158.64,14100.25,14090.98,14151.57,14185.96,14162.71,14009.51,13838.17,13880.95,13887.55
NHANES_10000_4.csv,4,64, 2.8728,100.00,14217.29,13933.92,151509.48,0.47,1202.97,4.00,0.001000,615.80,515.60,576.00,570.60,obj,13327.68,13629.85,13934.66,14531.40,14735.42,14816.18,14830.80,14552.28,14556.39,14474.58,14914.93,15399.83,14915.57,14796.01,14794.30,14697.59,14478.79,14322.46,14285.68,13223.79,13152.09,13545.16,13780.02,13894.52,13920.11,13897.74,13781.40,13625.32,13735.89,13998.53,14291.22,14374.11,14208.78,13864.26,13781.51,13800.28,13807.18,13886.59,14110.82,14281.55,14359.55,14363.15,14290.03,14199.22,14192.16,14242.04,14309.70,14370.98,14285.63,13776.18,13248.46,13369.06,13639.80,13872.40,14032.46,14078.05,14179.54,14282.48,14268.63,14195.81,14140.76,14172.69,14213.56,14226.70,14187.58,14026.17,13888.86,13638.48,13430.10,13623.65,13855.06,13994.06,14082.21,14142.60,14158.67,14163.74,14108.03,14100.11,14123.66,14123.54,14102.49,13980.94,13938.76,13972.75,13919.83,13721.63,13699.54,13834.50,13962.21,14064.50,14072.36,14077.43,14064.68,14085.53,14136.32,14178.28,14200.00,14141.15,13987.53,13933.92
NHANES_10000_4.csv,4,256, 2.5767,100.00,13512.42,14092.98,50276.96,0.49,832.95,4.00,0.001000,567.40,615.40,532.60,562.60,obj,13320.82,13611.49,13928.51,14412.96,14631.52,14821.11,14922.57,14688.67,14643.99,14503.64,14838.73,15187.81,14996.79,15527.56,15063.73,14817.16,14524.25,14374.20,14358.17,13544.12,13094.26,13590.20,13922.99,14117.09,14140.01,13988.82,13993.30,14020.83,13991.87,13963.13,13786.03,13599.13,13565.30,13479.85,13479.18,13648.73,13869.32,14022.31,14293.35,14474.08,14551.40,14566.43,14441.49,14261.37,14109.40,14085.50,14135.91,14169.33,14175.49,14102.19,13891.03,13735.87,13706.50,13541.09,13484.99,13890.19,14206.41,14344.11,14335.71,14196.44,14043.94,14000.84,14040.19,14099.57,14138.25,14132.78,14064.67,13853.91,13691.87,13745.70,13853.64,13841.40,13913.68,14124.04,14266.44,14255.09,14139.74,14012.44,13962.00,14013.74,14079.11,14108.83,14092.07,13999.47,13784.91,13638.44,13700.34,13853.19,13927.97,14006.42,14155.94,14271.42,14250.10,14151.25,14008.78,13943.65,14003.69,14074.52,14104.64,14092.98
NHANES_10000_4.csv,4,1024, 2.3378,100.00,13702.41,14051.93,43670.92,0.18,657.71,4.00,0.001000,542.40,605.60,583.00,547.00,obj,13314.33,13574.03,13920.97,14354.63,14650.09,14840.30,15003.33,14947.61,14751.73,14646.65,14516.90,14912.12,15285.13,15153.91,15442.53,15078.40,14751.68,14526.27,14460.27,14369.75,13073.71,13183.95,13476.33,13688.84,13804.55,13872.19,13886.31,13947.98,13985.88,13991.24,13906.26,13743.41,13677.14,13796.72,13969.14,13990.93,13996.36,14065.07,14106.80,14155.79,14205.41,14193.61,14150.61,14180.20,14188.10,14155.83,14122.55,14132.08,14180.44,14233.92,14265.20,14279.79,14234.05,14062.60,13862.42,13572.77,13385.96,13584.99,13841.22,13988.01,14032.18,14071.49,14083.05,14079.46,14089.95,14102.66,14121.38,14159.59,14180.63,14170.62,14118.39,13977.30,13837.91,13795.45,13710.98,13703.54,13817.81,13945.85,14001.62,14030.10,14048.34,14056.62,14044.05,14060.15,14080.12,14120.67,14145.87,14149.20,14118.88,14030.77,13894.42,13832.74,13773.41,13729.64,13798.70,13914.85,13977.05,14016.93,14046.17,14051.93
athlete_10000_4.csv,4,4, 34.7556,100.00,16527.78,16520.81,44.20,4.60,5.54,4.00,0.001000,2500.60,2498.80,2501.20,2499.40,obj,15468.36,16396.37,17044.56,17538.04,17962.04,16812.12,16545.81,16517.11,16506.39,16510.99,16513.44,16511.43,16515.75,16514.16,16517.36,16519.09,16519.20,16518.10,16518.95,16517.62,16521.80,16523.18,16520.18,16520.01,16519.83,16519.74,16521.25,16520.40,16519.92,16520.83,16520.81,16521.02,16520.83,16518.17,16521.04,16521.53,16522.09,16519.92,16519.90,16520.97,16520.90,16521.07,16520.88,16518.78,16521.13,16522.57,16521.95,16521.10,16518.74,16522.22,16521.40,16520.60,16520.93,16518.22,16521.22,16522.66,16522.73,16518.81,16521.30,16521.17,16521.04,16520.70,16521.11,16520.68,16518.78,16522.71,16521.47,16522.63,16521.02,16517.83,16521.37,16522.29,16522.25,16520.65,16518.98,16520.54,16521.60,16521.97,16521.38,16519.36,16520.59,16521.60,16520.86,16521.10,16519.20,16521.51,16522.95,16523.52,16519.44,16521.60,16519.23,16522.77,16524.08,16519.93,16521.99,16519.58,16522.51,16522.71,16518.84,16520.81
athlete_10000_4.csv,4,16, 26.9823,100.00,16528.79,16521.06,39.40,0.44,5.54,4.00,0.001000,2500.40,2500.00,2500.20,2499.40,obj,15468.39,16401.03,17036.88,17545.42,17961.12,16813.72,16544.80,16515.42,16509.19,16511.14,16512.35,16510.86,16514.73,16517.41,16515.95,16518.70,16518.30,16520.29,16518.17,16520.38,16518.59,16521.16,16520.23,16520.27,16519.90,16519.93,16520.79,16520.78,16521.01,16520.81,16518.77,16521.01,16522.44,16521.88,16520.46,16517.96,16520.60,16520.96,16520.49,16521.23,16519.15,16522.04,16521.61,16522.57,16520.89,16518.80,16521.92,16521.27,16522.03,16520.91,16519.05,16521.21,16520.97,16520.62,16520.08,16519.41,16522.06,16521.09,16520.66,16520.97,16518.81,16522.07,16521.97,16521.54,16521.63,16521.00,16521.28,16519.81,16520.46,16521.53,16520.76,16521.01,16519.22,16521.40,16522.83,16523.42,16519.47,16521.49,16519.25,16522.60,16523.93,16519.97,16521.90,16519.63,16522.33,16522.59,16518.81,16520.68,16519.63,16522.79,16522.26,16518.68,16521.63,16519.20,16522.44,16521.39,16522.21,16519.01,16522.00,16521.06
athlete_10000_4.csv,4,64, 25.2044,100.00,16498.98,16518.69,164.20,0.39,36.60,4.00,0.001000,2496.60,2506.60,2495.60,2501.20,obj,15468.12,16399.67,17044.72,17536.94,17955.64,16817.72,16546.77,16515.96,16507.73,16510.35,16512.84,16511.43,16515.83,16514.51,16517.38,16519.25,16519.20,16519.05,16517.63,16519.04,16522.05,16519.77,16519.51,16519.50,16521.72,16519.43,16520.78,16521.95,16518.53,16520.99,16521.47,16522.06,16519.87,16519.91,16520.90,16520.85,16521.04,16520.85,16518.78,16521.08,16522.52,16521.93,16520.51,16518.00,16520.67,16521.01,16520.56,16521.27,16519.15,16522.11,16521.69,16522.59,16520.93,16518.80,16521.99,16521.35,16522.06,16520.96,16519.07,16521.28,16521.04,16520.69,16520.16,16519.40,16522.13,16521.14,16520.73,16521.02,16518.81,16522.14,16522.04,16521.58,16521.69,16521.04,16521.34,16519.79,16520.55,16521.58,16520.83,16521.07,16519.21,16521.48,16522.91,16523.49,16519.45,16521.56,16519.23,16522.71,16524.03,16519.94,16521.96,16519.60,16522.45,16522.67,16518.83,16520.77,16519.60,16522.91,16522.34,16518.69
athlete_10000_4.csv,4,256, 12.7129,100.00,16497.35,16518.82,209.00,3.99,39.63,4.00,0.001000,2496.20,2507.60,2494.80,2501.40,obj,15462.39,16401.10,17041.35,17546.08,17934.74,16835.30,16556.75,16518.10,16510.80,16511.09,16514.50,16512.79,16514.94,16515.73,16517.70,16517.91,16519.32,16518.61,16518.86,16519.13,16520.13,16521.93,16519.77,16519.22,16520.80,16520.43,16520.13,16521.87,16519.37,16519.92,16521.35,16520.09,16522.77,16521.50,16518.70,16521.39,16521.89,16519.96,16520.85,16520.51,16519.89,16520.69,16520.99,16520.53,16521.26,16518.80,16521.14,16522.58,16522.65,16518.83,16521.22,16521.13,16520.97,16520.63,16521.06,16520.65,16518.72,16522.69,16521.00,16521.09,16519.75,16520.40,16521.71,16521.54,16521.61,16520.19,16520.39,16521.78,16520.18,16523.19,16521.71,16518.68,16521.82,16521.98,16520.43,16521.05,16521.76,16518.97,16521.46,16521.58,16520.49,16521.09,16522.14,16518.61,16521.51,16522.40,16521.98,16521.89,16520.58,16519.03,16521.56,16522.49,16522.36,16521.15,16518.64,16522.42,16520.50,16521.84,16521.55,16518.82
athlete_10000_4.csv,4,1024, 10.4216,100.00,16538.73,16524.00,98.60,1.47,19.80,4.00,0.001000,2501.00,2497.80,2501.40,2499.80,obj,15450.34,16435.98,17009.46,17558.98,17910.95,16892.90,16598.31,16519.84,16519.98,16507.49,16514.91,16512.82,16514.17,16514.02,16517.20,16517.63,16518.24,16517.82,16519.28,16520.71,16520.13,16521.81,16520.40,16517.68,16519.92,16522.38,16522.24,16521.23,16518.68,16519.53,16522.38,16522.37,16520.09,16519.15,16520.10,16520.94,16520.40,16520.43,16522.26,16519.87,16522.11,16519.90,16519.73,16519.73,16522.98,16523.13,16519.17,16520.26,16519.78,16523.05,16521.37,16520.19,16519.85,16521.62,16521.49,16520.19,16521.50,16520.66,16519.85,16521.68,16520.44,16520.65,16522.75,16519.92,16520.99,16521.72,16518.95,16521.36,16521.49,16521.67,16520.24,16520.37,16521.83,16521.19,16521.58,16519.55,16520.35,16521.89,16521.23,16521.61,16519.62,16520.34,16521.95,16521.26,16521.63,16521.87,16522.09,16520.93,16519.93,16521.69,16520.97,16521.07,16521.66,16521.34,16521.30,16521.17,16519.17,16520.41,16523.39,16524.00
census_10000_4.csv,4,4, 35.2870,100.00,34413.55,873456.67,14970020.20,1.36,856418.22,4.00,0.001000,999.00,6999.80,1000.60,1000.60,obj,36758.56,41560.06,46197.19,51316.92,57003.62,63004.41,68979.63,74828.05,80479.15,86175.96,92008.73,97846.01,103567.60,109392.97,115232.73,121064.60,126796.02,21098.79,-158442.82,-107751.80,-53908.24,-894.31,32959.08,52629.59,67771.25,81632.63,95875.92,110570.89,92830.99,136525.60,188125.10,241656.82,295614.78,349709.53,403693.49,354596.97,401798.51,456009.16,509129.47,3132.39,-10288.90,4721.26,19731.29,34741.24,49751.26,64736.42,79726.15,94715.95,109706.39,124696.43,139686.30,154676.13,169666.45,184656.38,199646.10,214636.73,229625.88,244616.67,259606.54,274596.10,289586.71,304576.07,319566.42,334536.53,349505.96,364476.27,379446.34,394416.12,409386.30,424355.93,439326.01,454296.10,469266.41,484236.46,499206.45,514176.13,529146.61,544115.84,559086.48,574056.21,589026.93,603996.16,618966.33,633936.46,648906.39,663876.48,678845.97,693816.52,708786.64,723756.70,738726.53,753696.88,768666.19,783636.56,798606.50,813576.50,828546.75,843516.38,858486.89,873456.67
census_10000_4.csv,4,16, 26.1401,100.00,34413.69,7083759.57,94930017.00,0.42,8826978.98,4.00,0.001000,2999.40,1000.20,999.20,5001.20,obj,36762.20,41540.15,46250.56,51311.98,56987.98,63016.39,68963.24,74862.86,80489.75,86137.15,92024.37,97807.84,103587.43,109381.21,115232.46,121051.44,126819.49,21333.86,-158286.56,-105987.33,-51169.74,3646.68,58337.80,113056.07,167772.00,222488.84,277205.81,331943.54,355030.42,438658.67,533589.09,628518.48,723448.15,818378.47,913307.90,1008238.68,1103168.83,1198099.12,1293028.28,1387958.71,1482888.01,1577818.39,1672748.86,1767678.80,1862609.21,1957538.07,2052469.02,2147398.60,2242328.28,2337259.17,2432188.33,2527118.62,2622049.41,2716978.90,2811908.99,2906838.85,3001768.69,3096698.60,3191628.50,3286559.04,3381489.16,3476419.15,3571349.04,3666278.89,3761208.98,3856138.47,3951068.68,4045999.18,4140929.32,4235859.31,4330789.00,4425719.02,4520649.08,4615578.34,4710509.73,4805439.00,4900369.07,4995299.21,5090229.42,5185159.03,5280088.96,5375019.29,5469948.97,5564879.27,5659809.20,5754739.40,5849669.42,5944599.63,6039528.90,6134459.21,6229389.18,6324319.60,6419249.51,6514179.60,6609109.53,6704039.16,6798969.15,6893899.59,6988829.36,7083759.57
census_10000_4.csv,4,64, 24.5825,100.00,34413.35,4292956.55,54950021.80,0.33,7426373.98,4.00,0.001000,999.20,2999.60,2999.40,3001.80,obj,36780.35,41544.93,46280.72,51312.64,56990.88,63002.05,68969.42,74877.82,80506.75,86190.31,91970.99,97899.24,103588.50,109319.19,115197.79,121056.33,126899.99,25520.46,-158269.16,-103219.44,-48169.03,6880.32,61804.84,116754.94,171704.57,226654.89,281604.67,336554.26,391505.08,446455.91,501404.54,556354.82,611305.06,666253.96,721204.97,776155.02,831104.98,886055.62,941004.95,995954.34,1050905.61,1105854.77,1160804.49,1215755.17,1270705.02,1325655.54,1380605.19,1435555.03,1490504.93,1545454.78,1600405.38,1655355.13,1710305.20,1765255.56,1820205.20,1875155.25,1930105.08,1985054.67,2040005.31,2094955.38,2149905.37,2204855.70,2259805.48,2314755.41,2369704.83,2424655.36,2479605.42,2534555.32,2589505.60,2644455.42,2699405.35,2754355.55,2809305.13,2864255.73,2919205.51,2974155.40,3029106.06,3084054.86,3139005.78,3193955.56,3248905.60,3303855.83,3358805.71,3413755.07,3468705.96,3523655.81,3578605.61,3633555.64,3688505.53,3743455.92,3798405.79,3853355.67,3908305.76,3963255.69,4018205.86,4073155.99,4128105.43,4183055.99,4238005.81,4292956.55
census_10000_4.csv,4,256, 16.7130,100.00,34413.81,3870192.99,54950036.20,0.89,6766495.92,4.00,0.001000,998.80,5000.00,999.80,3001.40,obj,36852.52,41446.84,46543.82,51485.46,56938.12,62919.59,69070.58,74946.05,80695.96,86225.22,91865.14,97837.74,103725.03,109486.27,115037.77,120926.69,126771.09,53855.58,-163809.72,-111734.80,-57623.85,-3512.31,50480.92,104493.12,158504.62,212516.58,266527.86,320387.24,296979.09,23438.36,78408.74,133377.55,188347.04,243318.29,298288.34,353258.12,408229.08,463197.94,518168.13,573138.08,628108.90,683077.56,738047.58,792992.75,847943.28,902892.47,957842.10,1012792.04,1067742.31,1122692.15,1177642.93,1232592.82,1287542.57,1342492.47,1397442.07,1452392.43,1507342.25,1562292.79,1617242.52,1672192.83,1727142.84,1782092.78,1837042.46,1891992.72,1946942.07,2001892.36,2056842.99,2111793.30,2166743.06,2221692.48,2276642.06,2331592.63,2386542.95,2441492.92,2496443.28,2551392.69,2606342.66,2661292.86,2716243.04,2771192.84,2826142.43,2881093.27,2936042.70,2990993.07,3045943.03,3100892.82,3155843.25,3210792.51,3265743.19,3320692.99,3375643.02,3430593.49,3485543.19,3540493.31,3595442.26,3650392.97,3705343.43,3760293.10,3815243.77,3870192.99
census_10000_4.csv,4,1024, 13.7445,100.00,34408.81,4274047.82,54950082.60,1.32,7395351.73,4.00,0.001000,1000.00,3001.00,2999.00,3000.00,obj,37063.12,41714.05,46640.21,52278.20,58283.00,62411.41,68300.98,75823.98,82168.32,86933.94,91892.89,97823.38,104518.07,110214.30,115722.17,121195.58,127081.64,131431.43,-177162.17,-122112.75,-67075.64,-12032.62,42898.92,97852.95,152815.49,207761.61,262709.13,317655.87,372596.49,427545.69,482501.01,537455.23,592402.41,647351.91,702295.74,757246.19,812200.18,867151.16,922100.67,977048.18,1031997.02,1086947.03,1141898.58,1196849.45,1251801.29,1306747.10,1361696.18,1416648.43,1471599.22,1526549.69,1581498.66,1636448.23,1691396.60,1746347.61,1801299.39,1856250.34,1911198.01,1966147.73,2021096.95,2076048.25,2130999.27,2185949.95,2240898.61,2295847.41,2350797.04,2405749.13,2460699.83,2515649.45,2570597.44,2625547.99,2680497.75,2735448.89,2790400.52,2845348.88,2900297.69,2955247.43,3010198.47,3065149.51,3120099.94,3175049.17,3229997.51,3284947.48,3339898.79,3394849.10,3449800.80,3504748.57,3559697.90,3614647.75,3669598.69,3724549.31,3779501.02,3834448.23,3889398.55,3944347.57,3999298.68,4054249.84,4109200.57,4164148.54,4219098.37,4274047.82
Spanish_10000_4.csv,4,4, 14.6940,100.00,14840.30,24957.61,654781.52,0.31,14017.81,4.00,0.001000,1369.80,842.20,1057.00,1477.00,obj,18107.22,18627.07,17763.26,19314.82,19624.18,20264.60,21668.14,22582.88,23545.79,9791.40,12104.20,14290.61,16057.41,18694.35,20510.23,22477.25,24455.60,26190.24,27993.82,29830.72,31235.92,11198.31,5945.15,9254.05,12596.90,16023.47,17528.68,18990.98,19903.18,20970.52,21644.43,22688.74,23401.97,8949.67,12451.42,14058.10,16455.11,19259.31,20992.58,23007.24,24786.47,25862.07,26272.58,24623.75,25837.66,12142.33,13548.43,16032.91,17869.16,19294.50,20162.17,21620.46,22780.57,22761.50,23530.15,24659.18,25540.97,10922.88,13490.58,15862.79,17345.42,19624.72,20986.59,23444.81,24792.63,25163.35,26426.99,27846.82,27133.13,15478.77,14688.20,16891.54,21198.05,23163.51,24203.82,24693.45,23686.62,24368.37,22771.03,23891.00,25246.43,25613.98,26129.67,22388.69,23115.36,24311.43,27686.21,29522.46,30400.22,31288.22,29387.56,30066.44,31187.05,22311.66,22445.40,24597.75,25865.15,23873.99,24402.27,24957.61
Spanish_10000_4.csv,4,16, 12.7693,100.00,13035.99,17380.85,1743652.66,0.16,7096.14,4.00,0.001000,1445.60,775.80,1280.40,1244.20,obj,18112.13,18622.40,17762.09,19308.08,19629.32,20285.98,21666.73,22583.85,23546.32,9640.61,12036.99,14151.63,15941.55,18618.52,20391.39,22356.94,24302.87,26043.90,27896.92,29689.72,31023.93,7926.40,6489.33,10235.15,13082.72,16211.27,17470.25,19112.52,20015.52,21138.41,21714.41,22776.31,23697.34,13520.72,11467.71,12548.54,14772.36,17611.21,19619.35,21717.19,23459.31,25311.18,27094.71,28858.46,30458.02,26260.55,2961.72,7369.90,11733.61,14193.25,16660.37,17948.48,19074.61,20143.74,21320.86,22032.34,22825.88,23487.14,9022.76,11372.35,14375.18,16844.60,19338.91,21614.10,23610.91,25482.03,27462.99,28776.95,30333.51,16187.47,3951.82,9174.81,12156.63,14780.40,16271.44,17951.12,19141.89,20188.30,21195.60,21882.27,22883.00,23550.56,8855.25,11506.31,14351.51,16903.34,19875.69,21574.85,23822.24,25761.29,27456.93,28976.49,30645.46,31544.66,-171.74,6860.40,11243.15,13665.59,16761.91,17380.85
Spanish_10000_4.csv,4,64, 10.2189,100.00,14844.33,28923.64,573239.50,0.43,21628.28,4.00,0.001000,1102.60,820.00,1360.60,1462.80,obj,18138.27,18618.21,17768.06,19335.59,19770.34,20228.50,21655.84,22593.48,23549.03,9346.37,11883.58,14030.18,15838.34,18525.26,20266.83,22394.83,24248.62,25878.16,27686.81,29484.64,30824.77,14352.64,5738.90,11081.66,15603.28,19406.60,21849.69,23944.11,25269.84,26794.16,20349.80,23021.60,23651.97,9012.93,12779.15,15252.06,16551.80,18674.60,19421.30,20696.82,22231.36,23421.92,24357.78,25396.24,26345.88,23494.49,13955.42,15368.98,18016.76,19857.10,22080.37,22529.78,24021.32,24997.16,26057.05,27025.85,28572.73,24296.70,15488.18,18282.25,21352.77,22632.96,25741.87,27716.11,29077.93,31179.37,26937.85,29983.33,31300.59,30611.18,13760.33,17457.82,19585.75,21308.12,25853.97,25994.84,26895.85,26168.55,23193.49,23852.00,24474.29,24742.39,29297.01,29089.78,29938.36,28970.50,27517.19,28920.65,30383.29,35118.61,37138.92,38060.19,36368.03,33954.70,19710.87,23819.93,30176.11,32476.37,33383.43,28923.64
Spanish_10000_4.csv,4,256, 6.1531,100.00,18318.40,247046.20,3371929.98,0.57,225471.18,4.00,0.001000,1413.00,1905.20,954.00,473.80,obj,18159.37,18608.69,17800.00,19652.98,19918.77,20107.34,21239.16,22293.81,23229.26,8233.52,12345.92,15926.18,18325.49,21034.66,23279.20,25229.83,27506.54,29454.45,31488.27,33616.51,35596.17,36724.89,22854.19,26910.84,30886.68,33587.74,36689.04,38767.84,40924.08,43117.96,45062.11,47109.13,49101.82,50740.34,34569.10,40468.77,44335.02,47374.94,50721.73,53086.29,56572.12,58682.83,60828.56,62635.91,65023.47,67337.23,69548.51,72629.76,75406.57,78642.00,81948.84,85303.17,88664.57,92018.02,95386.97,98760.90,102131.92,105511.86,108871.72,112178.06,115542.00,118908.32,122277.60,125650.20,129023.61,132396.74,135769.47,139144.92,142518.04,145890.96,149262.16,152635.32,156003.63,159407.74,162798.85,166142.80,169515.49,172886.59,176259.18,179634.37,183006.00,186354.31,189723.26,193096.37,196466.41,199838.03,203239.62,206626.35,209976.84,213350.02,216723.39,220092.81,223472.94,226840.30,230208.15,233557.13,236931.33,240300.27,243674.96,247046.20
Spanish_10000_4.csv,4,1024, 6.0288,100.00,15675.16,143485.14,1522065.51,0.95,211436.97,4.00,0.001000,1137.20,1385.40,1093.00,1130.40,obj,18301.23,18580.31,18173.24,19257.64,19364.94,21077.32,21591.30,22517.07,23771.60,12934.04,11657.68,15174.80,17387.99,19624.68,21418.10,22231.13,23863.30,25345.82,26922.49,27942.58,28841.54,30701.61,32040.63,33484.41,34858.50,36211.53,37609.42,39036.03,40467.39,41962.66,44216.72,45457.63,45646.54,46360.14,48607.66,48669.88,49614.11,51076.88,54522.06,57714.18,58833.75,59958.29,58500.99,58728.46,60069.26,61805.07,66556.16,69115.32,70386.91,71163.06,68147.00,69044.68,70685.99,73183.69,78952.52,80408.22,81666.60,80217.82,78137.43,79603.76,81713.61,87883.50,90277.58,91745.50,92634.53,87192.31,88653.82,90451.51,93204.80,100801.99,101935.98,103076.65,100518.52,97636.80,99247.29,101908.89,109435.19,111836.81,113205.53,111807.02,106718.47,108339.13,110513.55,117834.05,121748.08,123287.28,124235.23,116550.66,117284.23,119346.09,122706.24,132359.42,133631.86,134631.02,130684.49,126182.07,127981.91,131072.38,140661.14,143485.14
student_10000_4.csv,4,4, 35.9422,100.00,10852.87,10847.64,21.80,0.87,8.52,4.00,0.001000,2500.40,2497.60,2501.00,2501.00,obj,15461.27,15634.40,10518.27,12426.28,11159.26,10923.02,10992.20,10917.27,10831.49,10818.44,10835.66,10840.57,10844.62,10852.39,10854.96,10851.70,10851.40,10852.92,10851.28,10851.20,10851.73,10854.29,10855.57,10850.54,10853.03,10850.23,10850.95,10855.41,10851.77,10851.88,10854.25,10853.63,10853.72,10848.28,10854.38,10856.14,10850.82,10852.36,10851.88,10854.13,10852.10,10852.87,10850.65,10847.81,10855.62,10852.96,10852.95,10852.89,10854.42,10853.24,10852.39,10853.09,10850.04,10853.32,10852.44,10852.41,10853.86,10852.66,10851.87,10851.27,10853.96,10854.41,10850.56,10852.60,10852.33,10849.45,10855.05,10855.71,10852.36,10853.34,10849.22,10853.44,10851.81,10852.99,10852.28,10850.63,10849.27,10851.88,10851.02,10853.78,10850.99,10853.52,10852.78,10853.34,10850.77,10858.03,10851.21,10854.39,10852.35,10851.84,10853.33,10853.97,10850.40,10853.20,10853.90,10849.95,10851.67,10854.62,10856.90,10847.64
student_10000_4.csv,4,16, 26.2490,100.00,10855.87,10858.47,25.00,0.64,7.53,4.00,0.001000,2500.80,2501.40,2498.20,2499.60,obj,15475.32,15656.25,10509.22,12422.02,11162.72,10917.50,10996.75,10923.68,10868.16,10806.02,10832.75,10841.79,10848.25,10852.47,10852.47,10851.20,10852.53,10846.94,10849.70,10852.07,10859.92,10850.56,10854.02,10850.30,10848.49,10857.58,10849.94,10847.13,10850.16,10850.54,10857.79,10856.51,10859.74,10851.05,10852.58,10854.27,10852.21,10852.32,10849.63,10859.58,10840.50,10850.37,10855.97,10854.20,10857.90,10856.86,10851.89,10856.36,10846.83,10849.43,10854.37,10848.09,10853.08,10847.82,10853.76,10852.46,10861.66,10855.09,10851.09,10849.69,10851.92,10851.53,10852.64,10851.05,10851.37,10847.81,10851.23,10857.84,10855.58,10847.30,10851.33,10854.11,10848.87,10858.55,10854.73,10853.03,10852.89,10853.34,10856.20,10855.44,10847.17,10849.39,10854.99,10856.45,10858.18,10851.30,10847.83,10853.42,10845.64,10853.76,10851.59,10855.49,10849.79,10854.94,10848.22,10852.57,10852.49,10853.76,10852.88,10858.47
student_10000_4.csv,4,64, 24.3779,100.00,10857.00,10889.76,1121.00,0.44,43.88,4.00,0.001000,2500.40,2498.80,2499.00,2501.80,obj,15482.92,15677.96,10512.95,12423.52,11192.34,10920.05,10971.70,10954.44,10894.21,10863.21,10812.79,10832.65,10868.73,10852.65,10849.74,10838.46,10849.02,10871.30,10879.63,10830.98,10868.54,10850.99,10831.72,10847.18,10852.41,10842.93,10844.68,10866.47,10852.73,10847.05,10847.60,10860.84,10886.78,10866.63,10852.29,10847.80,10859.35,10835.33,10843.46,10834.01,10861.46,10835.01,10866.90,10888.53,10831.07,10843.96,10853.58,10859.61,10859.79,10822.06,10860.90,10854.71,10837.84,10868.54,10842.71,10886.71,10825.29,10885.85,10811.50,10849.15,10862.03,10858.42,10851.75,10863.85,10851.13,10860.41,10847.65,10868.84,10858.32,10831.50,10838.54,10830.96,10852.40,10848.19,10863.89,10836.50,10877.10,10874.25,10869.33,10820.61,10844.59,10861.31,10838.93,10835.33,10877.64,10848.46,10855.59,10857.81,10844.53,10842.72,10889.86,10866.49,10874.17,10847.94,10863.62,10845.30,10849.91,10812.52,10818.40,10889.76
student_10000_4.csv,4,256, 16.0200,100.00,10945.23,10918.58,2079.40,1.00,60.93,4.00,0.001000,2499.00,2524.80,2492.40,2483.80,obj,15922.86,15962.76,9969.99,12064.76,10808.25,10907.40,11003.15,10976.19,11076.00,10902.45,10975.67,11098.18,11037.04,10877.03,10972.95,11068.16,10958.73,10892.13,11121.35,10915.77,11205.87,11075.45,10907.16,10997.30,10943.38,10969.75,11055.93,10960.24,10978.34,11008.38,11045.11,11056.80,11133.13,10841.34,11159.77,11114.17,11076.79,10923.49,11056.89,10942.27,11175.56,10897.59,10974.59,11045.97,11022.25,10986.27,11096.77,10969.33,10992.68,10948.45,11020.74,11049.67,10954.64,10908.46,11143.74,10982.34,10917.14,11148.04,10926.36,10972.61,10871.56,11004.79,11008.91,10913.08,10943.02,11186.08,10908.77,11016.34,10989.59,11015.26,11035.13,10921.97,11170.34,11163.32,11112.76,10920.12,10956.45,11035.59,11051.24,10964.23,11033.04,11064.84,11027.35,11048.58,10980.19,10910.22,11009.26,10988.13,11060.25,10908.19,10974.30,10928.80,11097.60,10955.55,11053.60,11121.30,10937.38,10822.24,11103.82,10918.58
student_10000_4.csv,4,1024, 10.8652,100.00,10402.92,15093.83,2052842.60,0.30,4222.30,4.00,0.001000,2483.00,2538.00,2347.60,2631.40,obj,17689.73,16351.67,11789.71,11883.57,11404.89,11268.57,12597.18,11735.54,14202.80,11996.86,15103.11,11077.93,11713.20,11591.06,11629.39,11644.60,11164.62,11703.20,12758.51,11989.97,11987.79,11672.69,11685.54,11494.61,11452.18,13911.14,11289.04,11525.56,12490.94,12231.43,13113.78,11577.91,14179.48,15015.22,14166.44,15026.02,11218.29,11674.40,11562.65,12246.61,14639.62,12593.44,12223.56,14158.87,15050.25,13177.23,14321.70,12081.93,12112.42,12169.80,17334.36,17980.91,16527.56,11959.11,11885.43,12266.80,12105.45,13351.78,12031.36,12386.55,11983.79,14393.40,11916.99,12770.45,13989.68,14946.95,15286.01,11558.36,13046.43,11389.21,13261.73,12479.74,13298.45,13312.34,13677.11,14938.01,13343.91,12076.84,12087.21,13394.30,11344.29,11222.22,13118.29,12822.55,13732.11,12184.64,12331.32,12415.98,13968.08,17377.06,10878.31,12955.21,12275.32,12268.40,11817.62,13413.59,15527.24,11694.95,11642.55,15093.83
pricerunner_10000_4.csv,4,4, 35.1059,100.00,11345.88,11160.93,63103.40,1.06,719.32,4.00,0.001000,2499.40,2557.00,2497.80,2445.80,obj,9953.50,10062.51,10364.15,10454.40,10396.36,10599.95,10701.95,10829.04,10957.44,11003.39,11067.25,11126.61,11188.20,11243.92,11147.37,10854.84,10954.30,11135.12,11092.68,11153.43,11215.72,11222.75,11034.33,10866.10,10990.32,11080.74,11094.23,11152.71,11215.39,11201.93,11049.29,10855.97,10986.16,11087.81,11096.11,11154.60,11217.27,11205.36,11045.03,10856.77,10986.29,11086.04,11096.49,11154.99,11217.66,11205.20,11046.43,10851.78,10983.56,11090.88,11097.09,11155.60,11218.26,11206.61,11044.14,10853.18,10982.86,11088.23,11097.82,11156.35,11219.00,11205.73,11045.91,10851.51,10982.17,11089.81,11098.99,11157.54,11220.18,11205.00,11044.01,10850.41,10981.20,11091.20,11099.37,11157.93,11220.56,11205.55,11044.29,10849.68,10981.08,11087.09,11100.43,11159.00,11221.62,11206.67,11043.09,10849.85,10979.27,11089.96,11100.70,11159.29,11221.90,11205.73,11043.74,10845.86,10978.12,11089.42,11102.34,11160.93
pricerunner_10000_4.csv,4,16, 25.8835,100.00,11345.88,11160.46,63103.40,0.43,719.71,4.00,0.001000,2499.40,2557.00,2497.80,2445.80,obj,9954.02,10062.57,10364.15,10456.35,10394.82,10605.81,10702.55,10829.51,10956.37,11001.25,11067.13,11126.48,11188.07,11243.79,11141.37,10868.13,10944.33,11152.30,11093.27,11151.01,11216.88,11198.49,11056.49,10843.28,10992.90,11088.46,11094.60,11153.08,11215.77,11206.23,11046.57,10856.94,10986.61,11087.14,11095.65,11154.13,11216.81,11205.43,11045.49,10855.95,10985.03,11087.59,11096.26,11154.76,11217.43,11205.38,11046.66,10852.78,10984.70,11088.71,11096.98,11155.49,11218.15,11205.14,11045.87,10853.48,10982.89,11090.92,11097.15,11155.68,11218.33,11204.42,11047.17,10847.52,10982.42,11089.29,11098.76,11157.30,11219.94,11208.72,11041.65,10854.10,10981.57,11088.33,11099.26,11157.81,11220.44,11205.04,11045.34,10845.74,10980.93,11089.54,11100.09,11158.66,11221.28,11206.99,11042.39,10851.47,10979.29,11090.30,11100.26,11158.84,11221.46,11204.97,11045.39,10843.16,10978.65,11089.56,11101.88,11160.46
pricerunner_10000_4.csv,4,64, 23.9210,100.00,11345.88,11159.44,63103.40,0.39,720.09,4.00,0.001000,2499.40,2557.00,2497.80,2445.80,obj,9957.37,10062.03,10364.10,10458.08,10393.73,10606.02,10702.37,10829.60,10957.95,11000.46,11067.24,11126.59,11188.18,11243.89,11139.85,10864.96,10941.20,11153.04,11093.69,11153.68,11217.05,11198.00,11049.64,10848.93,10997.75,11083.68,11093.38,11151.85,11214.54,11206.82,11047.53,10852.29,10985.67,11090.79,11095.20,11153.69,11216.37,11207.01,11045.41,10852.58,10984.39,11086.18,11095.71,11154.22,11216.90,11207.80,11047.90,10855.69,10983.18,11092.05,11095.46,11153.99,11216.66,11205.84,11043.84,10846.68,10980.46,11092.14,11098.38,11156.91,11219.55,11207.00,11045.67,10852.16,10982.52,11086.27,11097.85,11156.40,11219.04,11208.41,11044.53,10847.76,10980.62,11090.36,11099.26,11157.82,11220.45,11206.84,11042.56,10856.42,10980.65,11085.70,11097.92,11156.50,11219.13,11205.56,11049.91,10836.88,10975.47,11095.22,11101.83,11160.40,11223.01,11209.74,11038.10,10853.63,10979.27,11084.73,11100.85,11159.44
pricerunner_10000_4.csv,4,256, 16.5106,100.00,11330.47,11204.24,2530.60,1.21,268.43,4.00,0.001000,2474.00,2508.80,2500.40,2516.80,obj,9973.70,10058.73,10364.38,10459.49,10389.39,10617.31,10703.72,10830.02,10955.78,10999.73,11066.34,11125.70,11187.29,11243.04,11134.33,10904.34,10919.81,11237.22,11046.30,11122.41,11183.73,11176.00,11172.94,10934.21,10886.57,11056.09,11199.17,11067.39,11134.37,11119.89,11198.87,11089.14,10970.03,10868.41,11162.74,11204.90,11077.35,11068.85,11133.47,11169.34,11017.23,10852.59,11076.01,11323.71,11066.68,11061.76,11123.06,11166.04,11164.47,10713.49,11129.73,11223.57,11091.28,11085.23,11143.60,11180.34,11000.32,10843.13,11115.09,11204.27,11087.30,11074.32,11147.03,11166.23,11007.53,10823.02,11105.44,11221.62,11087.34,11081.75,11138.59,11182.48,11000.45,10835.54,11103.93,11209.60,11092.86,11083.35,11150.71,11171.54,10991.64,10850.77,11107.98,11203.73,11091.04,11083.31,11148.09,11169.00,11002.49,10821.78,11108.95,11209.96,11092.76,11085.33,11149.38,11170.45,10995.27,10847.59,11104.84,11204.24
pricerunner_10000_4.csv,4,1024, 10.9824,100.00,11439.58,11236.91,30877.80,0.51,619.89,4.00,0.001000,2487.60,2524.20,2491.60,2496.60,obj,10040.11,10044.63,10370.23,10487.48,10358.96,10660.06,10695.51,10831.44,10956.74,10998.53,11066.21,11124.33,11185.92,11242.52,11156.70,10904.84,10920.69,11057.45,11075.70,11066.67,11124.99,11186.47,11191.19,11231.01,11072.51,10852.41,11018.77,11088.82,11081.47,11140.64,11202.30,11210.63,11103.05,10913.36,10910.00,11057.87,11079.51,11066.23,11125.63,11186.95,11176.89,11278.44,10997.27,10905.62,10990.07,11108.76,11088.16,11150.62,11208.12,11201.71,11087.68,10892.94,10961.83,11115.63,11077.31,11133.33,11197.20,11253.32,11167.03,10769.81,10994.83,11178.59,10951.38,11148.80,11203.81,11266.95,11144.83,10808.74,10947.35,11337.57,11036.87,10952.68,11154.34,11193.78,11155.74,10940.72,10909.91,11081.04,11279.32,11120.41,10971.99,11175.68,11202.26,11120.27,10865.70,10832.39,11299.84,11243.95,10885.63,11172.43,11204.87,11161.62,11055.87,10760.70,11275.94,11188.12,10938.05,11030.36,11220.62,11236.91
cohort_10000_4.csv,4,4, 36.4063,100.00,16817.84,16849.30,23239.40,0.48,368.90,4.00,0.001000,2460.60,2563.20,2488.60,2487.60,obj,22076.64,28898.93,34197.99,40162.74,45511.52,17833.47,16413.49,16283.14,16301.25,16415.18,16497.70,16562.54,16598.02,15486.38,17091.20,15656.23,16007.76,15949.63,16870.31,20864.42,17141.03,16704.52,16974.23,16626.05,17197.90,17663.79,17898.00,18195.22,15507.35,16819.74,16690.26,17027.74,16734.49,16930.96,17394.33,17343.43,17265.70,17351.22,17394.66,16436.99,16517.77,16600.62,16688.57,16967.30,17503.32,17743.27,17630.85,17869.67,15950.64,16603.04,16479.47,16676.35,16472.24,16866.85,17471.97,17724.53,17040.22,17058.54,16955.87,16564.55,15888.42,16837.71,17166.12,17660.52,16246.90,16921.23,16222.82,17286.55,17317.60,17530.80,17795.28,15809.95,17052.54,16993.74,16987.49,17026.44,17029.97,17063.16,17098.44,16775.48,17361.22,17480.13,18037.53,16082.08,17064.37,16739.11,17367.38,16795.63,17142.89,16959.76,17176.93,18162.83,17105.09,17004.14,17075.31,17143.87,17171.58,16870.70,16832.39,16849.30
cohort_10000_4.csv,4,16, 26.7399,100.00,16681.16,17218.20,122584.05,0.34,880.42,4.00,0.001000,2523.80,2597.20,2471.00,2408.00,obj,22076.55,28899.07,34185.40,40168.19,45509.80,17879.79,16440.60,16295.36,16312.63,16419.69,16503.23,16544.68,16608.56,15454.00,17291.74,15436.32,15890.90,15101.33,16261.59,20195.95,17940.27,17606.73,17165.07,17034.07,17083.73,17159.03,17252.96,17350.90,16561.22,16679.53,16714.20,16749.80,16770.54,16785.36,16812.85,16833.42,16857.80,16926.94,16880.15,16920.85,16925.87,16946.77,16958.51,16794.40,16052.85,16634.10,17295.18,17182.25,17929.86,17895.58,18100.18,15892.35,16633.23,16437.26,16777.95,16415.05,16926.56,17496.26,17704.57,17039.37,17089.73,17121.27,16971.03,16998.86,16624.06,16455.24,16593.58,16965.87,17207.62,17241.24,17354.69,17263.84,15635.59,16149.28,17138.82,16997.12,16929.58,16965.39,16991.93,16898.37,16878.70,16886.87,16899.85,16907.28,16919.81,17076.43,17728.24,17817.92,18083.95,15870.28,16805.09,16431.95,16966.33,16399.14,17750.39,17348.35,16653.32,16854.74,16972.60,17218.20
cohort_10000_4.csv,4,64, 24.8353,100.00,16679.65,17198.99,93818.60,0.32,785.47,4.00,0.001000,2458.20,2586.80,2499.80,2455.20,obj,22076.38,28899.31,34187.52,40170.63,45611.37,18004.16,16497.77,16346.54,16323.92,16365.43,16476.82,16565.80,16647.86,15509.11,16334.97,15689.37,15118.00,16264.00,15956.52,19776.46,17544.46,17279.74,17246.35,17215.68,17164.79,17199.75,17286.30,17375.68,16393.90,16645.03,16812.06,16872.66,16787.05,16865.20,16916.30,16942.32,16956.13,16951.98,17474.53,18031.21,18081.81,15981.15,16740.87,16518.70,16897.65,16476.80,17214.08,17502.44,15980.99,17465.66,17282.09,17323.13,16470.45,16484.49,16656.53,17086.99,17125.74,17142.56,17190.86,17284.00,17380.84,16579.18,16622.48,16849.34,16803.63,16878.25,16828.72,16861.65,16885.07,16920.00,16941.43,16947.28,16970.23,16994.93,17866.73,17858.07,18089.30,15929.14,16873.94,15323.03,17176.97,17853.53,17177.85,17201.51,17216.71,17261.82,17309.94,16960.33,16628.22,16334.65,16498.01,16774.59,17089.42,17077.61,17222.45,16411.22,16483.27,16567.27,17134.73,17198.99
cohort_10000_4.csv,4,256, 15.5444,100.00,16677.24,17701.53,194612.20,0.90,1607.04,4.00,0.001000,2355.80,2576.40,2521.80,2546.00,obj,22083.45,28901.00,34175.01,40110.53,45457.14,18523.70,16576.66,17210.05,16550.97,16533.11,16469.72,16522.07,16517.82,16287.02,16429.96,23996.66,29207.66,34816.08,40817.10,45239.59,18158.85,17526.82,17414.49,16342.53,16225.36,16359.87,16396.87,16411.33,16515.48,18233.33,19687.89,17105.30,16794.80,17347.72,16572.02,17657.06,16995.63,16939.30,16993.50,16944.22,17031.44,16933.56,16958.97,16945.58,16779.99,16834.07,16859.98,16852.90,16786.32,16867.81,16860.72,16938.16,17168.59,17109.58,16932.18,17025.19,17763.23,18225.39,17276.24,17187.54,17147.88,17303.89,16994.14,17072.35,16826.51,16761.37,15841.25,17304.11,17062.21,17079.14,16868.59,16905.40,16830.17,16757.29,16818.18,16765.75,16914.59,16915.31,16963.53,17007.77,17072.29,16986.55,17181.74,16913.01,17674.84,17896.90,18251.82,16011.03,17001.86,15217.03,17747.93,17875.68,17982.10,16476.54,17414.73,16591.26,17206.76,17139.46,17385.54,17701.53
cohort_10000_4.csv,4,1024, 10.8772,100.00,17243.48,17215.85,214373.80,0.38,613.91,4.00,0.001000,2262.80,2588.80,2768.80,2379.60,obj,22228.63,28881.53,33957.33,40275.26,45755.11,18236.17,21559.09,16860.85,17174.55,17310.92,17087.93,17456.40,16500.39,16277.56,18083.68,17760.28,17544.90,17507.04,17852.29,17978.14,17774.45,17386.07,17431.35,17469.22,17588.98,17665.85,18276.82,16801.26,16980.18,16675.60,16589.05,17049.87,16671.22,16926.51,17138.77,17324.13,16731.65,17118.57,17342.14,17363.35,17009.21,16907.93,17080.09,16876.81,17805.16,16833.96,16944.92,17127.78,17027.08,17289.72,17246.07,17050.00,17084.12,17697.69,17632.65,17333.91,17570.29,17298.14,17657.53,17554.84,17269.96,16887.82,17714.60,17489.19,17178.22,17489.41,19684.87,17090.80,16826.83,16898.05,18195.86,17124.96,17181.23,17327.90,17616.59,17169.40,17296.20,17000.42,16989.27,16922.88,16449.00,17192.56,17133.18,17574.64,17656.70,16967.49,16957.42,16754.43,17024.34,16889.14,16924.82,17169.69,17779.78,17716.50,17439.50,17122.82,17370.16,17508.66,17255.57,17215.85
diabeteshealthindicators1_10000_4.csv,4,4, 35.7109,100.00,171384.72,171381.08,4.20,0.45,3.34,4.00,0.001000,2501.80,2500.80,2497.80,2499.60,obj,188431.16,199835.90,206809.34,208130.53,215350.78,221170.13,196330.66,162917.36,163999.80,167749.39,170309.12,170969.79,171246.57,171356.37,171383.81,171402.95,171404.84,171405.35,171403.64,171403.88,171394.65,171394.90,171392.45,171384.65,171384.69,171385.22,171387.58,171383.73,171383.30,171383.57,171392.05,171389.42,171389.66,171387.19,171386.88,171386.21,171381.56,171380.48,171383.92,171383.12,171385.94,171384.24,171389.47,171384.59,171386.46,171385.99,171387.90,171382.99,171384.11,171383.59,171385.59,171385.10,171385.15,171383.04,171387.27,171385.46,171385.14,171388.43,171386.90,171382.33,171385.25,171384.34,171387.32,171388.19,171385.07,171386.05,171384.11,171384.02,171388.46,171385.39,171389.49,171385.24,171383.86,171381.84,171384.29,171381.67,171385.80,171384.99,171387.97,171386.67,171387.69,171385.26,171383.27,171384.33,171385.66,171384.19,171387.45,171387.95,171382.85,171383.66,171384.30,171385.95,171387.19,171384.34,171388.29,171385.70,171387.87,171386.73,171387.20,171381.08
diabeteshealthindicators1_10000_4.csv,4,16, 26.5289,100.00,171387.55,171389.21,2.60,0.23,5.51,4.00,0.001000,2501.20,2500.00,2499.60,2499.20,obj,188428.66,199839.39,206818.29,208137.37,215354.82,221172.55,196257.77,162784.84,163977.03,167771.63,170321.16,170971.24,171246.39,171355.97,171389.63,171411.38,171404.22,171405.59,171402.76,171399.03,171398.02,171389.36,171391.94,171384.75,171387.79,171388.60,171384.34,171390.53,171389.77,171386.12,171387.84,171384.58,171383.68,171381.99,171388.61,171388.18,171388.74,171387.32,171388.57,171383.33,171382.57,171380.57,171386.24,171383.67,171384.81,171387.52,171387.42,171386.07,171385.45,171381.59,171385.75,171385.22,171389.36,171382.36,171384.57,171385.97,171387.20,171383.22,171383.73,171381.65,171388.91,171385.93,171391.31,171384.48,171389.47,171382.23,171383.02,171380.95,171384.90,171384.70,171386.88,171387.47,171389.03,171386.46,171385.50,171384.34,171385.81,171384.55,171383.74,171385.16,171388.18,171385.51,171384.44,171384.49,171383.08,171387.28,171384.09,171388.17,171384.83,171385.59,171387.61,171382.51,171382.39,171383.55,171385.58,171384.38,171384.82,171389.16,171385.46,171389.21
diabeteshealthindicators1_10000_4.csv,4,64, 22.0133,100.00,171385.97,171384.33,4.20,6.66,3.94,4.00,0.001000,2501.00,2500.20,2498.60,2500.20,obj,188431.38,199824.31,206806.14,208160.71,215352.53,221183.06,196146.26,162458.59,163924.28,167754.35,170345.61,170974.38,171243.39,171353.00,171389.80,171409.14,171402.79,171405.03,171397.10,171398.24,171400.07,171398.02,171387.64,171385.49,171383.38,171384.21,171389.27,171384.80,171388.92,171388.05,171390.30,171388.18,171384.92,171386.24,171386.16,171387.08,171392.45,171385.03,171389.48,171385.30,171386.09,171385.37,171383.87,171385.58,171385.03,171386.94,171382.80,171384.68,171383.57,171384.37,171384.33,171381.09,171384.79,171386.14,171387.96,171387.02,171386.15,171384.89,171384.56,171384.33,171383.67,171382.61,171384.82,171384.54,171389.18,171388.21,171387.48,171384.96,171384.60,171384.16,171383.38,171385.38,171388.91,171385.63,171383.77,171384.21,171384.67,171391.10,171386.33,171388.46,171384.89,171385.38,171384.20,171383.07,171382.88,171383.45,171384.26,171387.73,171383.22,171384.18,171385.97,171387.40,171388.25,171383.98,171387.37,171389.79,171383.22,171384.19,171382.19,171384.33
diabeteshealthindicators1_10000_4.csv,4,256, 17.9592,100.00,171384.20,171388.73,5.80,0.28,6.48,4.00,0.001000,2501.20,2501.20,2498.60,2499.00,obj,188442.46,199822.41,206819.51,208204.23,215322.64,221243.52,194722.55,161313.24,163662.45,167501.94,170130.49,170844.85,171223.05,171335.72,171396.93,171419.27,171413.64,171404.74,171408.55,171401.03,171403.95,171389.35,171390.35,171383.43,171384.07,171386.11,171386.39,171385.69,171388.86,171388.74,171393.90,171385.03,171385.52,171383.30,171383.15,171385.11,171389.65,171386.43,171384.51,171388.00,171384.11,171384.32,171385.30,171385.48,171385.39,171385.06,171388.50,171385.89,171389.72,171385.90,171389.06,171382.08,171383.13,171383.79,171383.38,171386.52,171384.10,171388.75,171384.69,171384.30,171387.03,171388.23,171381.57,171383.23,171383.93,171389.86,171386.86,171386.84,171386.27,171386.05,171384.21,171384.97,171381.91,171385.63,171382.19,171389.33,171384.60,171383.13,171383.56,171387.71,171389.20,171386.45,171383.11,171385.03,171384.31,171384.05,171384.21,171386.91,171386.37,171388.47,171383.98,171385.48,171384.87,171387.42,171385.88,171384.92,171383.99,171384.43,171383.83,171388.73
diabeteshealthindicators1_10000_4.csv,4,1024, 15.6960,100.00,171383.96,171385.60,4.20,0.18,6.10,4.00,0.001000,2502.00,2500.20,2499.00,2498.80,obj,188456.22,199725.43,207184.52,208581.94,215174.01,221364.51,190406.41,155700.75,161915.61,166707.88,169877.26,170733.78,171190.01,171337.99,171387.06,171407.30,171422.32,171403.30,171405.75,171401.26,171402.68,171395.46,171392.04,171393.17,171389.60,171389.73,171386.80,171384.11,171384.17,171386.26,171387.77,171390.52,171386.46,171383.67,171385.90,171385.18,171384.08,171384.58,171382.01,171384.87,171389.12,171379.06,171386.51,171385.38,171385.62,171385.77,171386.13,171387.83,171384.44,171385.36,171383.96,171385.51,171384.06,171385.99,171383.07,171383.65,171386.75,171386.38,171386.04,171387.37,171385.05,171387.85,171384.56,171385.32,171389.65,171388.21,171386.82,171382.48,171384.52,171384.18,171383.19,171384.81,171386.07,171386.33,171383.03,171384.76,171385.52,171384.00,171384.36,171388.63,171386.82,171387.88,171384.68,171382.69,171386.53,171384.70,171383.25,171385.75,171385.81,171383.28,171385.24,171385.15,171387.15,171385.59,171387.16,171383.90,171384.48,171382.16,171388.92,171385.60
NHANES_10000_4.csv,4,4, 2.8805,100.00,14184.94,13195.90,169501.64,0.12,830.39,4.00,0.001000,499.80,506.20,582.00,690.00,obj,13328.65,13634.02,13937.74,14577.19,14947.66,14889.02,14811.61,14498.80,14463.10,14362.67,15198.08,15083.47,14810.23,14804.77,14806.88,14718.09,14530.08,14356.64,14306.75,13183.21,13223.88,13606.35,13801.15,13841.61,13681.54,13559.45,13676.37,13837.71,13998.13,14212.79,14430.67,14307.03,14012.56,13777.36,13754.88,13834.37,13898.02,14002.45,14207.18,14335.73,14390.97,14356.80,14287.74,14220.26,14226.89,14263.80,14274.37,14137.65,13585.47,13288.74,13429.31,13667.88,13868.79,14003.30,14100.95,14255.35,14343.93,14338.76,14251.01,14157.55,14153.83,14201.65,14207.68,14130.56,13840.72,13419.82,13320.62,13606.50,13916.73,14190.22,14316.76,14308.60,14244.84,14236.48,14171.67,14074.03,14079.27,14092.97,14080.67,14009.02,13774.50,13410.97,13201.41,13446.52,13906.16,14250.50,14419.05,14495.07,14492.48,14384.23,14170.37,14035.63,14047.79,14087.09,14088.44,14022.00,13811.99,13485.57,13243.26,13195.90
NHANES_10000_4.csv,4,16, 2.3899,100.00,14198.78,13887.55,100963.04,0.08,776.20,4.00,0.001000,592.20,517.40,577.00,591.40,obj,13328.34,13633.33,13937.48,14576.23,14988.43,14924.24,14837.03,14522.02,14486.10,14376.22,15176.48,15074.39,14789.28,14780.20,14783.02,14680.17,14466.70,14318.26,14295.57,13185.23,13215.72,13592.69,13797.23,13874.64,13770.42,13593.36,13661.62,13823.85,13984.47,14200.81,14415.30,14316.21,14056.24,13802.80,13781.81,13863.83,13925.81,14030.52,14237.96,14381.57,14443.60,14419.62,14331.09,14256.14,14235.25,14195.20,13984.62,13545.83,13460.51,13459.05,13609.32,13778.85,13948.61,14099.94,14222.60,14334.46,14383.87,14333.04,14253.05,14179.90,14193.39,14230.11,14184.72,13980.22,13511.48,13218.09,13443.04,13726.14,13962.70,14192.26,14310.98,14351.92,14296.15,14245.30,14184.59,14131.99,14154.10,14195.61,14221.80,14193.03,13974.19,13564.73,13206.56,13388.62,13787.31,14131.85,14329.17,14376.61,14317.63,14238.25,14158.64,14100.25,14090.98,14151.57,14185.96,14162.71,14009.51,13838.17,13880.95,13887.55
NHANES_10000_4.csv,4,64, 2.2016,100.00,14217.29,13933.92,151509.48,0.06,1202.97,4.00,0.001000,615.80,515.60,576.00,570.60,obj,13327.68,13629.85,13934.66,14531.40,14735.42,14816.18,14830.80,14552.28,14556.39,14474.58,14914.93,15399.83,14915.57,14796.01,14794.30,14697.59,14478.79,14322.46,14285.68,13223.79,13152.09,13545.16,13780.02,13894.52,13920.11,13897.74,13781.40,13625.32,13735.89,13998.53,14291.22,14374.11,14208.78,13864.26,13781.51,13800.28,13807.18,13886.59,14110.82,14281.55,14359.55,14363.15,14290.03,14199.22,14192.16,14242.04,14309.70,14370.98,14285.63,13776.18,13248.46,13369.06,13639.80,13872.40,14032.46,14078.05,14179.54,14282.48,14268.63,14195.81,14140.76,14172.69,14213.56,14226.70,14187.58,14026.17,13888.86,13638.48,13430.10,13623.65,13855.06,13994.06,14082.21,14142.60,14158.67,14163.74,14108.03,14100.11,14123.66,14123.54,14102.49,13980.94,13938.76,13972.75,13919.83,13721.63,13699.54,13834.50,13962.21,14064.50,14072.36,14077.43,14064.68,14085.53,14136.32,14178.28,14200.00,14141.15,13987.53,13933.92
NHANES_10000_4.csv,4,256, 2.2369,100.00,13512.42,14092.98,50276.96,0.06,832.95,4.00,0.001000,567.40,615.40,532.60,562.60,obj,13320.82,13611.49,13928.51,14412.96,14631.52,14821.11,14922.57,14688.67,14643.99,14503.64,14838.73,15187.81,14996.79,15527.56,15063.73,14817.16,14524.25,14374.20,14358.17,13544.12,13094.26,13590.20,13922.99,14117.09,14140.01,13988.82,13993.30,14020.83,13991.87,13963.13,13786.03,13599.13,13565.30,13479.85,13479.18,13648.73,13869.32,14022.31,14293.35,14474.08,14551.40,14566.43,14441.49,14261.37,14109.40,14085.50,14135.91,14169.33,14175.49,14102.19,13891.03,13735.87,13706.50,13541.09,13484.99,13890.19,14206.41,14344.11,14335.71,14196.44,14043.94,14000.84,14040.19,14099.57,14138.25,14132.78,14064.67,13853.91,13691.87,13745.70,13853.64,13841.40,13913.68,14124.04,14266.44,14255.09,14139.74,14012.44,13962.00,14013.74,14079.11,14108.83,14092.07,13999.47,13784.91,13638.44,13700.34,13853.19,13927.97,14006.42,14155.94,14271.42,14250.10,14151.25,14008.78,13943.65,14003.69,14074.52,14104.64,14092.98
NHANES_10000_4.csv,4,1024, 2.2782,100.00,13702.41,14051.93,43670.92,0.07,657.71,4.00,0.001000,542.40,605.60,583.00,547.00,obj,13314.33,13574.03,13920.97,14354.63,14650.09,14840.30,15003.33,14947.61,14751.73,14646.65,14516.90,14912.12,15285.13,15153.91,15442.53,15078.40,14751.68,14526.27,14460.27,14369.75,13073.71,13183.95,13476.33,13688.84,13804.55,13872.19,13886.31,13947.98,13985.88,13991.24,13906.26,13743.41,13677.14,13796.72,13969.14,13990.93,13996.36,14065.07,14106.80,14155.79,14205.41,14193.61,14150.61,14180.20,14188.10,14155.83,14122.55,14132.08,14180.44,14233.92,14265.20,14279.79,14234.05,14062.60,13862.42,13572.77,13385.96,13584.99,13841.22,13988.01,14032.18,14071.49,14083.05,14079.46,14089.95,14102.66,14121.38,14159.59,14180.63,14170.62,14118.39,13977.30,13837.91,13795.45,13710.98,13703.54,13817.81,13945.85,14001.62,14030.10,14048.34,14056.62,14044.05,14060.15,14080.12,14120.67,14145.87,14149.20,14118.88,14030.77,13894.42,13832.74,13773.41,13729.64,13798.70,13914.85,13977.05,14016.93,14046.17,14051.93
NHANES_10000_4.csv,4,16, 2.0006,100.00,13939.92,13942.09,4.60,0.01,6.51,4.00,0.010000,570.00,569.40,569.00,569.60,obj,16556.62,15472.09,14702.50,14513.27,14437.60,14228.03,14193.92,14134.84,14068.74,13973.10,13969.59,13964.78,13955.99,13934.64,13949.71,13938.85,13944.62,13936.51,13944.66,13941.29,13946.32,13940.46,13943.40,13943.70,13939.88,13947.59,13941.54,13936.54,13953.37,13938.39,13942.03,13945.73,13937.90,13947.19,13935.55,13948.80,13937.85,13943.70,13948.58,13938.60,13942.10,13942.87,13946.50,13939.86,13944.09,13940.95,13940.06,13950.96,13934.51,13948.64,13939.88,13946.82,13936.42,13951.39,13934.18,13949.59,13940.00,13942.11,13945.28,13941.05,13942.28,13945.67,13937.83,13949.79,13935.55,13945.25,13945.01,13938.01,13947.84,13938.74,13946.93,13939.58,13944.68,13940.73,13942.54,13947.16,13934.36,13954.05,13932.77,13953.44,13935.20,13943.56,13946.88,13935.53,13950.32,13940.16,13944.19,13946.89,13936.27,13947.66,13937.81,13948.77,13936.49,13952.70,13935.78,13944.51,13941.88,13941.99,13943.72,13942.09
Spanish_10000_4.csv,4,16, 4.7859,100.00,14777.46,14778.68,6.90,0.00,0.00,4.00,0.010000,1186.00,1185.00,1186.00,1189.00,obj,19113.44,18328.02,17668.40,16916.91,16306.31,16106.25,15898.82,15715.76,15423.92,15170.52,15059.27,14962.41,14896.30,14841.80,14804.26,14808.47,14797.29,14793.94,14798.23,14795.98,14796.37,14788.37,14780.97,14779.77,14778.00,14775.69,14777.81,14775.11,14776.43,14776.52,14778.57,14777.47,14777.08,14779.51,14777.38,14778.12,14777.05,14776.64,14777.15,14780.12,14777.75,14777.95,14777.00,14778.33,14777.65,14777.75,14777.16,14777.54,14777.20,14776.32,14779.37,14777.63,14777.08,14776.45,14777.36,14778.44,14778.66,14776.95,14777.68,14779.76,14779.75,14779.98,14777.44,14777.30,14776.92,14776.07,14777.62,14777.30,14777.81,14777.17,14775.87,14777.13,14777.49,14776.54,14776.88,14778.04,14778.34,14777.73,14777.89,14777.37,14777.47,14777.52,14777.18,14777.68,14777.48,14778.29,14777.99,14776.66,14776.54,14777.27,14777.95,14779.66,14780.23,14775.41,14775.94,14777.79,14777.47,14777.93,14778.24,14778.68
Spanish_10000_4.csv,4,16, 4.7135,100.00,14751.06,14751.47,1.99,0.04,36.64,4.00,0.010000,1185.60,1186.40,1187.80,1186.20,obj,19829.56,19013.67,17415.78,16705.97,16253.58,15989.50,15834.90,15721.30,15532.93,15375.11,15276.58,15219.98,15184.72,15140.25,15097.17,15003.85,14930.01,14882.41,14851.19,14819.91,14804.43,14797.26,14785.24,14773.78,14762.89,14761.02,14752.92,14752.62,14749.83,14751.48,14751.12,14749.24,14752.41,14750.60,14747.85,14750.60,14748.83,14749.99,14749.12,14750.76,14749.70,14750.02,14751.14,14750.25,14749.89,14750.05,14749.24,14749.99,14750.38,14750.70,14751.05,14749.56,14750.17,14750.27,14751.22,14750.83,14751.42,14751.01,14748.98,14750.31,14750.41,14750.88,14750.62,14748.96,14748.77,14749.32,14751.29,14749.53,14748.61,14751.64,14748.88,14750.44,14749.62,14749.17,14749.00,14749.65,14751.11,14750.24,14750.18,14750.79,14750.71,14750.09,14749.83,14750.75,14749.70,14749.89,14749.31,14749.84,14750.34,14750.27,14749.67,14749.91,14751.70,14747.95,14749.96,14749.95,14751.34,14748.59,14749.51,14751.47
Spanish_10000_4.csv,4,1024, 4.4267,100.00,23714.98,4743483.04,4685098.55,0.16,1453514.02,4.00,0.010000,1154.00,2252.80,1004.40,334.80,obj,45434.65,41494.86,64357.25,79228.92,122356.83,161502.09,156056.62,213015.10,308255.45,292305.61,380563.88,380052.79,528678.71,602040.54,630429.48,581018.35,627866.23,847710.71,921078.87,930757.92,830136.93,876987.89,982690.44,1224672.69,1298040.86,1286441.15,1127559.63,1174410.59,1301391.90,1601634.67,1675002.84,1642124.38,1424982.34,1471833.30,1620093.35,1978596.66,2051964.82,1997807.62,1722405.04,1769256.00,1938794.80,2355558.64,2428926.80,2353490.85,2019827.74,2066678.71,2257496.25,2732520.62,2805888.78,2709174.08,2317250.45,2364101.41,2576197.70,3109482.60,3182850.76,3064857.32,2614673.15,2661524.11,2894899.16,3486444.58,3559812.74,3420540.55,2912095.86,2958946.82,3213600.61,3863406.56,3936774.72,3776223.78,3209518.56,3256369.52,3532302.06,4240368.54,4313736.70,4131907.01,3506941.26,3553792.23,3851003.51,4617330.52,4690698.68,4487590.25,3804363.97,3851214.93,4169704.96,4994292.50,5067660.67,4843273.48,4101786.67,4148637.63,4488406.41,5371254.48,5444622.65,5198956.71,4399209.37,4446060.34,4807107.87,5748216.46,5821584.63,5554639.95,4696632.08,4743483.04
Spanish_10000_4.csv,4,1024, 4.3617,100.00,23716.21,2814967.37,3050695.68,0.13,2490761.03,4.00,0.010000,2103.20,744.40,949.20,949.20,obj,44973.78,30706.29,78253.01,91590.99,83619.61,103377.34,215839.24,195170.63,214950.02,180367.99,209640.21,307192.89,396716.33,438326.10,350627.37,354734.73,571449.57,551438.55,442964.07,524914.18,768552.74,786874.27,575536.43,497327.51,901616.09,1029460.59,726691.21,706197.06,1092438.50,1009058.80,794425.79,915138.49,1303698.18,1297414.54,937445.88,795869.20,1412156.36,1578763.46,1102758.09,1057658.78,1613426.50,1466679.04,1145887.51,1305362.81,1838843.62,1807954.82,1299355.33,1094410.90,1922696.64,2128066.33,1478824.97,1409120.50,2134414.51,1924299.29,1497349.22,1695587.12,2373989.05,2318495.09,1661264.78,1392952.59,2433236.91,2677369.19,1854891.85,1760582.22,2655402.51,2381919.54,1848810.94,2085811.43,2909134.49,2829035.36,2023174.23,1691494.28,2943777.18,3226672.06,2230958.73,2112043.94,3176390.51,2839539.78,2200272.66,2476035.75,3444279.92,3339575.64,2385083.68,1990035.98,3454317.46,3775974.93,2607025.62,2463505.66,3697378.52,3297160.03,2551734.38,2866260.06,3979425.36,3850115.91,2746993.13,2288577.67,3964857.73,4325277.80,2983092.50,2814967.37
