data_name,Clusters num,Average time,iterations,sse,obj,balance loss,Time Std,Obj Std,num-thr,t,Average clusters size
athlete_1000_4.csv,4,4, 1.0097,100.00,2524.28,2525.22,218.65,0.01,30.05,4.00,0.010000,252.00,251.00,249.00,248.00,obj,2358.45,2379.16,2477.95,2448.94,2512.21,2539.48,2513.98,2517.55,2490.33,2478.29,2503.89,2551.14,2510.15,2550.17,2492.36,2503.74,2511.36,2545.08,2502.96,2525.25,2491.87,2459.61,2519.32,2506.79,2508.20,2484.40,2472.34,2500.84,2518.02,2487.78,2525.20,2490.54,2499.55,2484.18,2455.49,2533.68,2483.40,2510.24,2423.72,2454.48,2504.21,2522.85,2521.20,2490.19,2483.85,2466.48,2490.79,2489.27,2521.20,2502.33,2515.77,2500.45,2502.04,2552.03,2528.07,2512.88,2470.66,2509.39,2460.30,2487.81,2541.73,2511.16,2530.18,2526.46,2507.78,2539.64,2507.23,2516.92,2538.02,2523.08,2568.13,2465.05,2526.62,2542.79,2540.63,2535.97,2489.01,2530.30,2494.06,2536.44,2503.12,2528.70,2493.84,2471.16,2508.09,2509.21,2540.24,2490.80,2537.19,2510.69,2483.64,2463.48,2461.56,2482.10,2529.41,2478.89,2515.93,2517.21,2502.45,2525.22
athlete_1000_4.csv,4,16, 0.8824,100.00,2529.47,2530.67,233.45,0.00,35.41,4.00,0.010000,250.80,250.80,249.40,249.00,obj,2362.45,2379.86,2489.34,2428.29,2509.29,2548.24,2515.73,2523.96,2489.74,2478.78,2507.41,2554.33,2512.78,2547.02,2490.32,2501.77,2511.60,2545.72,2500.46,2531.48,2488.65,2457.08,2516.93,2507.45,2511.33,2485.71,2474.41,2500.83,2514.50,2479.13,2524.72,2484.71,2494.35,2486.16,2459.89,2542.11,2497.20,2516.85,2422.48,2451.37,2502.41,2526.76,2519.44,2490.05,2484.93,2469.13,2487.49,2489.21,2520.50,2499.94,2513.62,2505.02,2507.97,2554.89,2523.73,2509.39,2470.41,2517.65,2461.92,2484.56,2546.31,2508.46,2530.43,2527.79,2501.73,2541.98,2507.97,2522.12,2546.78,2524.39,2565.10,2463.76,2525.87,2544.22,2539.64,2533.46,2492.32,2528.27,2491.47,2541.32,2504.29,2530.26,2500.95,2467.59,2511.25,2506.50,2539.91,2492.72,2534.16,2510.37,2478.42,2466.52,2466.43,2484.54,2529.70,2477.94,2514.50,2515.96,2506.29,2530.67
athlete_1000_4.csv,4,64, 0.8558,100.00,2515.53,2520.63,327.45,0.00,43.08,4.00,0.010000,252.20,251.60,245.40,250.80,obj,2360.43,2383.55,2473.52,2437.38,2507.11,2537.45,2488.58,2510.80,2488.84,2460.70,2509.35,2513.90,2499.21,2535.54,2486.45,2502.05,2509.78,2542.53,2500.27,2516.52,2489.36,2461.01,2505.98,2492.43,2503.39,2487.36,2457.85,2493.04,2486.55,2486.29,2531.06,2488.39,2504.29,2485.37,2463.24,2554.94,2478.98,2531.16,2404.38,2414.32,2477.45,2522.62,2506.15,2495.77,2493.96,2455.16,2480.86,2497.04,2506.17,2508.11,2502.97,2489.82,2509.16,2550.57,2537.65,2516.48,2461.88,2513.11,2465.40,2478.05,2521.59,2499.18,2522.04,2530.25,2494.69,2515.75,2509.88,2514.07,2546.83,2508.78,2551.49,2436.23,2512.75,2537.90,2527.71,2512.96,2477.44,2527.01,2470.76,2522.78,2495.02,2534.33,2485.12,2469.28,2515.33,2517.54,2526.98,2494.61,2530.89,2512.04,2477.33,2446.43,2450.35,2488.50,2512.27,2493.77,2498.83,2510.10,2503.58,2520.63
athlete_1000_4.csv,4,256, 0.8459,100.00,2494.94,2504.44,453.05,0.01,38.26,4.00,0.010000,251.00,251.20,245.80,252.00,obj,2359.28,2375.68,2450.38,2407.83,2481.32,2542.48,2487.93,2513.02,2502.28,2468.61,2510.01,2509.04,2501.45,2519.72,2469.18,2495.16,2481.92,2534.98,2483.45,2511.56,2476.41,2459.28,2497.41,2472.51,2500.34,2497.04,2458.75,2480.48,2491.25,2483.01,2535.26,2466.86,2484.29,2484.78,2438.75,2544.25,2482.23,2526.63,2428.18,2432.45,2505.53,2507.78,2473.91,2487.50,2476.24,2457.40,2491.64,2496.38,2509.35,2494.36,2495.54,2477.61,2507.76,2536.53,2521.67,2520.28,2462.65,2520.82,2463.63,2482.77,2512.74,2493.06,2512.04,2520.45,2479.40,2522.73,2496.73,2512.26,2530.55,2508.57,2535.04,2441.63,2506.63,2514.38,2531.36,2501.95,2481.24,2497.53,2484.65,2507.09,2483.52,2532.11,2495.93,2486.50,2505.84,2506.80,2521.84,2468.49,2515.70,2513.10,2473.22,2463.36,2455.60,2475.82,2502.71,2486.36,2484.44,2503.90,2470.49,2504.44
athlete_1000_4.csv,4,1024, 0.9206,100.00,3930.10,6952.54,228006.65,0.01,1931.08,4.00,0.010000,417.40,100.40,189.80,292.40,obj,2474.18,2600.17,3034.23,3568.94,6118.18,7147.55,5313.01,9756.23,5295.15,8801.48,5770.30,4020.92,6307.02,5915.99,8437.16,5070.37,6686.08,8179.43,7537.58,6690.49,6243.09,6674.10,6124.66,7149.71,5224.42,5643.10,5851.87,5442.08,6106.50,6684.41,6174.77,5422.51,6780.54,5151.74,8284.35,4543.29,8373.19,4861.00,9068.45,6828.13,6121.07,6691.58,6558.97,9107.79,6314.04,11606.22,5770.64,6822.36,7650.71,8627.18,7309.93,7254.61,6937.39,6371.73,7102.18,7055.49,7230.18,6434.22,6949.26,6664.67,7158.62,6164.04,7484.61,6703.59,8195.69,6403.54,7490.51,6419.10,7692.15,6565.75,6907.94,6723.92,8628.19,6775.87,8009.36,7175.38,8189.96,6915.96,7990.25,6822.52,8414.24,7248.44,8099.07,8060.47,7948.70,7088.92,7733.79,6481.78,8092.97,7251.92,8127.63,6683.02,8107.97,6940.94,8076.21,7482.36,8257.38,6852.17,7456.41,6952.54
census_1000_4.csv,4,4, 1.0114,100.00,4150.00,4150.74,292.65,0.00,32.61,4.00,0.010000,249.20,249.20,249.40,252.20,obj,4387.16,4174.07,4165.69,4144.33,4164.97,4161.24,4147.69,4169.57,4163.69,4163.81,4167.78,4166.39,4162.21,4146.12,4188.81,4132.37,4149.43,4177.72,4171.99,4147.46,4145.06,4165.72,4172.77,4169.22,4157.52,4156.83,4183.29,4180.17,4156.99,4140.68,4163.67,4153.79,4138.41,4166.42,4159.36,4154.30,4167.55,4152.37,4154.49,4159.83,4158.28,4156.78,4156.97,4170.62,4163.11,4171.72,4175.40,4143.25,4154.54,4126.00,4134.05,4129.88,4143.18,4167.24,4134.92,4118.38,4164.47,4139.71,4145.22,4178.97,4169.29,4143.93,4170.42,4150.23,4152.20,4179.90,4172.19,4166.39,4176.28,4156.42,4136.61,4125.50,4136.89,4164.90,4129.65,4145.52,4135.28,4147.72,4130.79,4169.50,4126.14,4150.74,4143.04,4175.61,4179.49,4137.60,4156.01,4162.21,4132.31,4162.49,4166.89,4168.38,4129.63,4161.18,4164.11,4171.80,4175.33,4167.63,4181.54,4150.74
census_1000_4.csv,4,16, 0.8996,100.00,4158.26,4159.83,343.85,0.00,36.10,4.00,0.010000,251.00,247.20,250.80,251.00,obj,4395.43,4174.32,4165.18,4162.93,4179.19,4162.96,4149.26,4165.68,4159.53,4157.51,4171.57,4172.41,4160.86,4154.07,4159.16,4120.93,4140.87,4164.16,4164.29,4140.56,4144.51,4158.27,4162.67,4165.05,4161.66,4164.57,4187.16,4178.48,4167.27,4154.94,4162.44,4142.24,4139.35,4163.20,4163.00,4146.76,4171.73,4150.76,4146.82,4147.01,4144.33,4143.26,4147.54,4168.68,4161.59,4167.74,4176.34,4140.96,4155.31,4129.18,4124.53,4122.24,4137.03,4167.19,4148.15,4129.98,4164.27,4144.24,4149.18,4175.55,4164.41,4141.17,4170.36,4144.21,4147.24,4166.76,4166.95,4153.54,4164.41,4156.92,4142.20,4124.67,4147.59,4166.96,4129.45,4142.73,4125.53,4140.40,4119.63,4160.07,4128.16,4153.21,4152.46,4177.15,4175.91,4141.48,4157.31,4163.12,4139.85,4167.01,4176.13,4164.38,4133.89,4165.45,4164.21,4168.55,4179.11,4160.94,4179.99,4159.83
census_1000_4.csv,4,64, 0.8710,100.00,4150.65,4154.90,387.05,0.00,31.92,4.00,0.010000,253.00,244.80,250.40,251.80,obj,4423.10,4189.74,4132.41,4134.27,4134.70,4128.12,4111.56,4154.14,4150.28,4126.43,4152.23,4151.39,4164.04,4158.21,4169.50,4117.65,4152.70,4163.53,4171.09,4145.46,4147.33,4158.66,4165.47,4179.15,4159.44,4156.70,4179.51,4172.20,4143.53,4160.12,4158.74,4147.07,4143.59,4167.51,4160.91,4165.77,4170.52,4145.22,4160.30,4148.99,4152.18,4151.76,4161.13,4159.68,4177.90,4188.00,4191.45,4143.21,4160.17,4135.47,4139.38,4129.48,4143.62,4166.72,4136.10,4134.22,4141.79,4130.73,4135.37,4163.51,4167.05,4142.93,4166.08,4159.13,4162.52,4171.89,4176.99,4150.03,4168.98,4155.78,4140.02,4133.72,4145.06,4165.02,4124.30,4156.56,4132.94,4124.84,4122.14,4172.33,4124.22,4149.04,4156.77,4163.90,4175.29,4146.21,4153.18,4163.31,4143.12,4148.80,4167.84,4174.23,4145.47,4167.99,4165.17,4159.76,4166.94,4160.81,4157.57,4154.90
census_1000_4.csv,4,256, 0.8619,100.00,4150.96,4183.39,2612.65,0.00,40.45,4.00,0.010000,246.20,245.60,250.00,258.20,obj,4533.61,4328.06,4301.30,4264.23,4263.86,4235.32,4195.36,4301.08,4284.24,4131.77,4400.81,4347.85,4334.71,4149.52,4189.52,4177.60,4385.20,4246.85,4153.31,4298.74,4165.97,4211.14,4176.01,4197.37,4183.36,4190.04,4188.82,4179.14,4179.64,4157.98,4163.24,4164.17,4150.73,4158.83,4172.39,4184.97,4181.11,4178.84,4168.39,4176.35,4187.04,4174.23,4168.44,4188.82,4184.81,4202.19,4202.21,4142.75,4157.20,4159.76,4164.88,4170.48,4177.20,4178.71,4140.83,4141.35,4150.13,4157.68,4156.49,4171.59,4182.84,4152.09,4194.06,4173.36,4174.68,4184.12,4219.69,4190.29,4173.86,4172.00,4162.66,4163.27,4170.61,4178.13,4180.71,4145.71,4165.22,4204.35,4141.91,4166.69,4172.33,4173.12,4156.97,4158.66,4199.64,4156.37,4166.98,4171.43,4148.22,4213.50,4167.86,4183.10,4146.91,4190.40,4138.37,4157.00,4179.99,4166.66,4182.39,4183.39
census_1000_4.csv,4,1024, 0.9197,100.00,4978.22,9271.77,253258.65,0.00,2494.02,4.00,0.010000,104.40,197.20,294.00,404.40,obj,4897.59,8014.60,5959.22,6789.00,7170.02,7088.81,8670.79,8798.31,8578.19,8837.67,8521.28,8720.78,8370.82,8654.17,8404.10,8430.61,8519.91,7496.50,8290.70,7988.28,8926.66,8573.23,8936.53,7941.20,8977.29,8395.92,8861.40,7277.93,9039.30,6975.74,9344.69,7367.38,9509.50,7061.70,8688.03,8143.84,10518.11,7491.07,11243.39,8542.53,9535.65,7690.35,9638.27,7639.07,9317.06,8050.08,9452.65,7825.90,8497.46,8043.61,9241.13,8435.94,9392.81,8323.46,9302.57,7780.97,8149.44,9218.80,9229.05,10993.48,8461.90,8741.64,8580.68,7825.42,8816.92,8555.94,7761.01,8416.30,8513.63,8471.93,8436.77,8644.46,8460.39,8789.39,8589.91,8982.49,8518.17,8171.72,7917.14,7782.71,7562.63,8739.60,7657.12,8124.34,9002.25,9000.59,10883.62,9860.35,9344.42,8345.40,8746.87,8847.71,8763.30,8433.12,8502.85,8611.27,8649.07,8713.95,7237.38,9271.77
Spanish_1000_4.csv,4,4, 0.9955,100.00,3710.88,3710.68,779.70,0.01,36.54,4.00,0.010000,251.40,248.60,245.60,254.40,obj,4352.81,3835.20,3780.73,3741.15,3757.02,3730.52,3715.69,3755.72,3736.93,3693.16,3752.55,3732.94,3722.64,3762.52,3749.35,3782.73,3749.40,3712.57,3734.32,3766.70,3726.19,3707.58,3698.39,3695.57,3685.12,3729.76,3714.97,3721.81,3733.99,3705.06,3694.18,3714.79,3688.75,3715.90,3737.95,3717.08,3759.96,3705.13,3723.82,3670.58,3712.13,3750.79,3748.25,3725.92,3728.09,3724.52,3758.57,3756.70,3731.20,3722.32,3748.95,3706.74,3694.02,3726.42,3688.47,3719.42,3687.98,3736.75,3736.91,3690.84,3724.48,3771.67,3754.01,3732.36,3694.74,3725.16,3730.26,3740.40,3727.24,3773.37,3770.69,3707.57,3721.58,3719.48,3755.07,3703.06,3728.12,3695.71,3736.74,3755.83,3713.17,3712.51,3714.07,3717.83,3735.65,3734.44,3702.04,3684.47,3723.23,3761.25,3790.64,3760.72,3674.53,3697.62,3706.31,3713.22,3715.16,3695.03,3746.32,3710.68
Spanish_1000_4.csv,4,16, 0.8887,100.00,3748.87,3760.95,1191.45,0.01,63.66,4.00,0.010000,249.40,252.40,246.20,252.00,obj,4362.83,3859.19,3765.38,3712.44,3722.42,3718.16,3682.45,3729.25,3742.80,3716.28,3749.99,3746.07,3742.19,3746.59,3752.38,3790.66,3734.40,3684.54,3675.05,3734.60,3696.88,3665.47,3699.99,3673.05,3662.75,3747.63,3751.23,3729.79,3756.42,3718.65,3713.90,3721.59,3678.09,3711.60,3729.37,3699.53,3765.84,3686.75,3714.63,3685.64,3711.04,3746.10,3734.75,3713.63,3686.26,3715.91,3757.18,3759.64,3730.87,3756.46,3741.15,3740.67,3708.95,3744.29,3714.41,3742.08,3699.80,3745.53,3740.90,3683.55,3740.42,3751.26,3726.32,3723.06,3684.50,3731.41,3726.72,3736.93,3735.79,3765.38,3770.69,3697.96,3738.94,3728.95,3733.64,3700.05,3725.10,3714.72,3713.51,3719.47,3711.08,3703.81,3751.20,3723.78,3738.79,3727.15,3701.20,3694.17,3689.14,3715.09,3778.29,3765.69,3716.03,3720.32,3743.32,3703.30,3722.98,3725.34,3763.15,3760.95
Spanish_1000_4.csv,4,64, 0.8598,100.00,3731.35,3732.67,787.45,0.00,57.23,4.00,0.010000,253.20,244.60,243.80,258.40,obj,4402.09,3881.83,3797.12,3745.50,3751.80,3761.07,3726.33,3743.62,3729.71,3720.99,3747.57,3728.55,3734.19,3750.99,3748.46,3791.54,3732.86,3690.71,3677.43,3732.09,3706.16,3719.56,3703.61,3691.04,3700.09,3741.79,3729.02,3730.89,3729.75,3741.57,3722.08,3727.07,3703.04,3727.70,3744.56,3706.34,3752.08,3738.45,3753.80,3664.56,3714.58,3745.65,3741.32,3734.18,3721.74,3740.35,3753.88,3751.38,3739.34,3729.79,3759.21,3741.10,3719.54,3756.32,3700.67,3714.71,3698.49,3745.40,3691.43,3674.59,3732.61,3740.76,3730.29,3722.20,3696.02,3711.88,3722.38,3698.27,3717.97,3775.87,3750.66,3703.93,3717.86,3718.85,3755.16,3716.81,3743.24,3721.09,3740.61,3755.68,3711.28,3703.21,3690.48,3682.52,3740.20,3752.78,3721.64,3683.10,3710.74,3738.53,3761.18,3772.43,3709.62,3713.20,3741.75,3708.30,3707.84,3688.62,3720.86,3732.67
Spanish_1000_4.csv,4,256, 0.8519,100.00,3728.80,3734.82,1255.05,0.00,36.86,4.00,0.010000,251.20,249.20,245.40,254.20,obj,4628.28,4035.75,3985.19,3838.97,3883.79,3776.43,3789.76,3804.93,3792.46,3731.82,3766.84,3753.89,3789.09,3809.11,3768.57,3854.41,3837.29,3763.14,3815.40,3804.01,3759.93,3751.67,3755.44,3729.63,3765.51,3801.65,3746.89,3752.02,3792.48,3743.82,3723.29,3716.78,3710.49,3712.96,3757.55,3720.65,3782.67,3731.17,3703.83,3681.73,3719.70,3751.08,3772.43,3731.29,3734.09,3706.80,3742.06,3721.04,3749.79,3734.52,3763.69,3724.77,3695.48,3743.87,3706.41,3711.01,3723.19,3760.03,3759.07,3701.03,3726.02,3766.54,3760.24,3739.67,3697.01,3702.52,3724.86,3733.96,3749.09,3764.92,3734.37,3705.10,3736.22,3747.98,3775.79,3714.83,3738.79,3739.75,3766.50,3771.24,3740.75,3743.15,3714.60,3708.77,3758.54,3723.50,3722.97,3710.18,3732.17,3750.01,3754.85,3716.65,3677.64,3679.89,3698.39,3694.48,3733.15,3727.88,3759.21,3734.82
Spanish_1000_4.csv,4,1024, 0.9200,100.00,4764.04,7277.38,181954.65,0.00,2217.93,4.00,0.010000,493.20,189.60,264.80,52.40,obj,6078.95,6673.08,15677.19,5625.81,12949.55,6202.91,14412.66,5572.58,9695.19,5974.58,8325.61,6329.97,10199.73,6515.13,10165.26,6303.63,9538.52,7194.13,8167.86,7667.41,8235.35,7860.09,8273.05,6757.24,7996.65,8590.03,16846.92,7265.36,13274.44,6863.27,10870.25,6796.32,9278.65,7040.61,9453.52,7082.31,8916.67,7427.90,9906.63,6410.34,8392.44,6968.06,7992.77,7043.69,13507.60,7845.77,8275.25,7941.04,8225.22,8221.12,9225.84,8102.62,10592.83,7640.06,8257.20,7327.31,8744.64,7471.85,8773.16,7383.81,8142.69,8474.24,9310.13,8308.61,9096.32,8302.11,9045.13,8183.77,8271.88,8428.03,8410.94,8536.93,8933.66,8264.83,7862.07,8659.84,8412.28,8596.35,8168.66,8687.94,8395.12,8571.54,7182.56,9069.28,7874.54,9115.67,7917.49,9186.76,7929.41,9196.99,8807.33,7715.60,14599.12,8347.48,8970.51,8136.43,14476.46,7409.90,6873.51,7277.38
student_1000_4.csv,4,4, 1.0188,100.00,1466.31,1468.67,182.65,0.01,21.56,4.00,0.010000,255.00,251.80,244.00,249.20,obj,1830.41,1515.67,1385.14,1390.15,1415.29,1426.65,1431.55,1448.06,1442.93,1455.16,1463.92,1447.88,1425.83,1446.11,1439.03,1455.05,1452.57,1431.12,1449.28,1479.74,1461.97,1453.67,1444.58,1442.00,1415.39,1444.15,1457.15,1452.83,1434.91,1471.64,1453.84,1467.31,1463.36,1430.66,1459.26,1448.45,1451.38,1448.71,1439.23,1446.83,1446.17,1455.43,1462.09,1458.63,1481.76,1459.63,1464.94,1439.63,1443.37,1433.20,1429.83,1476.09,1468.11,1448.55,1452.54,1433.40,1428.07,1438.20,1440.70,1448.42,1450.19,1461.75,1464.56,1428.21,1457.52,1447.01,1436.99,1460.73,1444.28,1435.96,1449.59,1447.22,1461.47,1464.82,1462.72,1464.29,1455.92,1460.39,1459.89,1461.27,1440.34,1447.52,1435.96,1451.65,1449.38,1465.29,1464.88,1450.21,1442.18,1459.28,1463.69,1459.38,1442.93,1433.99,1451.15,1462.21,1447.94,1444.27,1461.52,1468.67
student_1000_4.csv,4,16, 0.9150,100.00,1461.66,1466.90,254.25,0.00,26.57,4.00,0.010000,253.40,251.60,248.40,246.60,obj,1810.43,1546.97,1402.99,1396.49,1419.78,1430.73,1425.23,1446.95,1441.18,1456.09,1467.54,1436.04,1416.14,1446.57,1442.05,1450.75,1456.11,1442.05,1457.22,1478.47,1448.56,1448.97,1461.43,1447.81,1438.51,1449.31,1457.73,1447.34,1441.85,1469.45,1441.97,1461.99,1451.41,1429.34,1464.88,1458.29,1449.12,1454.12,1439.88,1450.44,1446.32,1453.38,1463.67,1462.77,1471.13,1457.19,1456.44,1424.57,1445.33,1437.74,1427.87,1471.63,1465.61,1457.57,1453.13,1436.14,1437.10,1442.33,1442.03,1441.61,1452.98,1454.34,1458.07,1428.85,1451.21,1447.57,1446.09,1461.44,1436.54,1440.69,1447.86,1446.24,1455.51,1457.83,1454.98,1463.21,1456.81,1465.76,1455.77,1460.79,1430.00,1442.61,1434.71,1447.96,1462.46,1459.82,1462.36,1450.12,1450.39,1463.91,1463.91,1460.55,1439.15,1435.36,1455.83,1463.38,1457.60,1455.41,1468.74,1466.90
student_1000_4.csv,4,64, 0.8818,100.00,1452.97,1465.14,825.85,0.00,19.45,4.00,0.010000,255.20,249.60,247.20,248.00,obj,1869.34,1576.06,1417.07,1394.90,1393.39,1344.70,1340.85,1385.64,1394.00,1423.65,1404.47,1380.95,1394.23,1416.54,1402.03,1428.31,1438.64,1432.15,1447.31,1463.16,1464.67,1458.83,1457.67,1455.48,1438.87,1427.66,1424.36,1442.82,1453.42,1468.09,1458.36,1453.65,1460.20,1459.33,1462.74,1442.68,1455.94,1459.90,1435.55,1449.77,1457.08,1439.99,1457.89,1437.80,1478.47,1457.12,1454.83,1457.29,1442.24,1446.44,1452.82,1457.57,1446.17,1446.03,1438.14,1435.45,1445.36,1457.79,1438.00,1427.24,1471.15,1457.31,1426.71,1432.13,1443.73,1446.40,1458.27,1457.71,1449.26,1453.27,1463.14,1434.35,1445.80,1439.14,1442.90,1457.34,1451.47,1451.57,1462.17,1456.53,1450.96,1458.92,1459.04,1449.62,1470.80,1448.39,1441.55,1470.33,1460.99,1454.00,1469.16,1436.87,1431.17,1442.48,1451.60,1456.71,1450.91,1456.34,1433.37,1465.14
student_1000_4.csv,4,256, 0.8849,100.00,1557.88,1784.29,12035.45,0.00,275.62,4.00,0.010000,266.40,229.80,237.00,266.80,obj,2316.19,1842.25,2110.93,2075.24,2126.13,1712.90,1683.28,1829.56,1923.40,1915.76,1766.23,1708.76,1758.43,2073.70,1672.07,1856.45,1816.53,2100.12,1894.86,1677.87,1624.61,1777.65,1858.50,1747.47,2089.23,1776.68,2032.25,1764.90,2147.63,1612.35,1802.76,1841.40,1683.15,1777.64,1694.24,2137.72,1638.46,2231.42,1754.43,1929.19,2116.55,1758.34,1893.87,1962.03,2297.20,1887.65,1823.26,2031.96,1833.14,2072.53,1647.01,2065.98,2046.10,2278.24,1897.40,1949.60,2005.20,1850.30,1767.45,1828.56,2201.46,1736.92,1986.13,1713.38,1657.45,2235.60,1815.33,1864.38,1959.83,1945.75,1691.89,2266.06,1798.09,1820.04,2141.53,1793.05,1793.71,2218.34,2039.85,1823.56,2218.40,1774.26,1778.06,1973.99,1779.93,1891.63,2121.59,1944.94,1950.71,2072.13,1742.11,1646.91,2430.68,1718.83,1921.47,2116.01,1798.19,1748.76,1854.19,1784.29
student_1000_4.csv,4,1024, 0.9254,100.00,1991.68,3938.95,246404.25,0.00,1485.77,4.00,0.010000,100.40,390.60,206.20,302.80,obj,2093.15,4163.72,3790.25,2933.28,5187.18,3889.86,5918.57,4520.01,8443.18,4280.65,6272.89,4031.67,5879.34,3700.71,5423.63,3404.92,8049.92,4144.29,5562.62,4290.12,5535.72,4389.12,6196.33,4631.41,6407.58,4674.06,6406.99,4662.91,6649.03,4346.81,6633.74,4709.91,6728.82,4448.63,6708.56,4057.98,7108.24,4072.92,6565.28,4209.25,6894.72,4019.84,7202.10,3898.56,7262.35,3809.60,7148.77,4157.57,7037.60,3718.10,7222.02,4072.20,7206.83,3730.67,7608.86,3594.42,7733.51,3471.82,6908.10,3823.54,7266.10,3744.10,7271.60,3717.74,7644.02,3650.94,7717.91,3826.36,7571.42,3622.64,7434.45,3675.71,7136.60,3764.97,7082.30,3848.87,7528.26,3524.63,7327.86,3631.65,7461.22,3663.70,7938.30,3736.21,7636.43,3652.50,7644.58,3693.78,7425.94,3848.73,7197.15,3771.65,7438.38,3904.67,7507.31,3879.52,7217.48,3827.58,7294.62,3938.95
pricerunner_1000_4.csv,4,4, 1.0114,100.00,2529.24,2576.80,972.25,0.01,60.24,4.00,0.010000,247.00,256.00,245.00,252.00,obj,2158.34,2241.46,2337.05,2302.38,2402.18,2422.54,2372.35,2408.24,2469.66,2527.46,2472.01,2511.92,2515.42,2510.17,2510.47,2507.93,2468.43,2518.57,2505.60,2497.57,2510.91,2534.42,2491.15,2476.61,2527.47,2506.10,2480.36,2527.26,2495.93,2497.26,2503.60,2491.74,2470.11,2530.55,2536.06,2545.13,2553.03,2585.10,2544.20,2549.08,2564.59,2531.61,2532.98,2566.97,2589.50,2552.16,2559.56,2529.62,2555.36,2524.98,2547.97,2577.55,2529.02,2572.37,2542.72,2536.40,2550.17,2544.99,2529.71,2553.94,2573.57,2552.13,2572.83,2563.33,2523.75,2590.10,2579.82,2539.68,2568.83,2547.69,2563.11,2574.16,2590.22,2579.88,2541.16,2581.89,2540.17,2604.57,2558.26,2555.35,2575.43,2554.26,2531.13,2579.65,2530.02,2543.88,2528.36,2562.38,2568.85,2549.12,2551.73,2579.13,2562.00,2526.91,2564.86,2580.84,2571.85,2571.69,2526.91,2576.80
pricerunner_1000_4.csv,4,16, 0.9084,100.00,2536.81,2583.38,975.05,0.00,51.92,4.00,0.010000,249.20,254.20,244.80,251.80,obj,2155.74,2249.80,2337.97,2304.51,2405.24,2427.33,2391.41,2408.91,2465.95,2525.73,2472.46,2513.84,2514.90,2507.06,2513.94,2509.82,2478.41,2519.95,2501.92,2498.69,2508.56,2526.30,2494.23,2470.89,2525.93,2507.54,2485.36,2528.00,2495.19,2498.39,2501.14,2490.32,2442.92,2507.23,2533.62,2550.24,2547.71,2580.95,2548.94,2553.64,2574.07,2531.23,2536.65,2568.13,2587.52,2550.69,2557.83,2526.29,2550.28,2529.74,2542.74,2570.31,2532.25,2569.61,2543.71,2537.01,2553.92,2548.20,2533.82,2553.08,2571.00,2555.73,2571.16,2568.40,2519.87,2589.85,2581.15,2541.16,2567.04,2545.74,2563.44,2565.75,2594.50,2578.71,2544.91,2581.40,2541.73,2605.36,2565.78,2549.06,2571.89,2556.69,2531.83,2585.48,2527.88,2544.83,2527.49,2568.73,2567.16,2550.32,2545.36,2582.41,2564.40,2521.57,2563.93,2585.64,2570.55,2570.06,2530.55,2583.38
pricerunner_1000_4.csv,4,64, 0.8742,100.00,2524.07,2575.14,1136.65,0.01,67.74,4.00,0.010000,247.60,256.80,244.60,251.00,obj,2138.12,2235.01,2353.55,2306.12,2403.11,2414.14,2377.42,2415.41,2467.63,2521.42,2475.29,2507.62,2520.71,2501.94,2511.12,2514.78,2476.13,2515.59,2497.78,2503.89,2504.97,2537.44,2495.30,2470.72,2530.30,2513.69,2477.22,2526.88,2499.74,2501.24,2505.14,2499.27,2460.48,2496.01,2489.74,2496.29,2500.07,2536.47,2486.41,2479.82,2526.80,2466.88,2480.93,2505.23,2529.71,2496.37,2494.92,2476.54,2508.11,2469.83,2515.70,2566.35,2533.03,2586.71,2547.84,2531.28,2561.28,2550.12,2529.82,2555.79,2569.71,2558.32,2571.24,2567.05,2518.46,2587.31,2579.06,2536.39,2565.73,2546.67,2559.85,2575.64,2592.85,2579.09,2537.03,2578.19,2543.90,2605.28,2568.52,2548.11,2572.38,2554.53,2531.15,2575.70,2528.66,2548.55,2535.33,2565.15,2565.81,2550.17,2549.00,2570.35,2567.13,2526.92,2565.05,2583.77,2569.21,2576.39,2515.44,2575.14
pricerunner_1000_4.csv,4,256, 0.8716,100.00,2504.46,2573.64,1374.25,0.00,59.46,4.00,0.010000,246.00,261.20,243.40,249.40,obj,2118.20,2234.30,2339.88,2315.55,2372.83,2402.74,2390.09,2437.75,2451.14,2495.68,2471.85,2494.72,2512.16,2512.48,2502.95,2532.69,2488.85,2523.40,2491.48,2513.20,2516.34,2539.85,2493.21,2472.74,2532.48,2514.40,2484.26,2524.74,2503.00,2507.50,2496.53,2505.08,2502.10,2534.27,2535.80,2559.69,2553.28,2591.72,2548.84,2554.66,2593.16,2519.94,2547.89,2576.72,2564.39,2563.09,2542.32,2530.99,2563.31,2530.17,2537.48,2571.76,2539.14,2567.55,2542.24,2535.31,2563.84,2550.19,2525.70,2556.01,2570.90,2555.56,2576.88,2568.38,2509.00,2580.98,2582.43,2528.76,2558.45,2552.51,2567.47,2560.37,2588.57,2580.40,2538.08,2587.24,2537.82,2616.31,2563.27,2564.36,2563.87,2559.87,2531.37,2577.60,2533.12,2546.14,2539.09,2553.14,2560.50,2546.59,2566.97,2563.45,2564.53,2519.87,2559.32,2576.64,2571.83,2577.54,2522.57,2573.64
pricerunner_1000_4.csv,4,1024, 0.8982,100.00,3340.17,4119.43,139865.05,0.01,1528.82,4.00,0.010000,337.00,103.00,339.20,220.80,obj,2543.65,3854.89,3574.65,10834.93,3351.20,8079.99,3169.92,4586.50,3663.14,7900.45,5344.72,5254.32,5269.42,6977.76,5005.63,7731.88,4155.08,7773.41,6258.44,7526.85,5050.15,6436.83,5076.34,8468.46,5067.56,6904.67,6008.92,6227.05,7799.29,5673.19,8464.31,5743.94,6812.32,5603.47,4439.31,6296.65,3940.77,7810.74,3600.99,7081.83,4150.32,5785.77,3885.30,6525.89,4034.13,6983.78,4159.18,6582.05,3898.15,5958.51,4031.08,6644.34,3808.98,5547.76,4872.70,6048.64,4148.64,5634.46,5514.23,6674.13,5422.97,6362.40,5430.78,5939.54,6305.24,7059.76,5062.37,5736.83,5358.59,5535.62,4587.25,6155.30,5065.46,5661.94,6089.27,4566.63,4507.58,4975.14,5064.13,5078.39,4159.91,5148.03,4694.83,4950.99,4447.07,4894.78,4404.77,5268.42,4717.31,5038.83,4137.97,5157.32,4346.48,4765.20,6439.08,4807.65,8288.47,4454.55,8502.09,4119.43
cohort_1000_4.csv,4,4, 1.0077,100.00,1986.44,1999.55,337.85,0.01,31.52,4.00,0.010000,246.00,256.20,250.60,247.20,obj,2467.57,2224.65,2133.95,2180.48,2085.10,2054.57,2090.95,2024.98,1989.61,1972.40,2012.29,2006.37,1986.52,1998.01,2000.60,2020.46,2037.55,1979.93,1986.39,1998.37,1969.00,1996.21,1965.20,1982.30,1957.67,1978.11,1959.66,1991.89,1986.87,1990.71,1983.63,1994.61,2002.23,1995.65,2011.42,2000.32,1957.74,2006.03,2000.70,1997.70,1999.48,1973.14,1962.14,1987.84,1971.92,1978.58,1976.98,1965.54,1980.04,1975.35,1970.76,1992.43,2036.69,2009.92,1966.55,1971.41,1961.39,1971.78,1993.38,2012.11,1996.94,1973.37,1977.36,1983.01,1997.47,1995.04,1963.23,1978.81,1998.91,1981.13,1981.30,2004.05,1967.63,1979.46,1956.59,1950.02,1997.95,2008.99,1988.19,1965.16,2010.32,1954.90,1959.42,1970.02,1981.35,1971.07,1987.06,1976.52,1972.52,1967.63,1998.07,1956.48,1985.77,1981.19,2026.92,1967.78,1984.41,1981.53,1972.68,1999.55
cohort_1000_4.csv,4,16, 0.9022,100.00,1986.19,1993.29,315.45,0.00,21.36,4.00,0.010000,247.40,255.60,250.60,246.40,obj,2475.25,2220.35,2052.93,2210.33,2073.92,2074.98,2082.20,2020.73,2011.36,1978.71,2023.98,2020.28,2016.36,2011.00,1996.25,2019.48,2006.53,1953.95,1966.82,2001.98,2019.61,2017.06,1972.22,1976.66,1964.39,1980.09,1974.62,2016.93,1999.50,1994.67,1978.04,1991.58,1992.73,1988.47,1992.32,1993.75,1958.05,2009.71,2011.99,1993.50,1995.57,1984.46,1964.83,1988.87,1977.66,1978.94,1977.63,1968.87,1981.29,1981.54,1966.55,1988.44,2048.03,2002.52,1952.59,1972.48,1963.72,1980.82,1993.68,2010.47,2001.31,1984.13,1971.62,1985.61,2001.94,1991.13,1963.90,1974.27,1996.95,1985.57,1980.13,1988.87,1968.34,1976.79,1959.71,1947.91,1978.64,1994.96,2000.20,1967.54,2009.54,1963.86,1959.02,1968.48,1973.78,1974.51,1990.38,1977.18,1973.37,1971.38,1993.46,1957.62,1980.46,1981.88,2034.52,1961.18,1985.72,1983.20,1971.49,1993.29
cohort_1000_4.csv,4,64, 0.8677,100.00,1985.40,2003.66,921.85,0.01,25.24,4.00,0.010000,246.40,259.80,255.00,238.80,obj,2529.08,2213.02,2076.52,2147.51,2047.86,2039.84,2163.00,2032.49,2041.37,2039.21,2075.98,2047.82,2057.38,2011.04,2008.43,2069.98,2056.47,1979.13,2074.49,2001.97,2031.93,1970.52,1979.55,1950.35,1994.34,2011.41,2036.05,2021.51,1993.89,1977.28,2014.34,1984.22,2028.46,1979.76,1965.14,1964.88,1946.18,1997.94,2017.49,1979.81,1992.31,2018.51,1971.64,1966.69,1990.45,1979.60,1966.95,1972.47,1991.81,1981.11,1982.20,1998.49,2029.58,1998.45,1955.91,1966.76,1968.03,1979.04,1998.33,2004.18,1999.70,1975.10,1975.54,2000.81,1981.83,1983.65,1968.41,1970.62,2010.40,1988.18,1986.62,1983.33,1965.30,1979.90,1962.09,1968.43,2002.11,2006.00,2000.12,1968.41,2024.82,1964.80,1963.79,1971.11,1979.13,1980.89,1994.09,1988.21,1978.31,1963.17,1989.07,1954.40,1976.29,1984.16,2026.40,1995.20,1982.37,2005.38,1976.44,2003.66
cohort_1000_4.csv,4,256, 0.8657,100.00,2001.99,2096.79,1858.25,0.01,66.99,4.00,0.010000,232.60,249.20,259.60,258.60,obj,2718.38,2310.52,2061.81,2182.28,2331.26,2347.17,2375.73,2202.63,2232.88,2256.64,2257.75,2340.08,2227.97,2101.96,2092.57,2038.90,2126.85,2115.59,2054.94,2107.54,2111.93,2101.59,2070.51,2128.57,2148.28,2141.49,2106.20,2127.92,2139.32,2066.98,2153.36,2116.63,2141.57,2146.43,2213.66,2154.78,2061.73,2122.10,2106.92,2377.36,2039.81,2162.54,2066.97,2195.14,2125.90,2070.03,2081.32,2115.56,2214.70,2081.51,2100.46,2114.41,2350.79,2138.41,2048.33,2144.13,2156.27,2277.30,2106.84,2073.91,2161.13,2132.38,2150.71,2171.21,2138.45,2161.15,2185.05,2203.44,2133.78,2162.53,2101.10,2201.18,2105.20,2138.90,2047.38,2247.03,2273.81,2124.54,2177.10,2166.49,2227.30,2091.02,2148.03,2060.76,2149.81,2140.08,2099.52,2165.19,2083.89,2282.29,2108.68,2137.98,2099.71,2061.88,2310.77,2082.21,2134.05,2082.95,2317.39,2096.79
cohort_1000_4.csv,4,1024, 0.9229,100.00,2990.09,6860.03,244040.25,0.01,1482.26,4.00,0.010000,107.40,387.00,300.80,204.80,obj,3617.93,5337.35,2973.26,5191.26,3425.66,6608.27,7314.98,6488.94,8293.05,6599.64,6250.16,6556.74,6378.04,6802.27,6450.43,6622.75,6490.81,6548.81,6381.15,6971.62,6335.00,6632.23,6446.41,6462.57,6657.22,6295.42,6640.76,6242.34,5960.33,6494.09,6362.93,6716.75,6627.61,6467.64,6768.68,6496.97,6699.40,6391.12,8327.40,6021.34,7021.56,5921.41,6972.75,6086.94,6806.80,6140.89,7330.55,6038.06,6606.88,6054.57,7089.58,6100.30,6598.30,6087.06,5784.21,6309.77,6399.98,6266.71,6640.40,6401.83,6756.59,6540.80,6638.08,7539.49,6682.92,6710.68,6521.63,6699.99,6299.10,6588.66,6324.65,6718.91,6421.48,6642.59,6317.33,6996.20,6129.87,7082.59,6421.92,6704.71,6308.31,6713.16,6606.19,9818.27,5850.60,6891.94,6247.85,6548.11,8908.61,5529.64,6137.85,6036.22,6348.56,6388.21,6372.98,6195.81,5664.02,6675.77,6337.11,6860.03
diabeteshealthindicators1_1000_4.csv,4,4, 1.0577,100.00,18838.18,18801.27,431.05,0.00,50.26,4.00,0.010000,245.40,244.80,254.00,255.80,obj,19288.88,18801.20,18828.00,18820.28,18868.37,18857.35,18875.93,18876.19,18900.39,18843.76,18956.42,18880.99,18880.78,18875.82,18947.28,18948.30,18917.49,18891.51,18927.20,18865.33,18874.49,18866.63,18862.76,18883.52,18829.48,18913.44,18921.55,18873.94,18856.30,18888.84,18810.67,18863.29,18829.50,18842.53,18868.66,18865.86,18859.97,18875.04,18843.53,18856.29,18836.67,18872.24,18849.06,18867.44,18853.30,18892.33,18859.35,18810.88,18872.48,18860.46,18831.26,18885.99,18813.00,18865.25,18839.46,18852.55,18827.41,18832.92,18874.33,18896.53,18837.01,18867.01,18871.65,18855.38,18824.42,18862.20,18866.81,18933.86,18831.33,18852.70,18932.78,18854.69,18926.58,18862.61,18875.61,18832.76,18837.02,18860.81,18853.33,18925.17,18824.49,18831.83,18886.97,18880.45,18868.37,18890.10,18860.07,18854.72,18871.36,18882.21,18929.05,18884.74,18974.75,18881.98,18853.13,18939.76,18911.17,18837.32,18915.93,18801.27
diabeteshealthindicators1_1000_4.csv,4,16, 0.9432,100.00,18834.72,18800.25,415.85,0.00,49.43,4.00,0.010000,244.20,243.20,255.60,257.00,obj,19289.43,18780.19,18814.57,18838.24,18866.99,18858.63,18874.37,18881.08,18913.33,18857.77,18964.88,18890.89,18880.70,18869.60,18939.84,18919.21,18878.22,18877.13,18900.64,18851.26,18836.99,18860.00,18848.17,18868.35,18826.80,18906.84,18900.11,18871.15,18857.05,18894.17,18804.61,18868.58,18861.00,18866.26,18879.30,18865.32,18869.12,18881.34,18853.65,18860.64,18832.99,18859.46,18836.61,18854.09,18850.81,18876.95,18857.58,18794.62,18868.51,18858.68,18836.95,18862.38,18809.99,18901.95,18848.40,18873.85,18833.42,18832.53,18899.78,18912.33,18837.63,18867.99,18864.93,18868.28,18835.38,18882.21,18878.06,18957.85,18847.18,18846.87,18907.90,18847.20,18910.67,18854.04,18845.29,18822.48,18840.45,18852.84,18861.85,18917.98,18809.30,18837.04,18860.13,18896.10,18875.39,18894.60,18853.03,18847.67,18864.92,18880.45,18966.72,18888.31,18969.03,18873.00,18850.24,18928.50,18916.92,18851.26,18923.31,18800.25
diabeteshealthindicators1_1000_4.csv,4,64, 0.9115,100.00,18834.34,18796.84,599.05,0.00,67.45,4.00,0.010000,243.60,244.40,253.00,259.00,obj,19358.99,18788.22,18824.47,18836.67,18846.64,18851.10,18859.86,18887.95,18902.64,18851.55,18943.47,18854.62,18885.18,18843.67,18948.05,18933.08,18924.36,18895.28,18937.15,18884.98,18866.86,18872.35,18885.27,18893.39,18842.96,18935.26,18916.28,18888.94,18883.11,18881.80,18808.35,18868.22,18849.51,18856.51,18867.90,18871.55,18852.05,18895.94,18837.72,18864.98,18837.53,18865.02,18856.66,18872.52,18838.05,18889.51,18851.47,18792.72,18874.46,18858.68,18830.91,18885.49,18812.19,18906.24,18847.31,18866.54,18822.39,18840.36,18898.41,18914.22,18856.48,18865.93,18885.57,18856.49,18826.10,18872.61,18865.82,18924.95,18819.03,18844.06,18931.68,18867.16,18938.52,18856.84,18850.45,18836.61,18837.28,18846.16,18857.17,18928.81,18824.09,18826.70,18866.13,18912.19,18876.39,18905.79,18858.67,18852.73,18872.66,18879.49,18989.24,18884.31,18961.71,18865.68,18835.77,18918.27,18918.75,18870.35,18925.42,18796.84
diabeteshealthindicators1_1000_4.csv,4,256, 0.9043,100.00,18858.20,18795.03,2088.65,0.01,78.43,4.00,0.010000,236.00,245.60,253.00,265.40,obj,19524.33,18712.04,18759.05,18777.45,18808.59,18864.44,18815.44,18861.59,18878.28,18829.07,18912.57,18872.59,18938.38,18871.93,18970.28,18909.29,18909.65,18900.57,18910.70,18855.56,18887.47,18911.49,18891.89,18952.24,18846.74,18903.36,18957.10,18913.96,18843.24,18915.74,18838.45,18867.45,18872.53,18886.83,18861.71,18882.58,18841.69,18918.26,18833.07,18884.16,18840.07,18907.70,18848.27,18894.36,18872.14,18884.31,18872.20,18840.52,18920.94,18885.31,18889.07,18910.80,18843.37,18897.26,18857.84,18861.90,18860.35,18868.79,18927.49,18902.24,18842.94,18913.37,18881.88,18843.67,18870.46,18880.59,18866.49,18978.70,18859.71,18850.23,18930.99,18869.50,18936.48,18843.74,18905.82,18821.28,18872.13,18868.26,18883.54,18925.48,18834.67,18835.04,18888.47,18887.23,18885.11,18867.00,18866.75,18873.98,18862.42,18845.77,18959.32,18881.85,18984.92,18837.52,18879.75,18939.08,18873.89,18853.77,18944.29,18795.03
diabeteshealthindicators1_1000_4.csv,4,1024, 0.9476,100.00,19449.21,20441.90,61209.05,0.01,2196.83,4.00,0.010000,272.20,147.80,252.40,327.60,obj,20196.71,19223.00,20489.65,21127.22,20003.67,22615.09,19834.99,21197.29,20413.29,21657.50,20343.77,21134.31,20410.76,22418.38,20056.50,22562.33,19957.19,23418.83,20628.36,22899.23,19847.84,21738.53,19356.55,22025.81,19352.89,21617.04,19659.62,21467.69,20208.58,21244.80,20447.87,21019.78,20100.32,22526.37,19930.42,22898.66,19735.39,21586.17,19650.34,21725.20,19972.48,22307.11,19607.52,22152.35,19533.69,22008.20,19632.41,21513.30,19717.05,22930.51,19997.64,23107.85,20023.70,20511.19,19495.52,21445.70,19640.21,23281.65,19715.71,24336.86,19417.84,20619.68,19780.41,21971.68,19604.41,22000.81,20292.38,21894.44,21326.57,24731.40,20116.32,26046.80,20383.69,23772.61,19654.14,24003.55,19768.15,23387.43,19548.80,22343.77,19744.45,24822.64,19823.13,23524.58,19738.50,22269.07,20052.13,22749.17,19476.86,22361.00,19928.79,22650.06,19875.10,21123.07,19416.00,21129.86,19669.01,20456.97,19766.78,20441.90
NHANES_1000_4.csv,4,4, 0.9963,100.00,7105.35,7092.57,1008.65,0.00,74.51,4.00,0.010000,261.20,247.20,241.40,250.20,obj,7937.28,7255.59,7213.94,7110.57,7100.64,7099.31,7116.65,7056.56,7052.37,7038.83,7066.92,7091.30,7069.73,7167.95,7103.02,7074.79,7049.77,7047.30,7104.74,7143.11,7152.12,7135.71,7107.92,7054.61,7110.68,7108.01,7029.69,7137.71,7113.53,7153.19,7100.25,7116.87,7049.67,7106.92,7053.76,7056.34,7094.15,7103.06,7095.00,7056.86,7094.55,7114.72,7065.23,7141.27,7122.02,7059.91,7079.96,7100.69,7075.22,7111.45,7038.61,7036.44,7126.28,7079.04,7110.14,7123.01,7122.79,7076.08,7040.78,7112.62,7064.55,7100.45,7197.93,7130.98,7075.81,7130.75,7082.47,7074.32,7079.34,7078.99,7098.72,7101.18,7113.43,7169.23,7117.59,7058.16,7135.43,7115.91,7056.99,7109.38,7032.37,7141.80,7190.95,7135.59,7132.83,7087.83,7061.49,7140.13,7025.91,7070.00,7045.75,7095.73,7095.43,7041.77,7137.83,7135.35,7112.65,7112.33,7150.31,7092.57
NHANES_1000_4.csv,4,16, 0.8935,100.00,7092.90,7089.93,835.45,0.01,73.83,4.00,0.010000,261.20,246.40,240.00,252.40,obj,7948.79,7233.92,7201.83,7116.32,7101.87,7093.98,7116.81,7040.33,7062.67,7045.85,7068.11,7094.93,7074.40,7163.03,7100.79,7077.90,7049.01,7052.09,7101.70,7149.93,7150.94,7135.47,7108.77,7042.72,7104.16,7111.19,7020.14,7149.34,7119.80,7145.75,7103.21,7104.19,7051.13,7114.96,7044.72,7050.63,7096.28,7097.00,7091.80,7066.71,7092.67,7134.88,7088.29,7135.65,7113.62,7059.12,7070.56,7115.89,7067.30,7099.10,7038.59,7026.77,7126.55,7075.95,7108.59,7120.11,7117.82,7083.44,7041.04,7113.36,7073.68,7109.20,7194.78,7129.08,7075.79,7119.86,7079.41,7076.15,7083.79,7081.69,7100.47,7113.29,7122.06,7157.45,7098.37,7050.41,7131.64,7116.81,7062.60,7102.62,7040.73,7139.54,7190.67,7138.80,7142.99,7087.17,7050.34,7137.51,7028.86,7074.11,7044.12,7099.77,7084.16,7038.38,7144.52,7133.23,7100.24,7115.55,7148.35,7089.93
NHANES_1000_4.csv,4,64, 0.8616,100.00,7075.66,7066.62,358.65,0.01,43.75,4.00,0.010000,262.00,244.00,247.20,246.80,obj,8012.84,7257.38,7215.55,7150.06,7120.99,7071.01,7117.58,7044.81,7056.81,7054.71,7080.19,7099.38,7085.15,7170.52,7132.13,7068.43,7032.99,7057.42,7073.45,7132.84,7146.25,7137.42,7102.29,7046.81,7146.17,7095.97,7037.33,7110.77,7084.61,7164.21,7079.47,7107.94,7073.42,7114.44,7035.43,7046.91,7137.35,7061.87,7112.11,7068.40,7108.44,7134.60,7059.93,7109.49,7141.63,7041.32,7091.77,7074.69,7070.23,7100.00,7041.29,7040.33,7136.41,7082.35,7098.91,7127.20,7115.66,7096.58,7035.32,7080.28,7071.21,7114.60,7204.67,7094.21,7055.12,7131.78,7094.71,7093.67,7098.28,7072.70,7092.46,7106.12,7120.18,7137.77,7107.68,7073.27,7099.67,7121.35,7077.63,7146.64,7052.02,7133.11,7218.66,7114.03,7120.37,7116.15,7075.17,7125.66,7032.46,7069.41,7075.92,7099.58,7065.16,7003.03,7111.20,7124.34,7122.01,7146.65,7141.88,7066.62
NHANES_1000_4.csv,4,256, 0.8485,100.00,7100.87,7078.70,487.05,0.00,53.07,4.00,0.010000,258.80,243.20,250.20,247.80,obj,8431.68,7485.30,7673.16,7310.57,7334.79,7153.10,7121.55,7113.44,7043.48,7049.91,7054.53,7070.89,7084.64,7165.37,7147.70,7093.96,7053.24,7085.71,7071.02,7112.58,7136.47,7151.83,7115.62,7056.65,7153.88,7133.95,7049.53,7123.67,7081.84,7152.01,7089.16,7117.76,7083.39,7123.53,7042.93,7053.70,7144.93,7055.92,7119.33,7076.43,7111.13,7123.87,7089.97,7124.88,7139.23,7046.02,7083.41,7085.33,7093.79,7110.69,7064.05,7059.41,7142.97,7085.73,7088.17,7139.22,7119.67,7076.67,7028.14,7068.98,7082.71,7096.32,7196.80,7097.57,7072.62,7134.04,7099.52,7113.36,7107.51,7087.49,7109.88,7103.91,7122.81,7129.80,7121.05,7073.99,7093.33,7131.76,7068.81,7144.52,7038.18,7145.28,7211.83,7115.16,7141.40,7106.04,7081.43,7141.38,7016.09,7088.00,7063.49,7124.33,7061.40,7008.68,7129.05,7121.79,7126.04,7159.99,7151.70,7078.70
NHANES_1000_4.csv,4,1024, 0.9039,100.00,8159.14,10020.62,119825.45,0.01,2061.02,4.00,0.010000,465.40,49.20,268.40,217.00,obj,8849.84,10854.64,8311.70,13911.27,8789.81,13497.52,8618.34,9644.10,9274.35,13025.62,8627.43,8082.12,9138.63,9675.10,10886.58,11303.00,14673.10,11609.99,15883.49,12265.76,10505.73,14560.86,9978.61,13788.28,9844.94,12559.49,9705.41,14360.60,9410.66,9988.61,10369.78,10506.68,10433.25,10863.01,13161.43,12124.40,17872.63,9932.10,12316.95,9131.70,11404.10,10359.72,10529.30,9745.47,10631.57,10309.56,10711.44,11063.64,10760.87,16966.04,9253.81,11314.05,10012.94,10554.02,9127.11,10205.67,13436.96,9369.74,11968.40,9753.83,11076.37,9484.93,9599.69,8655.84,9709.24,8683.01,9139.87,9399.17,9686.78,9617.39,10910.18,9659.27,11391.10,12354.31,14605.53,12132.48,15301.93,11050.99,21075.85,9345.87,11372.43,9508.34,11894.61,10676.18,12090.68,9698.11,10100.60,9771.07,10773.99,9347.97,9517.52,8833.86,8959.39,10140.31,9549.74,10230.69,8702.05,9349.69,9613.87,10020.62
athlete_1000_4.csv,4,4, 1.1225,100.00,2524.28,2525.22,218.65,0.03,30.05,4.00,0.010000,252.00,251.00,249.00,248.00,obj,2358.45,2379.16,2477.95,2448.94,2512.21,2539.48,2513.98,2517.55,2490.33,2478.29,2503.89,2551.14,2510.15,2550.17,2492.36,2503.74,2511.36,2545.08,2502.96,2525.25,2491.87,2459.61,2519.32,2506.79,2508.20,2484.40,2472.34,2500.84,2518.02,2487.78,2525.20,2490.54,2499.55,2484.18,2455.49,2533.68,2483.40,2510.24,2423.72,2454.48,2504.21,2522.85,2521.20,2490.19,2483.85,2466.48,2490.79,2489.27,2521.20,2502.33,2515.77,2500.45,2502.04,2552.03,2528.07,2512.88,2470.66,2509.39,2460.30,2487.81,2541.73,2511.16,2530.18,2526.46,2507.78,2539.64,2507.23,2516.92,2538.02,2523.08,2568.13,2465.05,2526.62,2542.79,2540.63,2535.97,2489.01,2530.30,2494.06,2536.44,2503.12,2528.70,2493.84,2471.16,2508.09,2509.21,2540.24,2490.80,2537.19,2510.69,2483.64,2463.48,2461.56,2482.10,2529.41,2478.89,2515.93,2517.21,2502.45,2525.22
athlete_1000_4.csv,4,16, 1.0462,100.00,2529.47,2530.67,233.45,0.05,35.41,4.00,0.010000,250.80,250.80,249.40,249.00,obj,2362.45,2379.86,2489.34,2428.29,2509.29,2548.24,2515.73,2523.96,2489.74,2478.78,2507.41,2554.33,2512.78,2547.02,2490.32,2501.77,2511.60,2545.72,2500.46,2531.48,2488.65,2457.08,2516.93,2507.45,2511.33,2485.71,2474.41,2500.83,2514.50,2479.13,2524.72,2484.71,2494.35,2486.16,2459.89,2542.11,2497.20,2516.85,2422.48,2451.37,2502.41,2526.76,2519.44,2490.05,2484.93,2469.13,2487.49,2489.21,2520.50,2499.94,2513.62,2505.02,2507.97,2554.89,2523.73,2509.39,2470.41,2517.65,2461.92,2484.56,2546.31,2508.46,2530.43,2527.79,2501.73,2541.98,2507.97,2522.12,2546.78,2524.39,2565.10,2463.76,2525.87,2544.22,2539.64,2533.46,2492.32,2528.27,2491.47,2541.32,2504.29,2530.26,2500.95,2467.59,2511.25,2506.50,2539.91,2492.72,2534.16,2510.37,2478.42,2466.52,2466.43,2484.54,2529.70,2477.94,2514.50,2515.96,2506.29,2530.67
athlete_1000_4.csv,4,64, 1.0708,100.00,2515.53,2520.63,327.45,0.06,43.08,4.00,0.010000,252.20,251.60,245.40,250.80,obj,2360.43,2383.55,2473.52,2437.38,2507.11,2537.45,2488.58,2510.80,2488.84,2460.70,2509.35,2513.90,2499.21,2535.54,2486.45,2502.05,2509.78,2542.53,2500.27,2516.52,2489.36,2461.01,2505.98,2492.43,2503.39,2487.36,2457.85,2493.04,2486.55,2486.29,2531.06,2488.39,2504.29,2485.37,2463.24,2554.94,2478.98,2531.16,2404.38,2414.32,2477.45,2522.62,2506.15,2495.77,2493.96,2455.16,2480.86,2497.04,2506.17,2508.11,2502.97,2489.82,2509.16,2550.57,2537.65,2516.48,2461.88,2513.11,2465.40,2478.05,2521.59,2499.18,2522.04,2530.25,2494.69,2515.75,2509.88,2514.07,2546.83,2508.78,2551.49,2436.23,2512.75,2537.90,2527.71,2512.96,2477.44,2527.01,2470.76,2522.78,2495.02,2534.33,2485.12,2469.28,2515.33,2517.54,2526.98,2494.61,2530.89,2512.04,2477.33,2446.43,2450.35,2488.50,2512.27,2493.77,2498.83,2510.10,2503.58,2520.63
athlete_1000_4.csv,4,256, 1.0314,100.00,2494.94,2504.44,453.05,0.07,38.26,4.00,0.010000,251.00,251.20,245.80,252.00,obj,2359.28,2375.68,2450.38,2407.83,2481.32,2542.48,2487.93,2513.02,2502.28,2468.61,2510.01,2509.04,2501.45,2519.72,2469.18,2495.16,2481.92,2534.98,2483.45,2511.56,2476.41,2459.28,2497.41,2472.51,2500.34,2497.04,2458.75,2480.48,2491.25,2483.01,2535.26,2466.86,2484.29,2484.78,2438.75,2544.25,2482.23,2526.63,2428.18,2432.45,2505.53,2507.78,2473.91,2487.50,2476.24,2457.40,2491.64,2496.38,2509.35,2494.36,2495.54,2477.61,2507.76,2536.53,2521.67,2520.28,2462.65,2520.82,2463.63,2482.77,2512.74,2493.06,2512.04,2520.45,2479.40,2522.73,2496.73,2512.26,2530.55,2508.57,2535.04,2441.63,2506.63,2514.38,2531.36,2501.95,2481.24,2497.53,2484.65,2507.09,2483.52,2532.11,2495.93,2486.50,2505.84,2506.80,2521.84,2468.49,2515.70,2513.10,2473.22,2463.36,2455.60,2475.82,2502.71,2486.36,2484.44,2503.90,2470.49,2504.44
athlete_1000_4.csv,4,1024, 1.1149,100.00,3930.10,6952.54,228006.65,0.08,1931.08,4.00,0.010000,417.40,100.40,189.80,292.40,obj,2474.18,2600.17,3034.23,3568.94,6118.18,7147.55,5313.01,9756.23,5295.15,8801.48,5770.30,4020.92,6307.02,5915.99,8437.16,5070.37,6686.08,8179.43,7537.58,6690.49,6243.09,6674.10,6124.66,7149.71,5224.42,5643.10,5851.87,5442.08,6106.50,6684.41,6174.77,5422.51,6780.54,5151.74,8284.35,4543.29,8373.19,4861.00,9068.45,6828.13,6121.07,6691.58,6558.97,9107.79,6314.04,11606.22,5770.64,6822.36,7650.71,8627.18,7309.93,7254.61,6937.39,6371.73,7102.18,7055.49,7230.18,6434.22,6949.26,6664.67,7158.62,6164.04,7484.61,6703.59,8195.69,6403.54,7490.51,6419.10,7692.15,6565.75,6907.94,6723.92,8628.19,6775.87,8009.36,7175.38,8189.96,6915.96,7990.25,6822.52,8414.24,7248.44,8099.07,8060.47,7948.70,7088.92,7733.79,6481.78,8092.97,7251.92,8127.63,6683.02,8107.97,6940.94,8076.21,7482.36,8257.38,6852.17,7456.41,6952.54
census_1000_4.csv,4,4, 1.2740,100.00,4150.00,4150.74,292.65,0.06,32.61,4.00,0.010000,249.20,249.20,249.40,252.20,obj,4387.16,4174.07,4165.69,4144.33,4164.97,4161.24,4147.69,4169.57,4163.69,4163.81,4167.78,4166.39,4162.21,4146.12,4188.81,4132.37,4149.43,4177.72,4171.99,4147.46,4145.06,4165.72,4172.77,4169.22,4157.52,4156.83,4183.29,4180.17,4156.99,4140.68,4163.67,4153.79,4138.41,4166.42,4159.36,4154.30,4167.55,4152.37,4154.49,4159.83,4158.28,4156.78,4156.97,4170.62,4163.11,4171.72,4175.40,4143.25,4154.54,4126.00,4134.05,4129.88,4143.18,4167.24,4134.92,4118.38,4164.47,4139.71,4145.22,4178.97,4169.29,4143.93,4170.42,4150.23,4152.20,4179.90,4172.19,4166.39,4176.28,4156.42,4136.61,4125.50,4136.89,4164.90,4129.65,4145.52,4135.28,4147.72,4130.79,4169.50,4126.14,4150.74,4143.04,4175.61,4179.49,4137.60,4156.01,4162.21,4132.31,4162.49,4166.89,4168.38,4129.63,4161.18,4164.11,4171.80,4175.33,4167.63,4181.54,4150.74
census_1000_4.csv,4,16, 1.0851,100.00,4158.26,4159.83,343.85,0.06,36.10,4.00,0.010000,251.00,247.20,250.80,251.00,obj,4395.43,4174.32,4165.18,4162.93,4179.19,4162.96,4149.26,4165.68,4159.53,4157.51,4171.57,4172.41,4160.86,4154.07,4159.16,4120.93,4140.87,4164.16,4164.29,4140.56,4144.51,4158.27,4162.67,4165.05,4161.66,4164.57,4187.16,4178.48,4167.27,4154.94,4162.44,4142.24,4139.35,4163.20,4163.00,4146.76,4171.73,4150.76,4146.82,4147.01,4144.33,4143.26,4147.54,4168.68,4161.59,4167.74,4176.34,4140.96,4155.31,4129.18,4124.53,4122.24,4137.03,4167.19,4148.15,4129.98,4164.27,4144.24,4149.18,4175.55,4164.41,4141.17,4170.36,4144.21,4147.24,4166.76,4166.95,4153.54,4164.41,4156.92,4142.20,4124.67,4147.59,4166.96,4129.45,4142.73,4125.53,4140.40,4119.63,4160.07,4128.16,4153.21,4152.46,4177.15,4175.91,4141.48,4157.31,4163.12,4139.85,4167.01,4176.13,4164.38,4133.89,4165.45,4164.21,4168.55,4179.11,4160.94,4179.99,4159.83
census_1000_4.csv,4,64, 1.0848,100.00,4150.65,4154.90,387.05,0.09,31.92,4.00,0.010000,253.00,244.80,250.40,251.80,obj,4423.10,4189.74,4132.41,4134.27,4134.70,4128.12,4111.56,4154.14,4150.28,4126.43,4152.23,4151.39,4164.04,4158.21,4169.50,4117.65,4152.70,4163.53,4171.09,4145.46,4147.33,4158.66,4165.47,4179.15,4159.44,4156.70,4179.51,4172.20,4143.53,4160.12,4158.74,4147.07,4143.59,4167.51,4160.91,4165.77,4170.52,4145.22,4160.30,4148.99,4152.18,4151.76,4161.13,4159.68,4177.90,4188.00,4191.45,4143.21,4160.17,4135.47,4139.38,4129.48,4143.62,4166.72,4136.10,4134.22,4141.79,4130.73,4135.37,4163.51,4167.05,4142.93,4166.08,4159.13,4162.52,4171.89,4176.99,4150.03,4168.98,4155.78,4140.02,4133.72,4145.06,4165.02,4124.30,4156.56,4132.94,4124.84,4122.14,4172.33,4124.22,4149.04,4156.77,4163.90,4175.29,4146.21,4153.18,4163.31,4143.12,4148.80,4167.84,4174.23,4145.47,4167.99,4165.17,4159.76,4166.94,4160.81,4157.57,4154.90
census_1000_4.csv,4,256, 1.0425,100.00,4150.96,4183.39,2612.65,0.16,40.45,4.00,0.010000,246.20,245.60,250.00,258.20,obj,4533.61,4328.06,4301.30,4264.23,4263.86,4235.32,4195.36,4301.08,4284.24,4131.77,4400.81,4347.85,4334.71,4149.52,4189.52,4177.60,4385.20,4246.85,4153.31,4298.74,4165.97,4211.14,4176.01,4197.37,4183.36,4190.04,4188.82,4179.14,4179.64,4157.98,4163.24,4164.17,4150.73,4158.83,4172.39,4184.97,4181.11,4178.84,4168.39,4176.35,4187.04,4174.23,4168.44,4188.82,4184.81,4202.19,4202.21,4142.75,4157.20,4159.76,4164.88,4170.48,4177.20,4178.71,4140.83,4141.35,4150.13,4157.68,4156.49,4171.59,4182.84,4152.09,4194.06,4173.36,4174.68,4184.12,4219.69,4190.29,4173.86,4172.00,4162.66,4163.27,4170.61,4178.13,4180.71,4145.71,4165.22,4204.35,4141.91,4166.69,4172.33,4173.12,4156.97,4158.66,4199.64,4156.37,4166.98,4171.43,4148.22,4213.50,4167.86,4183.10,4146.91,4190.40,4138.37,4157.00,4179.99,4166.66,4182.39,4183.39
census_1000_4.csv,4,1024, 0.9265,100.00,4978.22,9271.77,253258.65,0.01,2494.02,4.00,0.010000,104.40,197.20,294.00,404.40,obj,4897.59,8014.60,5959.22,6789.00,7170.02,7088.81,8670.79,8798.31,8578.19,8837.67,8521.28,8720.78,8370.82,8654.17,8404.10,8430.61,8519.91,7496.50,8290.70,7988.28,8926.66,8573.23,8936.53,7941.20,8977.29,8395.92,8861.40,7277.93,9039.30,6975.74,9344.69,7367.38,9509.50,7061.70,8688.03,8143.84,10518.11,7491.07,11243.39,8542.53,9535.65,7690.35,9638.27,7639.07,9317.06,8050.08,9452.65,7825.90,8497.46,8043.61,9241.13,8435.94,9392.81,8323.46,9302.57,7780.97,8149.44,9218.80,9229.05,10993.48,8461.90,8741.64,8580.68,7825.42,8816.92,8555.94,7761.01,8416.30,8513.63,8471.93,8436.77,8644.46,8460.39,8789.39,8589.91,8982.49,8518.17,8171.72,7917.14,7782.71,7562.63,8739.60,7657.12,8124.34,9002.25,9000.59,10883.62,9860.35,9344.42,8345.40,8746.87,8847.71,8763.30,8433.12,8502.85,8611.27,8649.07,8713.95,7237.38,9271.77
Spanish_1000_4.csv,4,4, 0.9975,100.00,3710.88,3710.68,779.70,0.01,36.54,4.00,0.010000,251.40,248.60,245.60,254.40,obj,4352.81,3835.20,3780.73,3741.15,3757.02,3730.52,3715.69,3755.72,3736.93,3693.16,3752.55,3732.94,3722.64,3762.52,3749.35,3782.73,3749.40,3712.57,3734.32,3766.70,3726.19,3707.58,3698.39,3695.57,3685.12,3729.76,3714.97,3721.81,3733.99,3705.06,3694.18,3714.79,3688.75,3715.90,3737.95,3717.08,3759.96,3705.13,3723.82,3670.58,3712.13,3750.79,3748.25,3725.92,3728.09,3724.52,3758.57,3756.70,3731.20,3722.32,3748.95,3706.74,3694.02,3726.42,3688.47,3719.42,3687.98,3736.75,3736.91,3690.84,3724.48,3771.67,3754.01,3732.36,3694.74,3725.16,3730.26,3740.40,3727.24,3773.37,3770.69,3707.57,3721.58,3719.48,3755.07,3703.06,3728.12,3695.71,3736.74,3755.83,3713.17,3712.51,3714.07,3717.83,3735.65,3734.44,3702.04,3684.47,3723.23,3761.25,3790.64,3760.72,3674.53,3697.62,3706.31,3713.22,3715.16,3695.03,3746.32,3710.68
Spanish_1000_4.csv,4,16, 0.8876,100.00,3748.87,3760.95,1191.45,0.01,63.66,4.00,0.010000,249.40,252.40,246.20,252.00,obj,4362.83,3859.19,3765.38,3712.44,3722.42,3718.16,3682.45,3729.25,3742.80,3716.28,3749.99,3746.07,3742.19,3746.59,3752.38,3790.66,3734.40,3684.54,3675.05,3734.60,3696.88,3665.47,3699.99,3673.05,3662.75,3747.63,3751.23,3729.79,3756.42,3718.65,3713.90,3721.59,3678.09,3711.60,3729.37,3699.53,3765.84,3686.75,3714.63,3685.64,3711.04,3746.10,3734.75,3713.63,3686.26,3715.91,3757.18,3759.64,3730.87,3756.46,3741.15,3740.67,3708.95,3744.29,3714.41,3742.08,3699.80,3745.53,3740.90,3683.55,3740.42,3751.26,3726.32,3723.06,3684.50,3731.41,3726.72,3736.93,3735.79,3765.38,3770.69,3697.96,3738.94,3728.95,3733.64,3700.05,3725.10,3714.72,3713.51,3719.47,3711.08,3703.81,3751.20,3723.78,3738.79,3727.15,3701.20,3694.17,3689.14,3715.09,3778.29,3765.69,3716.03,3720.32,3743.32,3703.30,3722.98,3725.34,3763.15,3760.95
Spanish_1000_4.csv,4,64, 0.8682,100.00,3731.35,3732.67,787.45,0.00,57.23,4.00,0.010000,253.20,244.60,243.80,258.40,obj,4402.09,3881.83,3797.12,3745.50,3751.80,3761.07,3726.33,3743.62,3729.71,3720.99,3747.57,3728.55,3734.19,3750.99,3748.46,3791.54,3732.86,3690.71,3677.43,3732.09,3706.16,3719.56,3703.61,3691.04,3700.09,3741.79,3729.02,3730.89,3729.75,3741.57,3722.08,3727.07,3703.04,3727.70,3744.56,3706.34,3752.08,3738.45,3753.80,3664.56,3714.58,3745.65,3741.32,3734.18,3721.74,3740.35,3753.88,3751.38,3739.34,3729.79,3759.21,3741.10,3719.54,3756.32,3700.67,3714.71,3698.49,3745.40,3691.43,3674.59,3732.61,3740.76,3730.29,3722.20,3696.02,3711.88,3722.38,3698.27,3717.97,3775.87,3750.66,3703.93,3717.86,3718.85,3755.16,3716.81,3743.24,3721.09,3740.61,3755.68,3711.28,3703.21,3690.48,3682.52,3740.20,3752.78,3721.64,3683.10,3710.74,3738.53,3761.18,3772.43,3709.62,3713.20,3741.75,3708.30,3707.84,3688.62,3720.86,3732.67
Spanish_1000_4.csv,4,256, 0.8744,100.00,3728.80,3734.82,1255.05,0.01,36.86,4.00,0.010000,251.20,249.20,245.40,254.20,obj,4628.28,4035.75,3985.19,3838.97,3883.79,3776.43,3789.76,3804.93,3792.46,3731.82,3766.84,3753.89,3789.09,3809.11,3768.57,3854.41,3837.29,3763.14,3815.40,3804.01,3759.93,3751.67,3755.44,3729.63,3765.51,3801.65,3746.89,3752.02,3792.48,3743.82,3723.29,3716.78,3710.49,3712.96,3757.55,3720.65,3782.67,3731.17,3703.83,3681.73,3719.70,3751.08,3772.43,3731.29,3734.09,3706.80,3742.06,3721.04,3749.79,3734.52,3763.69,3724.77,3695.48,3743.87,3706.41,3711.01,3723.19,3760.03,3759.07,3701.03,3726.02,3766.54,3760.24,3739.67,3697.01,3702.52,3724.86,3733.96,3749.09,3764.92,3734.37,3705.10,3736.22,3747.98,3775.79,3714.83,3738.79,3739.75,3766.50,3771.24,3740.75,3743.15,3714.60,3708.77,3758.54,3723.50,3722.97,3710.18,3732.17,3750.01,3754.85,3716.65,3677.64,3679.89,3698.39,3694.48,3733.15,3727.88,3759.21,3734.82
Spanish_1000_4.csv,4,1024, 0.9256,100.00,4764.04,7277.38,181954.65,0.01,2217.93,4.00,0.010000,493.20,189.60,264.80,52.40,obj,6078.95,6673.08,15677.19,5625.81,12949.55,6202.91,14412.66,5572.58,9695.19,5974.58,8325.61,6329.97,10199.73,6515.13,10165.26,6303.63,9538.52,7194.13,8167.86,7667.41,8235.35,7860.09,8273.05,6757.24,7996.65,8590.03,16846.92,7265.36,13274.44,6863.27,10870.25,6796.32,9278.65,7040.61,9453.52,7082.31,8916.67,7427.90,9906.63,6410.34,8392.44,6968.06,7992.77,7043.69,13507.60,7845.77,8275.25,7941.04,8225.22,8221.12,9225.84,8102.62,10592.83,7640.06,8257.20,7327.31,8744.64,7471.85,8773.16,7383.81,8142.69,8474.24,9310.13,8308.61,9096.32,8302.11,9045.13,8183.77,8271.88,8428.03,8410.94,8536.93,8933.66,8264.83,7862.07,8659.84,8412.28,8596.35,8168.66,8687.94,8395.12,8571.54,7182.56,9069.28,7874.54,9115.67,7917.49,9186.76,7929.41,9196.99,8807.33,7715.60,14599.12,8347.48,8970.51,8136.43,14476.46,7409.90,6873.51,7277.38
student_1000_4.csv,4,4, 1.0225,100.00,1466.31,1468.67,182.65,0.00,21.56,4.00,0.010000,255.00,251.80,244.00,249.20,obj,1830.41,1515.67,1385.14,1390.15,1415.29,1426.65,1431.55,1448.06,1442.93,1455.16,1463.92,1447.88,1425.83,1446.11,1439.03,1455.05,1452.57,1431.12,1449.28,1479.74,1461.97,1453.67,1444.58,1442.00,1415.39,1444.15,1457.15,1452.83,1434.91,1471.64,1453.84,1467.31,1463.36,1430.66,1459.26,1448.45,1451.38,1448.71,1439.23,1446.83,1446.17,1455.43,1462.09,1458.63,1481.76,1459.63,1464.94,1439.63,1443.37,1433.20,1429.83,1476.09,1468.11,1448.55,1452.54,1433.40,1428.07,1438.20,1440.70,1448.42,1450.19,1461.75,1464.56,1428.21,1457.52,1447.01,1436.99,1460.73,1444.28,1435.96,1449.59,1447.22,1461.47,1464.82,1462.72,1464.29,1455.92,1460.39,1459.89,1461.27,1440.34,1447.52,1435.96,1451.65,1449.38,1465.29,1464.88,1450.21,1442.18,1459.28,1463.69,1459.38,1442.93,1433.99,1451.15,1462.21,1447.94,1444.27,1461.52,1468.67
student_1000_4.csv,4,16, 0.9124,100.00,1461.66,1466.90,254.25,0.00,26.57,4.00,0.010000,253.40,251.60,248.40,246.60,obj,1810.43,1546.97,1402.99,1396.49,1419.78,1430.73,1425.23,1446.95,1441.18,1456.09,1467.54,1436.04,1416.14,1446.57,1442.05,1450.75,1456.11,1442.05,1457.22,1478.47,1448.56,1448.97,1461.43,1447.81,1438.51,1449.31,1457.73,1447.34,1441.85,1469.45,1441.97,1461.99,1451.41,1429.34,1464.88,1458.29,1449.12,1454.12,1439.88,1450.44,1446.32,1453.38,1463.67,1462.77,1471.13,1457.19,1456.44,1424.57,1445.33,1437.74,1427.87,1471.63,1465.61,1457.57,1453.13,1436.14,1437.10,1442.33,1442.03,1441.61,1452.98,1454.34,1458.07,1428.85,1451.21,1447.57,1446.09,1461.44,1436.54,1440.69,1447.86,1446.24,1455.51,1457.83,1454.98,1463.21,1456.81,1465.76,1455.77,1460.79,1430.00,1442.61,1434.71,1447.96,1462.46,1459.82,1462.36,1450.12,1450.39,1463.91,1463.91,1460.55,1439.15,1435.36,1455.83,1463.38,1457.60,1455.41,1468.74,1466.90
student_1000_4.csv,4,64, 0.8943,100.00,1452.97,1465.14,825.85,0.01,19.45,4.00,0.010000,255.20,249.60,247.20,248.00,obj,1869.34,1576.06,1417.07,1394.90,1393.39,1344.70,1340.85,1385.64,1394.00,1423.65,1404.47,1380.95,1394.23,1416.54,1402.03,1428.31,1438.64,1432.15,1447.31,1463.16,1464.67,1458.83,1457.67,1455.48,1438.87,1427.66,1424.36,1442.82,1453.42,1468.09,1458.36,1453.65,1460.20,1459.33,1462.74,1442.68,1455.94,1459.90,1435.55,1449.77,1457.08,1439.99,1457.89,1437.80,1478.47,1457.12,1454.83,1457.29,1442.24,1446.44,1452.82,1457.57,1446.17,1446.03,1438.14,1435.45,1445.36,1457.79,1438.00,1427.24,1471.15,1457.31,1426.71,1432.13,1443.73,1446.40,1458.27,1457.71,1449.26,1453.27,1463.14,1434.35,1445.80,1439.14,1442.90,1457.34,1451.47,1451.57,1462.17,1456.53,1450.96,1458.92,1459.04,1449.62,1470.80,1448.39,1441.55,1470.33,1460.99,1454.00,1469.16,1436.87,1431.17,1442.48,1451.60,1456.71,1450.91,1456.34,1433.37,1465.14
student_1000_4.csv,4,256, 0.9053,100.00,1557.88,1784.29,12035.45,0.01,275.62,4.00,0.010000,266.40,229.80,237.00,266.80,obj,2316.19,1842.25,2110.93,2075.24,2126.13,1712.90,1683.28,1829.56,1923.40,1915.76,1766.23,1708.76,1758.43,2073.70,1672.07,1856.45,1816.53,2100.12,1894.86,1677.87,1624.61,1777.65,1858.50,1747.47,2089.23,1776.68,2032.25,1764.90,2147.63,1612.35,1802.76,1841.40,1683.15,1777.64,1694.24,2137.72,1638.46,2231.42,1754.43,1929.19,2116.55,1758.34,1893.87,1962.03,2297.20,1887.65,1823.26,2031.96,1833.14,2072.53,1647.01,2065.98,2046.10,2278.24,1897.40,1949.60,2005.20,1850.30,1767.45,1828.56,2201.46,1736.92,1986.13,1713.38,1657.45,2235.60,1815.33,1864.38,1959.83,1945.75,1691.89,2266.06,1798.09,1820.04,2141.53,1793.05,1793.71,2218.34,2039.85,1823.56,2218.40,1774.26,1778.06,1973.99,1779.93,1891.63,2121.59,1944.94,1950.71,2072.13,1742.11,1646.91,2430.68,1718.83,1921.47,2116.01,1798.19,1748.76,1854.19,1784.29
student_1000_4.csv,4,1024, 0.9461,100.00,1991.68,3938.95,246404.25,0.01,1485.77,4.00,0.010000,100.40,390.60,206.20,302.80,obj,2093.15,4163.72,3790.25,2933.28,5187.18,3889.86,5918.57,4520.01,8443.18,4280.65,6272.89,4031.67,5879.34,3700.71,5423.63,3404.92,8049.92,4144.29,5562.62,4290.12,5535.72,4389.12,6196.33,4631.41,6407.58,4674.06,6406.99,4662.91,6649.03,4346.81,6633.74,4709.91,6728.82,4448.63,6708.56,4057.98,7108.24,4072.92,6565.28,4209.25,6894.72,4019.84,7202.10,3898.56,7262.35,3809.60,7148.77,4157.57,7037.60,3718.10,7222.02,4072.20,7206.83,3730.67,7608.86,3594.42,7733.51,3471.82,6908.10,3823.54,7266.10,3744.10,7271.60,3717.74,7644.02,3650.94,7717.91,3826.36,7571.42,3622.64,7434.45,3675.71,7136.60,3764.97,7082.30,3848.87,7528.26,3524.63,7327.86,3631.65,7461.22,3663.70,7938.30,3736.21,7636.43,3652.50,7644.58,3693.78,7425.94,3848.73,7197.15,3771.65,7438.38,3904.67,7507.31,3879.52,7217.48,3827.58,7294.62,3938.95
pricerunner_1000_4.csv,4,4, 1.2215,100.00,2529.24,2576.80,972.25,0.14,60.24,4.00,0.010000,247.00,256.00,245.00,252.00,obj,2158.34,2241.46,2337.05,2302.38,2402.18,2422.54,2372.35,2408.24,2469.66,2527.46,2472.01,2511.92,2515.42,2510.17,2510.47,2507.93,2468.43,2518.57,2505.60,2497.57,2510.91,2534.42,2491.15,2476.61,2527.47,2506.10,2480.36,2527.26,2495.93,2497.26,2503.60,2491.74,2470.11,2530.55,2536.06,2545.13,2553.03,2585.10,2544.20,2549.08,2564.59,2531.61,2532.98,2566.97,2589.50,2552.16,2559.56,2529.62,2555.36,2524.98,2547.97,2577.55,2529.02,2572.37,2542.72,2536.40,2550.17,2544.99,2529.71,2553.94,2573.57,2552.13,2572.83,2563.33,2523.75,2590.10,2579.82,2539.68,2568.83,2547.69,2563.11,2574.16,2590.22,2579.88,2541.16,2581.89,2540.17,2604.57,2558.26,2555.35,2575.43,2554.26,2531.13,2579.65,2530.02,2543.88,2528.36,2562.38,2568.85,2549.12,2551.73,2579.13,2562.00,2526.91,2564.86,2580.84,2571.85,2571.69,2526.91,2576.80
pricerunner_1000_4.csv,4,16, 1.1892,100.00,2536.81,2583.38,975.05,0.19,51.92,4.00,0.010000,249.20,254.20,244.80,251.80,obj,2155.74,2249.80,2337.97,2304.51,2405.24,2427.33,2391.41,2408.91,2465.95,2525.73,2472.46,2513.84,2514.90,2507.06,2513.94,2509.82,2478.41,2519.95,2501.92,2498.69,2508.56,2526.30,2494.23,2470.89,2525.93,2507.54,2485.36,2528.00,2495.19,2498.39,2501.14,2490.32,2442.92,2507.23,2533.62,2550.24,2547.71,2580.95,2548.94,2553.64,2574.07,2531.23,2536.65,2568.13,2587.52,2550.69,2557.83,2526.29,2550.28,2529.74,2542.74,2570.31,2532.25,2569.61,2543.71,2537.01,2553.92,2548.20,2533.82,2553.08,2571.00,2555.73,2571.16,2568.40,2519.87,2589.85,2581.15,2541.16,2567.04,2545.74,2563.44,2565.75,2594.50,2578.71,2544.91,2581.40,2541.73,2605.36,2565.78,2549.06,2571.89,2556.69,2531.83,2585.48,2527.88,2544.83,2527.49,2568.73,2567.16,2550.32,2545.36,2582.41,2564.40,2521.57,2563.93,2585.64,2570.55,2570.06,2530.55,2583.38
pricerunner_1000_4.csv,4,64, 0.9825,100.00,2524.07,2575.14,1136.65,0.02,67.74,4.00,0.010000,247.60,256.80,244.60,251.00,obj,2138.12,2235.01,2353.55,2306.12,2403.11,2414.14,2377.42,2415.41,2467.63,2521.42,2475.29,2507.62,2520.71,2501.94,2511.12,2514.78,2476.13,2515.59,2497.78,2503.89,2504.97,2537.44,2495.30,2470.72,2530.30,2513.69,2477.22,2526.88,2499.74,2501.24,2505.14,2499.27,2460.48,2496.01,2489.74,2496.29,2500.07,2536.47,2486.41,2479.82,2526.80,2466.88,2480.93,2505.23,2529.71,2496.37,2494.92,2476.54,2508.11,2469.83,2515.70,2566.35,2533.03,2586.71,2547.84,2531.28,2561.28,2550.12,2529.82,2555.79,2569.71,2558.32,2571.24,2567.05,2518.46,2587.31,2579.06,2536.39,2565.73,2546.67,2559.85,2575.64,2592.85,2579.09,2537.03,2578.19,2543.90,2605.28,2568.52,2548.11,2572.38,2554.53,2531.15,2575.70,2528.66,2548.55,2535.33,2565.15,2565.81,2550.17,2549.00,2570.35,2567.13,2526.92,2565.05,2583.77,2569.21,2576.39,2515.44,2575.14
pricerunner_1000_4.csv,4,256, 1.0172,100.00,2504.46,2573.64,1374.25,0.06,59.46,4.00,0.010000,246.00,261.20,243.40,249.40,obj,2118.20,2234.30,2339.88,2315.55,2372.83,2402.74,2390.09,2437.75,2451.14,2495.68,2471.85,2494.72,2512.16,2512.48,2502.95,2532.69,2488.85,2523.40,2491.48,2513.20,2516.34,2539.85,2493.21,2472.74,2532.48,2514.40,2484.26,2524.74,2503.00,2507.50,2496.53,2505.08,2502.10,2534.27,2535.80,2559.69,2553.28,2591.72,2548.84,2554.66,2593.16,2519.94,2547.89,2576.72,2564.39,2563.09,2542.32,2530.99,2563.31,2530.17,2537.48,2571.76,2539.14,2567.55,2542.24,2535.31,2563.84,2550.19,2525.70,2556.01,2570.90,2555.56,2576.88,2568.38,2509.00,2580.98,2582.43,2528.76,2558.45,2552.51,2567.47,2560.37,2588.57,2580.40,2538.08,2587.24,2537.82,2616.31,2563.27,2564.36,2563.87,2559.87,2531.37,2577.60,2533.12,2546.14,2539.09,2553.14,2560.50,2546.59,2566.97,2563.45,2564.53,2519.87,2559.32,2576.64,2571.83,2577.54,2522.57,2573.64
pricerunner_1000_4.csv,4,1024, 1.0540,100.00,3340.17,4119.43,139865.05,0.05,1528.82,4.00,0.010000,337.00,103.00,339.20,220.80,obj,2543.65,3854.89,3574.65,10834.93,3351.20,8079.99,3169.92,4586.50,3663.14,7900.45,5344.72,5254.32,5269.42,6977.76,5005.63,7731.88,4155.08,7773.41,6258.44,7526.85,5050.15,6436.83,5076.34,8468.46,5067.56,6904.67,6008.92,6227.05,7799.29,5673.19,8464.31,5743.94,6812.32,5603.47,4439.31,6296.65,3940.77,7810.74,3600.99,7081.83,4150.32,5785.77,3885.30,6525.89,4034.13,6983.78,4159.18,6582.05,3898.15,5958.51,4031.08,6644.34,3808.98,5547.76,4872.70,6048.64,4148.64,5634.46,5514.23,6674.13,5422.97,6362.40,5430.78,5939.54,6305.24,7059.76,5062.37,5736.83,5358.59,5535.62,4587.25,6155.30,5065.46,5661.94,6089.27,4566.63,4507.58,4975.14,5064.13,5078.39,4159.91,5148.03,4694.83,4950.99,4447.07,4894.78,4404.77,5268.42,4717.31,5038.83,4137.97,5157.32,4346.48,4765.20,6439.08,4807.65,8288.47,4454.55,8502.09,4119.43
cohort_1000_4.csv,4,4, 1.1873,100.00,1986.44,1999.55,337.85,0.06,31.52,4.00,0.010000,246.00,256.20,250.60,247.20,obj,2467.57,2224.65,2133.95,2180.48,2085.10,2054.57,2090.95,2024.98,1989.61,1972.40,2012.29,2006.37,1986.52,1998.01,2000.60,2020.46,2037.55,1979.93,1986.39,1998.37,1969.00,1996.21,1965.20,1982.30,1957.67,1978.11,1959.66,1991.89,1986.87,1990.71,1983.63,1994.61,2002.23,1995.65,2011.42,2000.32,1957.74,2006.03,2000.70,1997.70,1999.48,1973.14,1962.14,1987.84,1971.92,1978.58,1976.98,1965.54,1980.04,1975.35,1970.76,1992.43,2036.69,2009.92,1966.55,1971.41,1961.39,1971.78,1993.38,2012.11,1996.94,1973.37,1977.36,1983.01,1997.47,1995.04,1963.23,1978.81,1998.91,1981.13,1981.30,2004.05,1967.63,1979.46,1956.59,1950.02,1997.95,2008.99,1988.19,1965.16,2010.32,1954.90,1959.42,1970.02,1981.35,1971.07,1987.06,1976.52,1972.52,1967.63,1998.07,1956.48,1985.77,1981.19,2026.92,1967.78,1984.41,1981.53,1972.68,1999.55
cohort_1000_4.csv,4,16, 1.0589,100.00,1986.19,1993.29,315.45,0.03,21.36,4.00,0.010000,247.40,255.60,250.60,246.40,obj,2475.25,2220.35,2052.93,2210.33,2073.92,2074.98,2082.20,2020.73,2011.36,1978.71,2023.98,2020.28,2016.36,2011.00,1996.25,2019.48,2006.53,1953.95,1966.82,2001.98,2019.61,2017.06,1972.22,1976.66,1964.39,1980.09,1974.62,2016.93,1999.50,1994.67,1978.04,1991.58,1992.73,1988.47,1992.32,1993.75,1958.05,2009.71,2011.99,1993.50,1995.57,1984.46,1964.83,1988.87,1977.66,1978.94,1977.63,1968.87,1981.29,1981.54,1966.55,1988.44,2048.03,2002.52,1952.59,1972.48,1963.72,1980.82,1993.68,2010.47,2001.31,1984.13,1971.62,1985.61,2001.94,1991.13,1963.90,1974.27,1996.95,1985.57,1980.13,1988.87,1968.34,1976.79,1959.71,1947.91,1978.64,1994.96,2000.20,1967.54,2009.54,1963.86,1959.02,1968.48,1973.78,1974.51,1990.38,1977.18,1973.37,1971.38,1993.46,1957.62,1980.46,1981.88,2034.52,1961.18,1985.72,1983.20,1971.49,1993.29
cohort_1000_4.csv,4,64, 1.0354,100.00,1985.40,2003.66,921.85,0.07,25.24,4.00,0.010000,246.40,259.80,255.00,238.80,obj,2529.08,2213.02,2076.52,2147.51,2047.86,2039.84,2163.00,2032.49,2041.37,2039.21,2075.98,2047.82,2057.38,2011.04,2008.43,2069.98,2056.47,1979.13,2074.49,2001.97,2031.93,1970.52,1979.55,1950.35,1994.34,2011.41,2036.05,2021.51,1993.89,1977.28,2014.34,1984.22,2028.46,1979.76,1965.14,1964.88,1946.18,1997.94,2017.49,1979.81,1992.31,2018.51,1971.64,1966.69,1990.45,1979.60,1966.95,1972.47,1991.81,1981.11,1982.20,1998.49,2029.58,1998.45,1955.91,1966.76,1968.03,1979.04,1998.33,2004.18,1999.70,1975.10,1975.54,2000.81,1981.83,1983.65,1968.41,1970.62,2010.40,1988.18,1986.62,1983.33,1965.30,1979.90,1962.09,1968.43,2002.11,2006.00,2000.12,1968.41,2024.82,1964.80,1963.79,1971.11,1979.13,1980.89,1994.09,1988.21,1978.31,1963.17,1989.07,1954.40,1976.29,1984.16,2026.40,1995.20,1982.37,2005.38,1976.44,2003.66
cohort_1000_4.csv,4,256, 1.0234,100.00,2001.99,2096.79,1858.25,0.03,66.99,4.00,0.010000,232.60,249.20,259.60,258.60,obj,2718.38,2310.52,2061.81,2182.28,2331.26,2347.17,2375.73,2202.63,2232.88,2256.64,2257.75,2340.08,2227.97,2101.96,2092.57,2038.90,2126.85,2115.59,2054.94,2107.54,2111.93,2101.59,2070.51,2128.57,2148.28,2141.49,2106.20,2127.92,2139.32,2066.98,2153.36,2116.63,2141.57,2146.43,2213.66,2154.78,2061.73,2122.10,2106.92,2377.36,2039.81,2162.54,2066.97,2195.14,2125.90,2070.03,2081.32,2115.56,2214.70,2081.51,2100.46,2114.41,2350.79,2138.41,2048.33,2144.13,2156.27,2277.30,2106.84,2073.91,2161.13,2132.38,2150.71,2171.21,2138.45,2161.15,2185.05,2203.44,2133.78,2162.53,2101.10,2201.18,2105.20,2138.90,2047.38,2247.03,2273.81,2124.54,2177.10,2166.49,2227.30,2091.02,2148.03,2060.76,2149.81,2140.08,2099.52,2165.19,2083.89,2282.29,2108.68,2137.98,2099.71,2061.88,2310.77,2082.21,2134.05,2082.95,2317.39,2096.79
cohort_1000_4.csv,4,1024, 1.1103,100.00,2990.09,6860.03,244040.25,0.05,1482.26,4.00,0.010000,107.40,387.00,300.80,204.80,obj,3617.93,5337.35,2973.26,5191.26,3425.66,6608.27,7314.98,6488.94,8293.05,6599.64,6250.16,6556.74,6378.04,6802.27,6450.43,6622.75,6490.81,6548.81,6381.15,6971.62,6335.00,6632.23,6446.41,6462.57,6657.22,6295.42,6640.76,6242.34,5960.33,6494.09,6362.93,6716.75,6627.61,6467.64,6768.68,6496.97,6699.40,6391.12,8327.40,6021.34,7021.56,5921.41,6972.75,6086.94,6806.80,6140.89,7330.55,6038.06,6606.88,6054.57,7089.58,6100.30,6598.30,6087.06,5784.21,6309.77,6399.98,6266.71,6640.40,6401.83,6756.59,6540.80,6638.08,7539.49,6682.92,6710.68,6521.63,6699.99,6299.10,6588.66,6324.65,6718.91,6421.48,6642.59,6317.33,6996.20,6129.87,7082.59,6421.92,6704.71,6308.31,6713.16,6606.19,9818.27,5850.60,6891.94,6247.85,6548.11,8908.61,5529.64,6137.85,6036.22,6348.56,6388.21,6372.98,6195.81,5664.02,6675.77,6337.11,6860.03
diabeteshealthindicators1_1000_4.csv,4,4, 1.2441,100.00,18838.18,18801.27,431.05,0.08,50.26,4.00,0.010000,245.40,244.80,254.00,255.80,obj,19288.88,18801.20,18828.00,18820.28,18868.37,18857.35,18875.93,18876.19,18900.39,18843.76,18956.42,18880.99,18880.78,18875.82,18947.28,18948.30,18917.49,18891.51,18927.20,18865.33,18874.49,18866.63,18862.76,18883.52,18829.48,18913.44,18921.55,18873.94,18856.30,18888.84,18810.67,18863.29,18829.50,18842.53,18868.66,18865.86,18859.97,18875.04,18843.53,18856.29,18836.67,18872.24,18849.06,18867.44,18853.30,18892.33,18859.35,18810.88,18872.48,18860.46,18831.26,18885.99,18813.00,18865.25,18839.46,18852.55,18827.41,18832.92,18874.33,18896.53,18837.01,18867.01,18871.65,18855.38,18824.42,18862.20,18866.81,18933.86,18831.33,18852.70,18932.78,18854.69,18926.58,18862.61,18875.61,18832.76,18837.02,18860.81,18853.33,18925.17,18824.49,18831.83,18886.97,18880.45,18868.37,18890.10,18860.07,18854.72,18871.36,18882.21,18929.05,18884.74,18974.75,18881.98,18853.13,18939.76,18911.17,18837.32,18915.93,18801.27
diabeteshealthindicators1_1000_4.csv,4,16, 1.1808,100.00,18834.72,18800.25,415.85,0.06,49.43,4.00,0.010000,244.20,243.20,255.60,257.00,obj,19289.43,18780.19,18814.57,18838.24,18866.99,18858.63,18874.37,18881.08,18913.33,18857.77,18964.88,18890.89,18880.70,18869.60,18939.84,18919.21,18878.22,18877.13,18900.64,18851.26,18836.99,18860.00,18848.17,18868.35,18826.80,18906.84,18900.11,18871.15,18857.05,18894.17,18804.61,18868.58,18861.00,18866.26,18879.30,18865.32,18869.12,18881.34,18853.65,18860.64,18832.99,18859.46,18836.61,18854.09,18850.81,18876.95,18857.58,18794.62,18868.51,18858.68,18836.95,18862.38,18809.99,18901.95,18848.40,18873.85,18833.42,18832.53,18899.78,18912.33,18837.63,18867.99,18864.93,18868.28,18835.38,18882.21,18878.06,18957.85,18847.18,18846.87,18907.90,18847.20,18910.67,18854.04,18845.29,18822.48,18840.45,18852.84,18861.85,18917.98,18809.30,18837.04,18860.13,18896.10,18875.39,18894.60,18853.03,18847.67,18864.92,18880.45,18966.72,18888.31,18969.03,18873.00,18850.24,18928.50,18916.92,18851.26,18923.31,18800.25
diabeteshealthindicators1_1000_4.csv,4,64, 1.0756,100.00,18834.34,18796.84,599.05,0.05,67.45,4.00,0.010000,243.60,244.40,253.00,259.00,obj,19358.99,18788.22,18824.47,18836.67,18846.64,18851.10,18859.86,18887.95,18902.64,18851.55,18943.47,18854.62,18885.18,18843.67,18948.05,18933.08,18924.36,18895.28,18937.15,18884.98,18866.86,18872.35,18885.27,18893.39,18842.96,18935.26,18916.28,18888.94,18883.11,18881.80,18808.35,18868.22,18849.51,18856.51,18867.90,18871.55,18852.05,18895.94,18837.72,18864.98,18837.53,18865.02,18856.66,18872.52,18838.05,18889.51,18851.47,18792.72,18874.46,18858.68,18830.91,18885.49,18812.19,18906.24,18847.31,18866.54,18822.39,18840.36,18898.41,18914.22,18856.48,18865.93,18885.57,18856.49,18826.10,18872.61,18865.82,18924.95,18819.03,18844.06,18931.68,18867.16,18938.52,18856.84,18850.45,18836.61,18837.28,18846.16,18857.17,18928.81,18824.09,18826.70,18866.13,18912.19,18876.39,18905.79,18858.67,18852.73,18872.66,18879.49,18989.24,18884.31,18961.71,18865.68,18835.77,18918.27,18918.75,18870.35,18925.42,18796.84
diabeteshealthindicators1_1000_4.csv,4,256, 1.0367,100.00,18858.20,18795.03,2088.65,0.04,78.43,4.00,0.010000,236.00,245.60,253.00,265.40,obj,19524.33,18712.04,18759.05,18777.45,18808.59,18864.44,18815.44,18861.59,18878.28,18829.07,18912.57,18872.59,18938.38,18871.93,18970.28,18909.29,18909.65,18900.57,18910.70,18855.56,18887.47,18911.49,18891.89,18952.24,18846.74,18903.36,18957.10,18913.96,18843.24,18915.74,18838.45,18867.45,18872.53,18886.83,18861.71,18882.58,18841.69,18918.26,18833.07,18884.16,18840.07,18907.70,18848.27,18894.36,18872.14,18884.31,18872.20,18840.52,18920.94,18885.31,18889.07,18910.80,18843.37,18897.26,18857.84,18861.90,18860.35,18868.79,18927.49,18902.24,18842.94,18913.37,18881.88,18843.67,18870.46,18880.59,18866.49,18978.70,18859.71,18850.23,18930.99,18869.50,18936.48,18843.74,18905.82,18821.28,18872.13,18868.26,18883.54,18925.48,18834.67,18835.04,18888.47,18887.23,18885.11,18867.00,18866.75,18873.98,18862.42,18845.77,18959.32,18881.85,18984.92,18837.52,18879.75,18939.08,18873.89,18853.77,18944.29,18795.03
diabeteshealthindicators1_1000_4.csv,4,1024, 1.2001,100.00,19449.21,20441.90,61209.05,0.08,2196.83,4.00,0.010000,272.20,147.80,252.40,327.60,obj,20196.71,19223.00,20489.65,21127.22,20003.67,22615.09,19834.99,21197.29,20413.29,21657.50,20343.77,21134.31,20410.76,22418.38,20056.50,22562.33,19957.19,23418.83,20628.36,22899.23,19847.84,21738.53,19356.55,22025.81,19352.89,21617.04,19659.62,21467.69,20208.58,21244.80,20447.87,21019.78,20100.32,22526.37,19930.42,22898.66,19735.39,21586.17,19650.34,21725.20,19972.48,22307.11,19607.52,22152.35,19533.69,22008.20,19632.41,21513.30,19717.05,22930.51,19997.64,23107.85,20023.70,20511.19,19495.52,21445.70,19640.21,23281.65,19715.71,24336.86,19417.84,20619.68,19780.41,21971.68,19604.41,22000.81,20292.38,21894.44,21326.57,24731.40,20116.32,26046.80,20383.69,23772.61,19654.14,24003.55,19768.15,23387.43,19548.80,22343.77,19744.45,24822.64,19823.13,23524.58,19738.50,22269.07,20052.13,22749.17,19476.86,22361.00,19928.79,22650.06,19875.10,21123.07,19416.00,21129.86,19669.01,20456.97,19766.78,20441.90
NHANES_1000_4.csv,4,4, 1.2095,100.00,7105.35,7092.57,1008.65,0.15,74.51,4.00,0.010000,261.20,247.20,241.40,250.20,obj,7937.28,7255.59,7213.94,7110.57,7100.64,7099.31,7116.65,7056.56,7052.37,7038.83,7066.92,7091.30,7069.73,7167.95,7103.02,7074.79,7049.77,7047.30,7104.74,7143.11,7152.12,7135.71,7107.92,7054.61,7110.68,7108.01,7029.69,7137.71,7113.53,7153.19,7100.25,7116.87,7049.67,7106.92,7053.76,7056.34,7094.15,7103.06,7095.00,7056.86,7094.55,7114.72,7065.23,7141.27,7122.02,7059.91,7079.96,7100.69,7075.22,7111.45,7038.61,7036.44,7126.28,7079.04,7110.14,7123.01,7122.79,7076.08,7040.78,7112.62,7064.55,7100.45,7197.93,7130.98,7075.81,7130.75,7082.47,7074.32,7079.34,7078.99,7098.72,7101.18,7113.43,7169.23,7117.59,7058.16,7135.43,7115.91,7056.99,7109.38,7032.37,7141.80,7190.95,7135.59,7132.83,7087.83,7061.49,7140.13,7025.91,7070.00,7045.75,7095.73,7095.43,7041.77,7137.83,7135.35,7112.65,7112.33,7150.31,7092.57
NHANES_1000_4.csv,4,16, 1.5916,100.00,7092.90,7089.93,835.45,0.45,73.83,4.00,0.010000,261.20,246.40,240.00,252.40,obj,7948.79,7233.92,7201.83,7116.32,7101.87,7093.98,7116.81,7040.33,7062.67,7045.85,7068.11,7094.93,7074.40,7163.03,7100.79,7077.90,7049.01,7052.09,7101.70,7149.93,7150.94,7135.47,7108.77,7042.72,7104.16,7111.19,7020.14,7149.34,7119.80,7145.75,7103.21,7104.19,7051.13,7114.96,7044.72,7050.63,7096.28,7097.00,7091.80,7066.71,7092.67,7134.88,7088.29,7135.65,7113.62,7059.12,7070.56,7115.89,7067.30,7099.10,7038.59,7026.77,7126.55,7075.95,7108.59,7120.11,7117.82,7083.44,7041.04,7113.36,7073.68,7109.20,7194.78,7129.08,7075.79,7119.86,7079.41,7076.15,7083.79,7081.69,7100.47,7113.29,7122.06,7157.45,7098.37,7050.41,7131.64,7116.81,7062.60,7102.62,7040.73,7139.54,7190.67,7138.80,7142.99,7087.17,7050.34,7137.51,7028.86,7074.11,7044.12,7099.77,7084.16,7038.38,7144.52,7133.23,7100.24,7115.55,7148.35,7089.93
NHANES_1000_4.csv,4,64, 1.1190,100.00,7075.66,7066.62,358.65,0.05,43.75,4.00,0.010000,262.00,244.00,247.20,246.80,obj,8012.84,7257.38,7215.55,7150.06,7120.99,7071.01,7117.58,7044.81,7056.81,7054.71,7080.19,7099.38,7085.15,7170.52,7132.13,7068.43,7032.99,7057.42,7073.45,7132.84,7146.25,7137.42,7102.29,7046.81,7146.17,7095.97,7037.33,7110.77,7084.61,7164.21,7079.47,7107.94,7073.42,7114.44,7035.43,7046.91,7137.35,7061.87,7112.11,7068.40,7108.44,7134.60,7059.93,7109.49,7141.63,7041.32,7091.77,7074.69,7070.23,7100.00,7041.29,7040.33,7136.41,7082.35,7098.91,7127.20,7115.66,7096.58,7035.32,7080.28,7071.21,7114.60,7204.67,7094.21,7055.12,7131.78,7094.71,7093.67,7098.28,7072.70,7092.46,7106.12,7120.18,7137.77,7107.68,7073.27,7099.67,7121.35,7077.63,7146.64,7052.02,7133.11,7218.66,7114.03,7120.37,7116.15,7075.17,7125.66,7032.46,7069.41,7075.92,7099.58,7065.16,7003.03,7111.20,7124.34,7122.01,7146.65,7141.88,7066.62
NHANES_1000_4.csv,4,256, 1.3867,100.00,7100.87,7078.70,487.05,0.31,53.07,4.00,0.010000,258.80,243.20,250.20,247.80,obj,8431.68,7485.30,7673.16,7310.57,7334.79,7153.10,7121.55,7113.44,7043.48,7049.91,7054.53,7070.89,7084.64,7165.37,7147.70,7093.96,7053.24,7085.71,7071.02,7112.58,7136.47,7151.83,7115.62,7056.65,7153.88,7133.95,7049.53,7123.67,7081.84,7152.01,7089.16,7117.76,7083.39,7123.53,7042.93,7053.70,7144.93,7055.92,7119.33,7076.43,7111.13,7123.87,7089.97,7124.88,7139.23,7046.02,7083.41,7085.33,7093.79,7110.69,7064.05,7059.41,7142.97,7085.73,7088.17,7139.22,7119.67,7076.67,7028.14,7068.98,7082.71,7096.32,7196.80,7097.57,7072.62,7134.04,7099.52,7113.36,7107.51,7087.49,7109.88,7103.91,7122.81,7129.80,7121.05,7073.99,7093.33,7131.76,7068.81,7144.52,7038.18,7145.28,7211.83,7115.16,7141.40,7106.04,7081.43,7141.38,7016.09,7088.00,7063.49,7124.33,7061.40,7008.68,7129.05,7121.79,7126.04,7159.99,7151.70,7078.70
NHANES_1000_4.csv,4,1024, 1.1047,100.00,8159.14,10020.62,119825.45,0.14,2061.02,4.00,0.010000,465.40,49.20,268.40,217.00,obj,8849.84,10854.64,8311.70,13911.27,8789.81,13497.52,8618.34,9644.10,9274.35,13025.62,8627.43,8082.12,9138.63,9675.10,10886.58,11303.00,14673.10,11609.99,15883.49,12265.76,10505.73,14560.86,9978.61,13788.28,9844.94,12559.49,9705.41,14360.60,9410.66,9988.61,10369.78,10506.68,10433.25,10863.01,13161.43,12124.40,17872.63,9932.10,12316.95,9131.70,11404.10,10359.72,10529.30,9745.47,10631.57,10309.56,10711.44,11063.64,10760.87,16966.04,9253.81,11314.05,10012.94,10554.02,9127.11,10205.67,13436.96,9369.74,11968.40,9753.83,11076.37,9484.93,9599.69,8655.84,9709.24,8683.01,9139.87,9399.17,9686.78,9617.39,10910.18,9659.27,11391.10,12354.31,14605.53,12132.48,15301.93,11050.99,21075.85,9345.87,11372.43,9508.34,11894.61,10676.18,12090.68,9698.11,10100.60,9771.07,10773.99,9347.97,9517.52,8833.86,8959.39,10140.31,9549.74,10230.69,8702.05,9349.69,9613.87,10020.62
athlete_10000_4.csv,4,4, 36.6705,100.00,25160.63,25168.31,219.39,0.86,401.18,4.00,0.010000,2501.60,2500.40,2502.80,2495.20,obj,25499.16,25104.73,25007.87,25218.85,25315.91,25175.76,25160.84,25393.90,25163.76,25302.06,25458.57,25311.26,25339.78,25423.77,25372.59,25267.76,25284.34,25365.24,25441.41,25338.59,25342.50,25423.87,25325.78,25188.75,25089.77,25218.67,25283.29,25181.91,25232.58,25345.67,25468.16,25345.03,25134.82,25312.79,25365.42,25262.47,25299.74,25259.86,25153.07,25137.98,25114.51,25216.03,25104.21,25182.33,25234.73,25299.23,25046.30,25205.77,25255.83,25172.80,25266.05,25150.84,25115.89,25390.61,25167.87,25279.28,25254.74,25204.88,25264.47,25142.26,25321.16,25122.55,25152.71,25159.99,25065.51,25162.99,25090.65,25235.83,25294.32,25321.65,25253.46,25173.46,25202.59,25282.90,25176.83,25099.94,25206.98,25273.08,25234.75,25151.54,25002.19,25096.19,25178.43,25161.47,25143.73,25131.66,25261.10,25271.61,25217.53,25263.35,25220.85,25135.07,25240.42,25099.42,25309.87,25067.81,25191.25,25265.10,25231.51,25168.31
athlete_10000_4.csv,4,16, 28.5947,100.00,25138.96,25147.10,239.40,0.31,413.33,4.00,0.010000,2501.60,2500.60,2502.20,2495.60,obj,25511.05,25093.06,25024.43,25222.67,25322.70,25177.34,25177.49,25400.53,25164.22,25316.23,25451.95,25316.72,25331.82,25441.31,25354.99,25275.13,25266.19,25368.30,25442.15,25339.23,25358.00,25430.38,25338.71,25201.81,25096.09,25214.45,25295.70,25195.03,25225.95,25341.94,25477.48,25359.45,25147.02,25316.66,25373.54,25292.98,25308.07,25259.78,25164.25,25137.24,25119.46,25220.63,25104.28,25170.72,25224.68,25298.92,25032.23,25198.77,25253.65,25175.03,25278.95,25149.06,25110.86,25375.13,25154.96,25291.28,25270.60,25193.57,25251.21,25144.41,25320.97,25119.63,25172.76,25164.28,25065.49,25167.83,25088.57,25229.59,25297.56,25327.12,25248.63,25186.71,25200.03,25299.85,25178.60,25105.09,25200.86,25279.03,25239.39,25173.05,25009.11,25103.34,25178.29,25150.20,25130.30,25152.33,25262.95,25277.02,25229.54,25264.61,25230.56,25125.62,25249.62,25099.92,25316.06,25064.99,25204.36,25249.57,25211.18,25147.10
athlete_10000_4.csv,4,64, 24.3293,100.00,25139.34,25151.11,332.20,7.81,399.28,4.00,0.010000,2501.20,2501.00,2502.60,2495.20,obj,25528.63,25137.82,25058.50,25183.30,25344.71,25190.75,25168.20,25402.03,25154.93,25309.05,25421.41,25307.83,25340.85,25445.58,25372.36,25286.17,25264.20,25357.63,25443.51,25356.92,25366.46,25464.70,25342.44,25227.86,25115.04,25212.46,25315.06,25179.84,25235.75,25356.65,25480.14,25374.12,25168.45,25330.53,25380.20,25285.36,25337.53,25253.55,25170.26,25142.86,25129.60,25217.14,25105.11,25188.06,25229.02,25307.31,25045.32,25193.34,25251.39,25180.36,25267.50,25159.03,25133.83,25400.06,25181.00,25300.94,25256.72,25196.23,25256.38,25149.19,25308.66,25124.15,25164.51,25163.29,25072.07,25180.36,25112.73,25223.19,25309.17,25340.68,25255.95,25184.03,25183.37,25294.31,25166.54,25093.67,25229.26,25282.89,25237.71,25160.77,25003.76,25100.01,25190.43,25172.79,25142.99,25158.66,25279.92,25266.90,25208.08,25267.26,25228.44,25137.93,25257.12,25109.29,25322.75,25058.16,25209.82,25263.40,25232.29,25151.11
athlete_10000_4.csv,4,256, 20.1772,100.00,25308.54,25322.31,437.98,1.25,313.55,4.00,0.010000,2501.20,2498.00,2501.80,2499.00,obj,25578.05,25325.51,25078.57,25182.95,25250.61,25261.26,25169.40,25319.16,24979.03,25233.10,25277.27,25153.57,25041.41,25003.09,25095.97,25019.59,25017.88,24986.99,25083.38,24954.78,25081.05,25196.37,25140.29,25029.23,24833.31,25026.35,25050.02,24995.61,25020.91,25214.30,25226.45,25214.58,24967.21,25168.43,25114.43,24881.48,25105.16,25131.42,24957.85,25163.66,25185.23,25167.60,24949.44,24974.07,25100.56,25124.68,24918.72,25121.00,25232.23,25130.05,25164.08,25129.29,25052.31,25253.87,25145.15,25182.97,25149.62,25063.69,25175.99,25019.72,25286.93,25080.82,25012.06,25047.61,25038.79,25031.31,25035.57,25154.30,25289.28,25236.59,25185.31,25120.16,25137.28,25259.94,24981.76,25085.68,25196.30,25199.10,25241.56,25259.58,25058.88,25110.27,25068.94,25256.37,25169.39,25187.87,25290.15,25343.49,25321.98,25358.10,25318.27,25243.44,25372.89,25171.44,25331.69,25142.11,25254.49,25329.05,25374.56,25322.31
athlete_10000_4.csv,4,1024, 18.6523,100.00,39983.08,42764.13,100148.20,0.91,3191.21,4.00,0.010000,2718.00,2455.20,2350.00,2476.80,obj,26176.45,30586.98,37014.43,46742.43,43734.42,41522.54,41858.93,49130.91,41443.72,50170.35,39903.66,44146.23,54831.71,51536.40,52540.93,44209.99,45541.78,50213.23,45705.54,48881.92,41832.48,44289.55,54321.73,42693.77,44585.34,44139.31,42823.44,46647.73,41198.81,41384.63,51931.01,41976.51,59385.94,46334.09,48730.24,43817.90,48286.77,48513.97,39807.56,46289.40,39985.09,46169.66,54118.64,43407.54,39884.67,42877.53,46953.25,44823.13,39979.47,44902.03,46300.88,40674.06,61978.73,46383.22,56190.19,47290.37,46823.54,41367.17,45366.94,41645.02,41313.40,45651.84,61637.40,46145.43,43327.09,46165.53,42613.71,42275.31,41361.14,47348.11,47168.42,54273.79,51477.88,47022.46,44589.41,45370.13,45082.27,43799.32,41368.60,42713.13,41047.04,59813.15,43965.49,49226.49,50381.78,41295.25,44734.86,40185.89,41021.76,46882.29,48592.20,47431.32,47072.89,48118.90,48478.29,40240.81,43714.38,44425.53,47528.39,42764.13
census_10000_4.csv,4,4, 37.9970,100.00,31338.84,31344.83,204.20,0.55,64.04,4.00,0.010000,2499.60,2497.20,2496.00,2507.20,obj,36416.04,34633.81,33819.00,33442.00,33237.13,33054.39,32996.63,32849.25,32837.61,32626.14,32583.77,32515.23,32433.20,32429.76,32317.89,32301.92,32246.16,32141.91,32188.41,32053.49,32066.77,31983.00,31905.73,31875.47,31910.77,31869.18,31852.44,31776.91,31677.92,31706.68,31662.91,31613.80,31669.79,31532.96,31606.16,31522.31,31554.93,31465.76,31493.35,31513.54,31496.60,31507.51,31440.28,31526.17,31486.93,31414.70,31493.89,31425.25,31378.03,31373.92,31435.72,31311.67,31319.33,31451.30,31434.12,31463.24,31344.99,31415.42,31438.85,31404.60,31400.27,31521.37,31393.71,31363.89,31428.66,31423.49,31408.93,31442.01,31378.84,31408.47,31459.53,31477.47,31428.25,31404.73,31283.61,31411.35,31372.63,31385.69,31458.13,31354.56,31407.36,31391.74,31409.13,31426.33,31455.30,31412.74,31409.47,31369.23,31388.55,31453.04,31488.88,31410.65,31371.47,31402.10,31399.84,31374.61,31407.10,31372.02,31280.36,31344.83
census_10000_4.csv,4,16, 29.4378,100.00,31357.87,31361.11,90.31,0.33,73.81,4.00,0.010000,2500.40,2497.60,2497.80,2504.20,obj,36437.04,34665.25,33828.90,33442.01,33214.16,33036.47,33004.52,32868.30,32859.30,32653.70,32619.82,32540.30,32461.48,32420.18,32316.27,32305.07,32245.90,32132.63,32176.04,32044.94,32050.71,31982.78,31911.79,31862.99,31902.66,31885.84,31860.39,31777.52,31687.82,31724.27,31671.02,31591.36,31644.83,31542.00,31593.36,31504.12,31557.17,31453.47,31494.40,31538.87,31487.70,31496.36,31427.74,31500.57,31472.41,31420.91,31493.33,31441.95,31382.77,31376.91,31431.52,31290.76,31304.98,31427.76,31406.92,31435.29,31365.59,31407.66,31437.78,31392.48,31392.71,31511.37,31391.85,31360.26,31439.93,31437.84,31421.46,31452.98,31388.18,31410.11,31465.13,31466.84,31396.22,31398.24,31287.74,31427.92,31388.97,31399.63,31463.56,31365.16,31410.94,31403.47,31411.29,31415.38,31457.57,31420.69,31415.58,31386.28,31395.04,31462.00,31482.91,31401.87,31381.79,31393.46,31424.17,31397.99,31405.97,31386.29,31292.35,31361.11
census_10000_4.csv,4,64, 28.5845,100.00,31374.07,31380.94,164.73,0.40,113.55,4.00,0.010000,2497.00,2500.00,2499.00,2504.00,obj,36438.20,34727.68,33930.95,33564.27,33332.11,33148.05,33093.70,32950.16,32957.26,32741.31,32713.68,32640.65,32553.34,32504.07,32357.49,32346.15,32320.23,32202.51,32229.89,32088.51,32125.63,32030.90,31945.20,31916.49,31945.17,31913.89,31929.66,31836.72,31714.09,31799.58,31744.43,31660.16,31733.06,31621.26,31660.18,31567.73,31619.71,31531.37,31565.08,31567.19,31517.72,31541.46,31458.48,31535.70,31524.92,31480.95,31516.05,31482.38,31417.41,31422.05,31456.70,31323.77,31313.16,31440.03,31423.48,31474.95,31368.27,31434.89,31484.79,31422.02,31420.88,31519.10,31403.06,31349.46,31435.88,31439.88,31413.26,31449.83,31393.89,31439.52,31484.41,31482.44,31423.89,31411.31,31298.33,31438.06,31384.99,31398.49,31488.66,31381.13,31431.82,31425.36,31402.00,31436.72,31464.47,31447.48,31409.27,31385.83,31414.49,31453.29,31470.55,31413.86,31402.17,31380.58,31420.62,31410.73,31415.24,31397.11,31303.85,31380.94
census_10000_4.csv,4,256, 22.1001,100.00,35865.40,36023.23,18041.00,0.31,282.83,4.00,0.010000,2504.80,2511.40,2477.40,2506.40,obj,36706.44,35309.17,34903.67,34898.19,34833.58,34949.01,35193.34,35173.93,35193.96,35053.85,35282.28,35365.77,35535.88,35586.24,35736.57,35878.23,35769.85,35832.28,36284.65,36103.10,36141.46,36301.84,36033.78,36063.23,36283.17,36353.64,36003.48,36280.54,36109.51,35882.93,35850.96,35747.95,35832.21,35880.33,35923.87,35806.95,35910.12,35805.39,35932.24,35920.13,36018.27,36270.21,35755.65,35802.35,35838.41,35928.40,36025.67,35970.95,36051.92,35822.36,36164.63,35896.52,36306.34,36036.06,35932.28,36042.35,35985.53,35973.65,36418.42,36242.38,36101.75,36346.69,36151.37,36105.75,36173.12,36239.56,36523.55,36310.86,36206.20,36468.17,36416.79,36365.58,36134.74,36355.49,36435.04,36272.38,36222.84,36257.96,36220.74,36342.36,36521.98,36373.18,36502.48,36550.38,36571.34,36221.27,36086.98,36220.43,36053.01,36263.20,36572.73,36187.33,36142.31,36250.90,36295.20,36364.35,36070.79,36319.89,36207.21,36023.23
census_10000_4.csv,4,1024, 19.3541,100.00,39983.94,41269.33,177061.80,0.33,2096.94,4.00,0.010000,2630.40,2350.80,2388.40,2630.40,obj,42290.31,42235.58,42864.30,48375.32,46795.31,51728.63,44246.31,40569.99,40705.16,49796.26,51403.35,43851.65,40339.81,52896.23,48637.70,44788.63,46481.00,43418.90,43502.68,42471.29,46242.27,48486.60,44186.39,44244.46,45792.89,47251.65,43985.44,44631.24,44168.47,47718.96,53552.15,47865.19,47511.41,44479.13,40200.43,70679.89,40316.99,46023.78,45285.58,48793.56,42529.57,45003.47,41247.55,51348.54,46476.00,51019.68,40587.00,47860.36,45540.32,44583.16,45258.84,44218.81,40369.71,47824.87,49302.56,50417.91,40637.41,47868.95,49605.79,45443.72,45294.95,45261.28,45058.47,44180.97,45903.51,42522.86,40123.82,49702.70,55426.32,40742.11,46624.00,40336.74,41993.32,47226.93,50293.91,42572.56,42834.48,48903.12,49406.98,40387.46,39781.67,44801.58,44225.89,49144.65,51941.03,44433.33,43045.21,47362.30,49826.85,40266.14,42805.95,44136.37,51419.56,42627.41,46175.84,42784.99,47707.93,49915.26,46567.25,41269.33
Spanish_10000_4.csv,4,4, 15.9647,100.00,17686.28,17687.29,234.10,0.17,102.92,4.00,0.010000,1190.00,1188.20,1184.00,1183.80,obj,20023.02,19310.02,19046.34,18869.34,18799.00,18621.99,18466.46,18203.66,18065.69,18082.13,17997.34,17905.78,17929.88,17797.71,17965.51,17861.02,17876.43,17869.38,17883.66,17836.41,17904.60,17881.60,17891.35,17844.39,17855.13,17816.83,17808.65,17833.50,17913.69,17805.45,17823.43,17812.13,17713.53,17886.18,17818.90,17742.14,17813.06,17927.16,17843.28,17752.55,17745.49,17847.72,17745.93,17837.76,17813.16,17868.19,17826.91,17763.14,17841.85,17825.60,17761.24,17781.99,17773.34,17740.31,17750.54,17804.29,17727.77,17811.82,17813.80,17820.00,17854.16,17858.41,17839.51,17792.17,17780.77,17778.29,17747.26,17802.01,17856.70,17718.08,17785.49,17720.20,17689.74,17707.88,17695.02,17742.08,17688.34,17752.44,17762.87,17747.44,17655.72,17702.80,17661.57,17740.21,17812.93,17698.68,17697.49,17727.73,17658.01,17687.01,17718.18,17680.36,17727.52,17726.97,17766.06,17761.40,17731.20,17768.78,17737.03,17687.29
Spanish_10000_4.csv,4,16, 14.1778,100.00,17714.02,17711.77,206.09,0.18,81.32,4.00,0.010000,1189.80,1185.60,1185.60,1185.00,obj,20032.36,19324.63,19063.47,18872.91,18791.38,18624.71,18526.85,18311.68,18158.94,18159.79,18046.05,17876.70,17922.16,17857.46,17990.20,17904.21,17955.86,17882.16,17872.88,17817.83,17925.19,17907.43,17933.11,17879.30,17867.21,17873.63,17839.72,17843.08,17929.97,17825.91,17904.97,17799.67,17772.19,17916.93,17857.63,17792.51,17816.87,17955.81,17874.48,17794.11,17731.14,17866.07,17782.70,17804.26,17775.97,17800.00,17825.48,17748.37,17839.56,17782.94,17726.15,17747.02,17759.95,17730.52,17710.74,17790.26,17690.65,17769.66,17788.56,17786.63,17807.73,17833.72,17808.06,17751.86,17763.65,17795.52,17768.88,17787.25,17836.03,17723.33,17793.86,17710.26,17709.49,17725.59,17731.19,17768.22,17718.07,17764.83,17789.43,17758.21,17663.69,17720.56,17687.12,17764.04,17836.48,17740.47,17734.70,17771.82,17692.03,17717.52,17757.74,17721.88,17738.14,17752.20,17787.87,17799.69,17768.42,17807.04,17748.73,17711.77
Spanish_10000_4.csv,4,64, 12.2109,100.00,17720.49,17718.30,314.59,0.35,92.30,4.00,0.010000,1192.60,1183.80,1183.20,1186.40,obj,20102.00,19370.73,19127.99,18949.87,18872.41,18735.61,18602.59,18394.30,18253.25,18159.93,18102.97,17951.66,17988.97,17966.49,18069.71,17966.98,17961.22,17970.83,17938.99,17913.40,17977.07,17908.54,17968.98,17911.31,17866.48,17898.78,17819.95,17843.15,17906.25,17847.29,17877.09,17830.11,17741.92,17932.79,17816.58,17812.88,17850.17,17937.78,17904.72,17768.87,17808.75,17846.01,17794.85,17838.05,17840.66,17921.99,17895.50,17802.09,17896.08,17825.13,17759.58,17817.22,17811.15,17773.42,17789.36,17821.73,17742.29,17868.57,17812.43,17826.33,17868.23,17879.97,17895.12,17832.64,17831.16,17854.09,17789.49,17788.66,17857.38,17736.38,17810.05,17728.01,17692.81,17737.64,17720.73,17773.05,17735.09,17767.65,17783.49,17753.68,17678.97,17731.49,17683.82,17770.78,17806.61,17743.67,17749.15,17764.05,17678.93,17726.69,17766.64,17733.66,17778.98,17747.64,17756.49,17801.50,17733.24,17781.02,17726.84,17718.30
Spanish_10000_4.csv,4,256, 9.8946,100.00,17977.39,17984.26,319.69,0.26,501.87,4.00,0.010000,1191.80,1184.20,1186.20,1183.80,obj,20435.34,19806.65,19571.68,19480.28,19175.51,19081.93,18973.35,18740.67,18741.57,18616.05,18471.93,18469.48,18412.47,18425.93,18380.19,18340.02,18413.32,18300.38,18509.99,18300.58,18339.25,18233.92,18366.76,18215.02,18165.24,18204.25,18069.77,18110.14,18087.49,18042.86,18198.72,18134.60,18103.58,18173.91,18214.95,18082.20,18112.68,18369.72,18273.99,18250.86,18116.01,18143.93,18106.06,18122.91,18089.30,18208.75,18073.86,18034.81,18166.28,18182.87,18088.77,18079.54,18126.55,18092.13,18040.45,18050.35,18085.88,18176.90,17997.59,18045.66,17984.94,18011.17,18086.78,17999.53,17948.82,17955.81,18000.01,17944.80,18114.07,17976.13,17993.92,17933.40,17909.96,18006.26,18009.05,17970.47,18115.22,18113.61,18110.30,18014.79,17954.99,18002.95,17920.42,18040.36,18051.93,18010.46,18010.51,18080.56,18028.30,17985.66,17979.90,17993.00,18068.68,17985.17,18150.97,18069.48,18030.04,18110.27,18047.33,17984.26
Spanish_10000_4.csv,4,1024, 8.5207,100.00,23699.85,30368.12,340175.26,0.34,4818.31,4.00,0.010000,1192.00,1285.60,1212.20,1056.20,obj,22132.40,23865.44,28866.97,27073.62,35564.93,26974.74,34588.47,26088.79,31542.24,27905.99,26969.88,27407.05,31375.58,27642.01,33876.90,25941.28,31649.23,29462.98,31203.39,36797.68,28244.82,32036.29,28738.30,27432.27,29902.42,28275.01,26619.49,27404.72,25658.59,25584.42,30835.96,28523.58,27279.93,29256.86,39380.37,29395.31,32758.11,28843.50,28262.97,31395.36,27940.30,38050.36,26902.05,27900.72,30845.36,27722.20,28317.72,28518.73,28525.50,29618.27,28785.33,29013.60,28131.09,31726.12,27018.29,28385.99,30020.04,34034.78,36796.14,28100.75,34341.93,30173.63,28973.02,29090.58,31631.96,28392.58,35797.67,28117.56,27737.63,32746.57,26291.27,34592.17,29843.29,35884.91,26791.15,30031.20,26852.13,26836.42,32780.46,27223.93,28284.19,29565.35,26917.87,29717.86,30888.80,35201.89,33905.18,27027.62,32915.68,33950.85,35104.12,27636.15,27985.29,36204.88,28266.44,35767.61,36919.72,28785.92,29679.22,30368.12
student_10000_4.csv,4,4, 37.3250,100.00,14381.97,14383.03,26.60,0.67,850.35,4.00,0.010000,2501.80,2500.20,2500.20,2497.80,obj,18268.71,15935.53,15178.47,15003.08,14947.17,14936.68,14914.90,14799.83,14802.20,14682.68,14663.49,14596.39,14491.01,14454.20,14450.48,14438.97,14446.21,14382.51,14381.74,14360.27,14428.48,14392.90,14421.56,14427.29,14447.49,14423.24,14420.52,14442.43,14397.12,14486.43,14429.06,14378.58,14430.97,14487.31,14440.41,14419.91,14360.69,14432.92,14413.75,14404.71,14440.05,14432.54,14398.87,14385.52,14392.10,14412.67,14410.23,14448.09,14404.49,14344.24,14424.08,14372.39,14409.82,14386.94,14435.02,14392.13,14390.27,14367.95,14406.72,14426.63,14413.20,14420.63,14401.36,14454.18,14418.03,14434.06,14403.38,14448.05,14398.66,14475.83,14353.53,14394.07,14381.70,14342.50,14421.05,14406.85,14416.64,14392.36,14392.26,14358.97,14404.53,14423.88,14403.12,14357.00,14409.02,14427.54,14365.20,14419.66,14371.56,14443.35,14371.72,14382.11,14413.18,14350.75,14350.27,14385.39,14364.68,14462.40,14359.92,14383.03
student_10000_4.csv,4,16, 29.6504,100.00,14358.22,14357.36,18.60,0.47,821.74,4.00,0.010000,2499.80,2499.00,2501.60,2499.60,obj,18272.08,15999.62,15199.40,15013.67,14980.68,14953.03,14934.57,14817.31,14817.96,14727.27,14633.71,14599.22,14511.21,14451.01,14430.90,14424.17,14463.10,14387.51,14397.20,14356.40,14416.16,14391.78,14410.66,14403.34,14441.50,14428.61,14410.36,14416.60,14386.11,14467.69,14413.10,14353.76,14414.95,14467.31,14427.45,14403.70,14327.73,14398.49,14367.43,14383.68,14424.08,14392.68,14385.95,14354.03,14366.06,14382.05,14403.04,14410.66,14388.50,14324.13,14404.28,14348.17,14385.13,14371.73,14405.44,14361.83,14364.11,14340.63,14369.41,14396.32,14384.60,14401.28,14362.76,14420.06,14378.46,14415.60,14387.17,14426.95,14370.24,14425.46,14359.30,14382.18,14346.85,14331.50,14397.40,14380.40,14401.64,14366.14,14378.21,14349.50,14394.08,14393.49,14393.52,14347.98,14392.14,14396.21,14354.42,14395.98,14359.68,14409.90,14360.50,14368.69,14379.50,14342.56,14328.15,14368.85,14353.73,14449.36,14344.29,14357.36
student_10000_4.csv,4,64, 28.0206,100.00,15043.76,15073.45,537.00,0.36,77.82,4.00,0.010000,2501.80,2499.80,2499.40,2499.00,obj,18269.96,16181.89,15530.38,15408.47,15410.83,15369.85,15320.30,15207.60,15204.95,15138.64,15100.29,15024.90,14973.62,14890.10,14846.77,14859.02,14804.60,14756.07,14727.25,14714.91,14769.35,14752.60,14748.76,14712.97,14777.45,14870.02,14807.74,14908.75,14926.73,14972.25,14954.54,14956.20,15013.51,14989.52,14997.42,15022.21,14986.22,14945.80,14993.85,15021.44,14987.20,14992.53,14978.72,15012.36,15002.43,14998.20,15044.41,15055.30,15004.89,14989.92,15016.24,15016.16,15019.41,15013.12,15029.30,15031.88,15085.16,15005.27,15048.98,15034.80,15024.00,15035.07,14991.37,15071.90,15018.07,15061.84,15050.89,15068.98,15067.99,15084.34,15096.87,15100.10,15047.13,15045.32,15093.36,15061.21,15086.01,15120.96,15108.65,15094.19,15147.12,15040.68,15116.02,15049.65,15143.53,15118.19,15092.17,15120.25,15107.08,15087.17,15079.69,15085.53,15143.79,15049.60,15061.33,15050.94,15042.89,15037.96,15092.75,15073.45
student_10000_4.csv,4,256, 20.8354,100.00,18098.37,19127.75,50433.00,0.49,1053.11,4.00,0.010000,2511.40,2512.00,2551.20,2425.40,obj,18653.92,17905.19,17109.11,17216.47,17161.75,17193.34,17131.28,17742.41,17483.99,17589.69,17617.87,17662.99,17568.19,18073.62,17580.88,18181.20,18322.65,17907.94,18126.46,19024.03,18156.57,18577.50,18296.30,18693.71,18070.26,17948.24,17987.74,18197.03,18589.32,17913.61,18232.64,18358.48,18244.28,18217.54,18330.91,18111.76,18103.45,18293.75,18243.92,18706.42,18254.47,18097.23,18492.76,18662.77,18111.14,17997.58,18003.43,18318.56,17844.97,17870.16,18096.41,17898.34,17784.69,18481.47,18537.37,19044.01,17876.28,17872.21,18156.21,18651.99,18052.24,18173.27,17652.21,17817.29,17975.23,18253.32,17819.45,18159.26,17955.15,18056.44,18147.32,18114.77,18293.43,18113.98,18277.15,18124.15,18340.31,18069.31,18242.04,17705.40,17859.85,17725.48,18243.54,18140.44,17742.63,17807.77,18010.33,17994.36,18002.16,17988.30,17875.48,17808.92,18352.62,18542.08,18162.43,18267.43,18173.61,18592.07,18956.82,19127.75
student_10000_4.csv,4,1024, 17.9341,100.00,19989.43,28825.19,550164.20,0.59,8925.79,4.00,0.010000,2446.40,2633.40,2514.20,2406.00,obj,32588.10,20655.95,24854.00,25231.76,31097.66,30772.70,25371.23,22343.33,22692.69,27167.31,28705.81,24999.93,21025.41,26350.24,28227.18,26727.47,27234.36,24233.77,34679.49,29137.19,24908.89,23713.54,29284.33,29746.70,22078.52,22437.56,27278.69,26399.80,20731.17,21425.18,24396.59,31665.64,28986.67,32074.38,21884.64,20617.47,20443.59,41185.17,21722.49,20948.50,26035.07,20689.81,30378.51,23214.37,23301.54,27115.52,27694.02,23483.35,20060.70,22522.42,28253.92,21224.72,45802.73,27597.69,24737.68,31449.78,28304.87,24300.88,22702.11,21902.26,21526.12,37160.25,30005.04,29181.68,33297.63,23508.09,33684.88,25137.32,26232.44,24462.75,25262.74,23473.82,23314.38,31057.04,32631.23,26069.50,21390.61,21811.63,20802.73,26580.47,24796.84,26731.86,34573.51,24238.11,25324.11,27189.64,27836.38,20772.47,28508.86,22910.58,22242.24,42653.22,24522.33,28509.11,19950.41,25758.33,23236.01,25888.21,25429.77,28825.19
pricerunner_10000_4.csv,4,4, 37.9849,100.00,26017.69,26053.95,1492.20,0.29,558.51,4.00,0.010000,2501.00,2499.80,2501.60,2497.60,obj,23827.75,23861.58,24846.37,24989.57,24776.98,24745.94,24747.38,24858.77,24991.62,25232.92,25392.24,25563.92,25660.39,25706.07,25743.43,25763.21,25779.60,25705.11,25847.33,25843.49,25857.56,25941.40,26016.35,25914.73,25987.36,25929.00,25853.12,26024.04,26025.22,26068.47,26033.83,25986.61,26018.64,25984.19,25899.93,26049.48,26006.45,25994.70,26159.40,26068.55,25978.21,25967.67,26000.57,26099.01,26104.83,26094.56,26005.10,26143.90,25994.56,26063.26,26119.90,26011.82,26128.45,25994.04,26130.30,26080.20,26025.94,26096.71,26151.87,26036.11,26034.96,26032.27,26027.23,26105.15,26049.11,26026.12,25993.15,26043.41,26145.67,25980.96,25988.11,26049.44,26082.35,26072.78,26108.91,26137.90,26102.48,26095.57,26075.68,26030.70,26118.43,25991.01,26205.02,26110.84,26027.86,26146.28,26186.72,26163.13,26066.05,25994.32,26091.59,26103.00,26173.17,26078.94,26097.09,26096.37,26075.63,26103.20,26032.12,26053.95
pricerunner_10000_4.csv,4,16, 30.1914,100.00,26008.14,26046.05,1728.11,0.32,566.29,4.00,0.010000,2501.00,2499.20,2500.60,2499.20,obj,23827.95,23886.47,24910.03,25021.09,24764.85,24725.16,24737.07,24877.02,24991.27,25230.38,25386.66,25556.37,25658.22,25692.63,25727.05,25733.17,25769.02,25700.44,25838.83,25836.69,25849.70,25936.94,26011.20,25894.02,25982.57,25918.70,25825.33,26011.58,26012.99,26081.06,26054.82,26002.66,26051.80,26003.68,25916.18,26040.05,26012.38,26008.34,26151.41,26053.68,25977.39,25964.92,25993.39,26086.46,26086.04,26082.03,25997.82,26142.95,25977.92,26054.57,26123.45,25995.62,26116.81,25990.02,26112.11,26086.70,26035.31,26080.96,26155.52,26031.85,26034.77,26031.33,26038.59,26119.99,26044.59,26014.95,25979.51,26044.10,26133.83,25985.02,25973.43,26047.27,26078.36,26086.01,26109.91,26140.10,26099.90,26082.79,26076.68,26026.93,26115.03,25978.87,26202.03,26105.46,26032.68,26137.59,26180.02,26154.50,26051.97,26004.88,26098.97,26107.38,26148.74,26077.28,26084.30,26091.68,26070.46,26100.56,26029.39,26046.05
pricerunner_10000_4.csv,4,64, 29.5991,100.00,26211.82,26255.12,1972.20,0.74,148.15,4.00,0.010000,2503.80,2496.80,2500.40,2499.00,obj,23830.53,23903.46,24892.08,24965.62,24788.81,24767.37,24754.91,24849.33,24940.09,25165.56,25315.02,25475.12,25576.03,25652.34,25729.35,25746.56,25794.65,25741.19,25847.35,25889.24,25945.11,26017.14,26094.85,26041.37,26120.45,26083.90,26015.07,26135.45,26138.57,26193.36,26174.25,26114.24,26178.32,26139.20,26035.01,26181.13,26147.86,26172.36,26287.86,26224.43,26171.13,26147.45,26175.66,26269.16,26266.62,26245.28,26172.81,26322.09,26195.63,26215.69,26292.36,26207.52,26285.01,26174.18,26316.41,26273.20,26204.10,26284.51,26341.85,26208.20,26271.13,26199.39,26231.45,26292.40,26255.85,26228.67,26192.19,26260.76,26336.31,26165.08,26213.57,26230.52,26275.72,26264.29,26274.45,26297.49,26304.88,26287.19,26272.90,26223.75,26330.07,26177.97,26394.05,26319.80,26249.51,26280.80,26364.69,26343.30,26263.73,26204.96,26316.51,26274.38,26378.55,26298.76,26316.88,26275.91,26268.58,26326.66,26240.82,26255.12
pricerunner_10000_4.csv,4,256, 20.5261,100.00,26135.78,26163.05,2252.00,0.89,178.51,4.00,0.010000,2498.80,2494.60,2505.20,2501.40,obj,23919.72,23720.86,24652.84,24787.03,24743.24,24930.81,24745.21,24841.31,24762.52,24834.26,25067.83,25172.51,25256.20,25371.13,25498.19,25372.33,25412.42,25402.75,25632.82,25684.88,25793.44,25872.38,25983.96,25972.19,26030.19,26043.97,25954.33,26041.09,26027.68,26070.74,26053.51,25970.73,26072.47,26000.69,25912.34,26069.84,26059.08,26044.71,26153.73,26117.70,26031.44,26046.55,26057.84,26100.64,26156.27,26087.80,26068.48,26213.70,26063.71,26073.60,26094.02,26000.37,26100.25,25908.22,26088.56,26112.40,26019.41,26118.45,26174.35,26079.94,26186.45,26125.46,26119.27,26157.56,26138.57,26163.82,26095.77,26207.73,26266.75,26189.37,26185.95,26180.23,26254.66,26197.54,26212.56,26240.26,26250.80,26232.73,26201.43,26193.85,26292.42,26168.73,26369.22,26285.02,26176.11,26246.85,26318.94,26333.16,26262.31,26191.45,26300.90,26281.44,26379.08,26300.46,26289.02,26259.48,26241.38,26297.24,26246.08,26163.05
pricerunner_10000_4.csv,4,1024, 19.0755,100.00,39979.12,39945.13,25466.60,0.26,1524.10,4.00,0.010000,2496.40,2625.60,2367.40,2510.60,obj,24713.80,28462.35,33525.57,36685.53,40757.65,38791.57,45608.43,39456.36,41893.07,53808.70,38065.80,49016.04,41194.36,41585.78,46695.25,43936.88,45140.84,44102.40,47683.31,51178.43,52958.46,43545.66,44919.46,40202.58,46112.20,45640.99,49188.38,42631.98,49875.19,57276.69,44530.28,49832.09,45536.95,49023.00,48821.98,39934.63,49311.05,41206.46,48258.08,44882.00,44528.00,50471.71,45254.66,42223.78,40912.01,44437.78,52079.76,47198.29,51345.04,46489.70,52608.09,48415.22,46517.72,39929.98,41266.24,44076.16,46656.81,52331.96,50458.40,46159.13,58117.70,46361.94,48512.01,39791.31,40759.87,41001.49,64144.39,52604.29,50120.87,46300.94,49198.80,50312.00,44797.16,39918.48,47434.55,48604.56,43756.48,44861.65,48640.37,48494.62,42304.94,54591.18,42361.97,44383.93,41219.46,44032.76,40906.67,54518.86,46441.31,49932.15,42637.65,62558.31,42549.09,48833.28,46009.70,41831.52,50003.92,42266.54,54565.45,39945.13
cohort_10000_4.csv,4,4, 37.2636,100.00,20010.65,20022.02,364.70,0.63,373.78,4.00,0.010000,2515.40,2472.80,2504.80,2507.00,obj,24044.98,23616.63,23115.48,22370.70,21639.63,21225.20,21176.32,21106.14,21031.31,20917.43,20828.66,20978.25,20944.00,20768.31,20644.55,20736.43,20840.18,20646.70,20742.55,20781.43,20917.29,20864.69,21001.46,20887.33,20853.29,20849.57,20944.64,20699.28,20727.15,20895.33,20900.96,20834.85,20770.56,20828.42,20807.03,20726.07,20785.91,20788.94,20764.91,20818.22,20778.03,20798.98,20876.87,20925.73,20804.15,20898.27,20888.03,20806.45,20540.05,20395.22,20266.47,20180.04,20135.20,20140.31,20113.94,20079.81,20052.68,19966.06,20033.44,20113.07,20076.51,20007.44,20042.62,20007.98,19930.62,20045.37,19997.56,20006.97,20049.95,20023.91,20031.65,20019.56,19940.19,19990.84,19985.29,20109.80,20015.96,19976.71,20041.64,19933.98,20045.88,20042.28,20046.14,20049.75,20056.77,20001.22,20004.51,20085.03,20035.52,20063.36,20064.40,20012.11,20040.15,20011.54,19957.25,19988.29,19988.84,20051.34,19996.94,20022.02
cohort_10000_4.csv,4,16, 29.5993,100.00,20198.57,20216.68,681.97,0.36,190.14,4.00,0.010000,2508.00,2484.80,2497.60,2509.60,obj,24054.47,23661.11,23187.67,22425.34,21754.00,21293.72,21237.29,21060.74,20985.94,20859.92,20853.05,20915.29,20901.81,20736.95,20655.51,20725.22,20778.08,20769.90,20775.52,20788.65,20839.06,20633.77,20623.62,20413.96,20219.16,20236.48,20422.56,20284.93,20207.72,20218.72,20212.87,20223.67,20080.13,20193.08,20205.17,20184.29,20270.47,20274.39,20245.12,20340.31,20193.22,20128.70,20110.88,20172.83,20141.42,20163.30,20074.26,20065.05,20121.07,20121.31,20197.81,20118.02,20055.76,20034.35,20032.78,20031.49,20076.68,20078.06,20027.22,20157.20,20081.55,20065.96,20132.73,20104.37,20203.11,20255.14,20244.62,20322.57,20336.34,20338.74,20246.39,20171.51,20090.24,20120.26,20151.75,20224.82,20168.54,20149.42,20169.07,20082.97,20120.97,20122.85,20101.50,20105.75,20125.08,20086.71,20054.62,20160.48,20171.75,20195.95,20161.64,20108.25,20148.59,20184.13,20151.75,20184.30,20178.31,20212.81,20139.19,20216.68
cohort_10000_4.csv,4,64, 28.9538,100.00,20205.10,20214.14,535.40,0.29,284.62,4.00,0.010000,2498.80,2491.60,2505.20,2504.40,obj,24107.48,23820.39,23454.99,22897.03,22257.41,21814.76,21544.49,21270.44,21166.81,20929.92,20883.74,20964.96,20963.73,20828.40,20698.44,20740.15,20718.33,20682.23,20646.78,20681.15,20707.18,20686.27,20764.31,20763.55,20822.53,20668.09,20516.36,20207.28,20255.62,20421.27,20300.16,20244.04,20129.19,20065.48,20009.23,19991.01,20020.62,20078.24,19933.23,20070.80,20081.39,20076.52,20090.37,20207.46,20212.49,20319.31,20292.76,20341.70,20285.40,20313.68,20199.77,20170.12,20184.52,20089.42,20160.30,20239.31,20257.60,20233.19,20212.98,20159.83,20168.77,20123.67,20208.53,20177.52,20118.55,20296.38,20158.40,20217.55,20277.95,20221.50,20285.88,20248.09,20197.23,20205.05,20140.60,20194.13,20136.06,20113.65,20143.15,20149.41,20172.44,20242.86,20229.40,20181.73,20228.06,20124.53,20193.99,20193.01,20126.27,20224.26,20216.85,20267.66,20149.45,20147.45,20247.01,20200.32,20233.21,20271.19,20183.30,20214.14
cohort_10000_4.csv,4,256, 20.5533,100.00,23116.79,23229.71,14848.61,0.31,1137.07,4.00,0.010000,2514.40,2510.00,2435.80,2539.80,obj,24290.20,24234.90,24418.59,24306.62,24307.21,24346.14,24528.74,24453.42,24297.23,24361.23,24316.70,24326.97,24400.51,24366.40,24236.79,24204.79,24170.42,24251.30,24225.83,24231.07,24142.49,24266.91,24299.88,24061.49,24519.96,24176.34,24296.13,24118.97,24309.83,24019.30,23925.62,23940.95,24123.59,24106.38,23873.67,23803.27,23875.95,23885.44,23968.81,24310.06,23997.53,23979.70,23864.71,23875.79,23748.36,24005.99,23774.80,23972.64,23900.29,24082.36,24052.40,23994.19,23936.88,23645.89,23693.43,23661.04,23741.30,23563.70,24229.96,23791.68,23727.73,23692.78,23787.57,24140.37,23514.87,23742.76,23656.53,23655.47,23790.35,23591.28,23567.68,23348.92,23511.31,23475.72,23294.01,23311.51,23559.98,23227.17,23498.08,23463.83,23443.54,23389.64,23326.49,23376.04,23529.05,23571.15,23425.04,23338.63,23401.25,23558.64,23378.94,23369.06,23380.28,23183.46,23282.85,23615.60,23382.90,23513.17,23413.12,23229.71
cohort_10000_4.csv,4,1024, 17.4559,100.00,29988.06,35654.02,254492.20,0.58,11062.82,4.00,0.010000,2415.80,2530.00,2615.00,2439.20,obj,29461.73,31491.78,34123.03,33870.36,31647.93,29562.82,41283.44,32474.77,36875.76,31432.33,37467.30,37400.87,32236.01,38919.30,31496.95,32788.60,56661.08,34098.77,32880.42,35941.33,32926.86,40668.25,31495.33,36483.74,30764.37,33780.83,41226.65,38952.50,35328.43,30950.18,29783.03,39246.67,37066.37,37409.69,36205.87,39158.98,33753.21,31037.06,37937.53,29998.36,32778.49,34905.22,33562.02,38848.96,31912.81,31521.33,39708.89,31121.87,33660.27,32384.93,37592.08,31780.33,31899.25,34820.33,34954.68,36339.77,39161.66,30122.63,33736.57,31403.33,38951.46,39078.18,33201.40,37276.16,37468.80,39144.72,30464.36,35275.49,39882.36,38756.51,38842.45,32282.87,34448.80,36763.44,40004.04,35015.23,33390.95,34197.35,40251.21,43157.16,37800.41,31082.00,33532.50,38236.32,36935.96,32015.19,31775.27,45520.06,36696.04,36174.57,33513.79,30979.80,39030.48,38375.16,32601.77,34478.42,30342.79,36024.04,39473.42,35654.02
diabeteshealthindicators1_10000_4.csv,4,4, 38.5529,100.00,190421.10,190411.67,73.00,0.42,300.72,4.00,0.010000,2502.60,2487.80,2507.20,2502.40,obj,198172.70,193670.79,192477.58,191142.77,190580.08,190533.44,190538.36,190564.17,190496.44,190654.41,190517.96,190511.16,190845.32,190847.35,190821.38,190815.14,190890.21,191000.02,190983.59,190974.23,191141.94,191097.15,190942.27,190789.08,190848.34,190737.34,190662.54,190610.22,190714.36,190606.77,190578.10,190558.99,190704.65,190885.69,190698.65,190678.92,190754.00,190582.63,190621.63,190588.34,190558.92,190673.47,190667.06,190762.29,190861.32,190713.59,190759.27,190685.53,190608.57,190636.73,190518.10,190464.80,190569.16,190393.66,190593.24,190635.65,190501.33,190486.22,190602.92,190508.31,190647.68,190607.44,190465.68,190542.80,190488.48,190805.60,190606.78,190584.63,190730.12,190740.80,190741.12,190748.48,190617.25,190627.67,190633.54,190538.68,190595.61,190576.76,190544.23,190466.49,190504.77,190605.39,190729.23,190678.23,190655.77,190640.31,190695.86,190591.77,190647.62,190535.87,190405.89,190600.46,190499.69,190378.65,190417.88,190463.42,190361.36,190430.50,190407.76,190411.67
diabeteshealthindicators1_10000_4.csv,4,16, 30.5594,100.00,190432.94,190417.76,122.60,0.20,332.73,4.00,0.010000,2503.80,2487.60,2505.80,2502.80,obj,198178.07,193805.05,192429.04,191127.74,190598.38,190553.06,190572.93,190570.46,190486.40,190656.58,190501.86,190547.91,190844.49,190832.04,190807.41,190760.41,190863.91,190959.14,190903.03,190903.01,191091.99,191035.37,190893.96,190718.92,190781.35,190647.57,190588.55,190521.84,190666.34,190571.63,190530.43,190509.01,190620.24,190854.34,190647.07,190640.16,190689.80,190514.98,190581.03,190531.51,190533.37,190665.10,190663.10,190746.86,190873.50,190752.85,190781.01,190705.74,190625.09,190664.09,190544.00,190511.07,190575.36,190447.36,190602.40,190647.13,190504.43,190497.36,190602.55,190529.26,190658.40,190645.68,190483.74,190561.98,190492.47,190809.51,190630.92,190603.26,190713.98,190751.99,190760.00,190777.86,190641.29,190641.27,190630.25,190552.91,190599.54,190571.34,190551.34,190474.18,190523.43,190643.32,190746.68,190692.30,190660.61,190669.48,190723.33,190660.67,190715.31,190571.09,190438.13,190615.02,190471.01,190360.89,190402.39,190431.65,190343.70,190421.55,190399.77,190417.76
diabeteshealthindicators1_10000_4.csv,4,64, 30.2324,100.00,190465.35,190450.60,212.20,0.55,277.78,4.00,0.010000,2503.20,2487.80,2506.20,2502.80,obj,198208.59,193815.53,192621.23,191274.69,190691.63,190628.36,190591.54,190635.35,190565.08,190664.80,190527.05,190574.99,190878.35,190854.94,190805.22,190747.71,190872.85,190960.35,190915.76,190928.22,191150.87,191119.58,191015.08,190915.90,190972.56,190864.42,190753.21,190662.12,190759.38,190678.17,190613.51,190591.98,190707.99,190951.79,190741.91,190714.75,190752.49,190567.03,190636.28,190577.01,190563.38,190656.46,190629.52,190733.86,190861.01,190715.03,190777.89,190733.42,190680.09,190716.35,190607.70,190555.74,190641.84,190447.00,190641.02,190660.91,190500.85,190490.26,190610.54,190498.17,190645.65,190674.84,190518.68,190610.06,190510.02,190862.43,190646.23,190638.00,190752.34,190801.41,190805.64,190801.64,190670.06,190691.78,190718.86,190634.73,190656.80,190640.69,190610.50,190559.04,190611.03,190721.47,190828.45,190735.52,190716.37,190744.84,190799.36,190686.60,190786.55,190617.60,190470.15,190671.65,190558.19,190408.99,190461.31,190477.89,190409.03,190456.24,190469.53,190450.60
diabeteshealthindicators1_10000_4.csv,4,256, 24.2029,100.00,190580.57,190558.95,740.20,0.65,307.27,4.00,0.010000,2507.60,2490.80,2502.00,2499.60,obj,198385.24,194126.06,193339.11,192072.20,191099.34,190956.70,190839.21,190788.53,190722.87,190791.38,190559.26,190668.52,190981.00,190855.71,190742.84,190629.38,190708.79,190836.27,190869.28,190952.01,191074.17,191056.51,190934.57,190873.31,190918.51,190879.84,190839.58,190783.28,190961.55,190873.07,190872.99,190893.62,190929.48,191195.34,191020.94,191102.73,191240.80,191036.27,191109.86,190958.08,190874.42,191013.40,190939.73,190906.92,191026.35,190860.24,190898.46,190928.34,190888.69,190935.81,190866.75,190772.05,190830.22,190639.49,190746.57,190747.62,190640.13,190593.50,190710.99,190578.86,190727.87,190764.07,190635.84,190687.37,190621.62,190990.18,190805.88,190758.05,190833.14,190877.87,190870.06,190853.53,190762.94,190738.21,190757.44,190686.43,190813.02,190809.90,190797.84,190713.01,190700.56,190826.88,190890.22,190838.68,190779.85,190798.67,190859.71,190742.94,190828.25,190661.77,190555.73,190754.30,190618.80,190528.12,190537.64,190612.47,190528.85,190550.02,190626.83,190558.95
diabeteshealthindicators1_10000_4.csv,4,1024, 21.5609,100.00,205318.10,206989.46,308153.00,0.44,5119.16,4.00,0.010000,2649.60,2254.40,2504.80,2591.20,obj,200506.90,204846.37,205543.92,204772.39,202506.83,204538.75,207422.19,215025.09,211258.37,204881.47,217207.05,208008.02,206950.13,204929.37,206470.87,205014.27,206619.87,220598.00,210507.55,208259.98,216339.21,213116.39,210061.52,206684.02,209325.59,207386.46,215159.30,214057.76,212010.00,208062.53,219508.18,208577.97,208669.93,209111.20,208483.35,207228.58,209798.41,215391.32,211942.16,207328.58,215777.57,209919.10,209023.35,210180.78,207404.39,208011.86,213628.85,221940.03,212091.06,208689.96,219344.50,211047.15,205989.05,208650.84,213210.98,206227.93,208499.50,227850.50,209779.63,209641.24,217947.66,209402.47,204619.35,212264.59,213874.81,204080.34,208823.04,222333.38,213327.10,213862.81,225353.26,210808.95,205407.79,224438.06,211712.16,206857.40,208742.02,223628.99,208816.46,210609.88,220200.44,210774.67,204281.67,212248.57,212154.00,207965.05,207673.45,214688.01,207947.31,208104.49,213078.16,216894.21,206165.38,210401.99,210087.10,212130.98,210987.36,209842.85,212720.94,206989.46
NHANES_10000_4.csv,4,4, 4.5634,100.00,16174.54,16191.78,179.04,0.22,134.52,4.00,0.010000,570.80,573.40,567.40,566.40,obj,17546.86,16491.49,16257.39,16198.41,16322.43,16326.54,16335.54,16251.54,16171.18,16190.11,16189.99,16170.75,16206.34,16220.97,16151.36,16212.65,16125.60,16213.21,16151.78,16201.83,16241.18,16239.67,16189.82,16243.16,16281.55,16211.71,16208.82,16242.22,16214.55,16246.61,16245.04,16090.35,16206.16,16243.91,16193.30,16172.70,16184.75,16297.42,16193.70,16161.63,16176.25,16264.87,16152.95,16210.51,16257.21,16291.13,16212.49,16174.26,16224.15,16160.61,16175.77,16248.97,16182.62,16231.55,16202.46,16174.34,16178.65,16206.65,16171.79,16227.95,16224.27,16173.85,16139.30,16129.05,16128.63,16270.66,16244.75,16265.38,16260.18,16247.78,16202.86,16297.39,16197.97,16164.80,16144.22,16287.61,16256.12,16265.64,16268.32,16348.10,16343.69,16174.11,16217.42,16262.58,16149.97,16210.96,16208.28,16227.72,16218.86,16083.48,16210.05,16225.73,16294.68,16242.64,16207.30,16193.78,16198.96,16309.32,16247.55,16191.78
NHANES_10000_4.csv,4,16, 3.8925,100.00,16194.23,16215.97,277.57,0.24,108.12,4.00,0.010000,574.20,571.80,567.40,564.60,obj,17548.80,16515.09,16267.68,16187.18,16333.27,16346.20,16361.99,16330.56,16250.68,16303.59,16316.96,16283.14,16312.87,16291.69,16224.01,16284.40,16188.63,16203.25,16152.54,16167.75,16227.37,16194.63,16183.41,16232.01,16257.95,16217.37,16170.62,16279.23,16197.67,16277.41,16223.35,16092.44,16222.18,16229.50,16230.98,16165.57,16205.87,16280.01,16217.72,16190.88,16180.13,16271.13,16176.94,16206.22,16281.37,16298.94,16260.53,16190.57,16229.57,16163.57,16212.46,16220.77,16192.18,16264.99,16269.78,16202.49,16232.46,16197.02,16170.54,16220.07,16185.01,16187.75,16159.21,16154.25,16165.08,16312.83,16247.00,16249.26,16298.46,16229.13,16247.69,16265.46,16197.65,16168.21,16137.63,16276.98,16258.60,16285.46,16276.62,16383.24,16357.47,16181.30,16215.79,16271.12,16115.04,16196.04,16223.37,16234.12,16234.65,16128.13,16211.85,16256.98,16271.78,16237.28,16189.29,16186.20,16252.22,16301.65,16282.35,16215.97
NHANES_10000_4.csv,4,64, 3.4649,100.00,16169.29,16191.66,336.97,0.34,135.03,4.00,0.010000,571.80,573.00,568.20,565.00,obj,17575.11,16526.38,16263.01,16158.31,16296.01,16280.06,16275.79,16225.88,16156.03,16197.63,16188.17,16178.20,16209.25,16230.70,16138.64,16213.49,16134.69,16195.27,16148.00,16193.75,16239.77,16229.34,16188.04,16233.78,16282.74,16206.83,16211.20,16248.42,16216.36,16240.24,16247.74,16088.49,16200.56,16235.53,16195.73,16161.62,16195.88,16270.64,16204.99,16150.96,16188.08,16282.87,16150.47,16211.32,16255.58,16294.17,16202.00,16162.83,16228.68,16165.05,16183.12,16236.39,16194.50,16233.50,16219.79,16187.18,16203.50,16219.58,16180.34,16231.91,16224.72,16181.82,16149.91,16142.16,16143.17,16276.42,16252.14,16264.88,16251.12,16238.70,16200.88,16279.09,16192.98,16149.44,16139.92,16277.73,16243.12,16267.87,16264.58,16335.73,16334.94,16156.02,16197.83,16269.35,16144.37,16206.41,16224.07,16210.50,16232.65,16098.09,16212.80,16218.47,16277.37,16234.34,16185.08,16176.66,16189.09,16286.51,16230.88,16191.66
NHANES_10000_4.csv,4,256, 3.3876,100.00,16182.54,16203.30,318.93,0.18,123.01,4.00,0.010000,568.00,575.00,568.40,566.60,obj,17653.96,16870.37,16542.36,16441.36,16543.40,16326.27,16420.03,16330.48,16190.08,16185.72,16219.61,16180.52,16219.46,16234.14,16150.62,16226.27,16150.22,16204.10,16150.86,16185.96,16222.66,16213.66,16176.23,16233.23,16258.45,16186.36,16223.86,16259.85,16217.51,16229.05,16239.61,16107.42,16199.36,16219.10,16201.20,16150.37,16177.04,16308.77,16194.84,16160.21,16166.74,16259.32,16158.71,16225.94,16253.27,16283.86,16202.61,16184.39,16237.45,16161.94,16194.95,16259.87,16208.88,16254.03,16228.13,16178.45,16177.74,16220.73,16164.45,16230.10,16221.85,16197.46,16148.03,16135.89,16143.15,16276.57,16227.99,16254.19,16247.76,16234.54,16201.30,16281.91,16210.42,16159.62,16125.94,16291.83,16240.34,16249.94,16258.16,16323.59,16306.95,16166.24,16204.93,16273.28,16151.09,16190.03,16241.58,16225.35,16218.82,16093.01,16215.47,16213.53,16279.83,16243.97,16206.03,16174.94,16188.34,16285.66,16237.47,16203.30
NHANES_10000_4.csv,4,1024, 3.6086,100.00,19921.24,23174.67,257845.55,0.22,4547.44,4.00,0.010000,499.40,755.40,290.20,733.00,obj,18454.93,18701.05,20284.00,19462.81,22528.57,21615.00,19991.34,21964.96,20945.77,22239.32,20398.63,20918.86,22083.66,28558.91,24520.37,25133.44,22359.32,22131.26,26226.08,29768.01,21931.25,29450.67,23432.15,24213.84,21377.55,25627.15,27636.39,28546.78,25127.30,25630.80,27631.96,22627.34,23607.25,25288.87,22334.05,22403.90,22174.42,24234.86,22788.68,20301.53,24911.89,23625.46,23640.86,29873.19,25008.38,25121.27,30614.86,23917.65,24432.27,29320.48,28371.74,26483.48,28526.64,29129.53,24771.34,24046.20,27326.62,26013.13,20617.46,24044.02,24060.63,23465.06,25772.78,26518.76,22475.84,23193.60,24804.20,21204.41,20789.05,24197.93,22595.75,23540.65,24751.40,22291.03,21327.50,22182.06,25235.59,24295.44,23239.96,24283.52,20609.03,23915.02,23826.20,21173.85,24496.34,25907.20,24592.00,26542.76,21951.52,24999.19,28246.80,26224.07,24691.31,25101.77,26861.63,26356.38,20665.33,24129.72,24385.85,23174.67
NHANES_10000_4.csv,4,1024, 2.0972,100.00,19707.12,22636.39,184162.19,0.01,5473.05,4.00,0.010000,540.40,337.00,849.60,551.00,obj,23268.68,23167.46,23058.21,22053.13,22553.32,21835.61,27405.59,27852.83,25793.28,22518.28,25361.43,24929.02,26822.09,21009.87,26532.01,32266.85,23556.81,24993.38,25813.27,22027.40,24224.58,27315.73,24649.67,26272.02,25269.37,24794.38,24873.35,25288.98,30366.36,29510.66,24479.56,32053.72,32807.55,23938.33,22806.19,28434.82,24944.27,24427.96,28795.58,22315.27,24418.36,25387.29,22976.28,22098.01,26173.95,24820.04,25950.74,25757.08,24829.28,22118.40,24104.74,28613.76,24934.96,21032.51,25121.41,25157.12,23471.19,30523.49,28213.13,24204.83,26757.46,25906.96,23433.77,23759.50,28137.54,24622.15,24691.83,22749.11,28253.91,29965.43,24752.02,20636.88,25779.40,25041.94,24415.36,25171.00,22479.04,22771.33,22852.76,24198.74,24177.69,26927.97,26967.48,24739.90,29552.63,23181.29,20745.68,24703.08,23606.40,21961.39,26591.63,23649.19,20434.22,23807.69,24604.87,24153.65,23259.62,26338.73,23252.61,22636.39
NHANES_10000_4.csv,4,1024, 1.9587,100.00,16161.90,16149.82,3643.07,0.01,141.06,4.00,0.001000,569.60,557.80,567.00,583.60,obj,17185.01,16658.55,16658.03,16561.26,16623.08,16580.41,16552.21,16576.80,16523.69,16558.36,16506.87,16620.31,16465.87,16122.28,16111.48,16030.14,16096.05,16122.59,16176.95,16143.58,16021.20,16030.26,16077.94,16035.40,16131.29,16242.84,16189.04,16244.85,16132.33,16066.17,16086.95,16179.20,16128.47,16131.48,16231.42,16165.27,16115.85,16145.75,16246.42,16166.99,16209.88,16190.55,16149.06,16189.32,16184.46,16230.20,16067.04,15972.84,15977.41,15975.53,16033.14,15954.59,15902.41,15955.95,15958.26,15997.69,16112.76,16050.97,16092.62,16131.91,16179.35,16160.54,16104.84,16215.45,16151.89,16247.40,16152.20,16179.20,16104.90,16086.75,16189.78,16180.80,16251.40,16155.82,16164.74,16143.91,16185.06,16230.85,16196.15,16272.20,16155.85,16169.21,16041.10,15954.21,16008.10,16000.79,15911.85,15881.29,15961.66,15991.43,15939.24,16060.09,16122.24,15989.95,16094.13,16164.18,16100.05,16183.06,16240.63,16149.82
NHANES_10000_4.csv,4,4, 3.3149,100.00,16087.62,16052.59,6804.53,0.19,180.81,4.00,0.001000,557.80,577.60,569.80,572.80,obj,16430.46,16211.60,16365.01,16376.56,16409.93,16415.62,16307.92,16333.68,16263.75,16258.66,16252.36,16162.99,16155.96,16092.99,16041.24,16121.50,16092.86,16094.23,16012.58,16089.77,16087.05,16073.93,16032.97,16056.69,16099.82,16057.67,16056.86,16151.91,16047.18,16136.55,16098.22,15984.55,16140.21,16171.55,16085.81,16039.01,16060.73,16227.70,16157.82,16138.61,16204.33,16309.31,16223.96,16181.69,16178.38,16176.46,16049.34,16069.95,16103.41,16076.85,16064.75,16111.51,16015.72,16120.80,16101.23,16052.85,16037.87,16085.41,16075.52,16103.92,16138.27,16053.33,16031.80,15984.22,15964.07,16111.97,16083.12,16163.29,16209.52,16141.50,16132.73,16280.07,16238.54,16191.64,16135.63,16214.86,16124.00,16159.72,16197.98,16205.57,16178.26,16001.88,16045.69,16031.83,15950.97,16028.08,16078.35,16059.87,16041.05,15948.26,16036.09,16071.83,16130.35,16081.82,16143.12,16009.42,16029.79,16071.85,16029.07,16052.59
NHANES_10000_4.csv,4,16, 2.3939,100.00,16063.66,16018.80,7333.37,0.04,118.53,4.00,0.001000,570.20,573.80,571.20,562.80,obj,16430.91,16236.25,16391.37,16413.98,16448.40,16419.63,16345.69,16407.75,16342.34,16386.30,16429.43,16337.89,16313.98,16253.99,16157.43,16113.02,16062.28,16154.37,16079.62,16146.04,16172.46,16153.37,16064.96,16048.28,16046.12,16016.42,16038.88,16155.50,16047.94,16102.64,16054.93,15944.97,16113.65,16147.76,16077.74,16028.94,16041.90,16208.05,16112.18,16102.35,16138.81,16277.16,16192.26,16202.07,16231.69,16199.51,16077.34,16110.44,16189.89,16191.09,16156.04,16174.90,16106.37,16190.19,16103.75,16063.12,16030.52,16085.42,16064.13,16111.73,16126.83,16040.80,15978.60,15926.66,15897.77,16060.86,16030.03,16105.46,16166.60,16131.72,16096.32,16212.75,16161.83,16125.63,16171.50,16324.30,16241.12,16254.58,16230.84,16282.88,16196.14,16006.55,16066.23,16096.19,16020.19,16104.94,16169.15,16166.86,16173.45,15978.52,16064.62,16043.65,16104.63,15922.89,15942.71,15875.90,15957.83,16049.74,15983.16,16018.80
NHANES_10000_4.csv,4,64, 2.5448,100.00,16077.52,16033.52,7612.02,0.28,115.30,4.00,0.001000,572.80,570.00,573.40,561.80,obj,16421.80,16225.38,16372.85,16400.64,16450.62,16438.97,16343.72,16391.65,16341.99,16401.11,16451.51,16365.73,16330.81,16259.14,16186.17,16153.21,16059.81,16150.15,16074.56,16142.80,16166.01,16163.80,16062.81,16036.44,16031.11,16013.03,16045.46,16133.62,16045.64,16130.29,16048.67,15936.85,16112.44,16146.54,16070.82,16035.04,16042.23,16196.52,16105.61,16087.80,16121.36,16283.79,16203.95,16182.24,16206.83,16204.47,16101.69,16107.60,16169.89,16180.52,16140.98,16183.17,16110.60,16164.11,16099.16,16052.63,16011.09,16079.81,16076.29,16116.98,16100.99,16060.32,15982.60,15937.31,15894.23,16061.58,16018.31,16103.86,16178.65,16128.16,16071.71,16201.83,16163.32,16134.05,16172.96,16326.90,16241.12,16241.67,16221.58,16279.16,16199.12,16013.15,16075.82,16095.88,16014.08,16101.91,16171.69,16176.25,16109.50,15923.84,16040.66,16049.30,16120.21,15963.00,15960.52,15886.84,15971.16,16045.52,15984.39,16033.52
NHANES_10000_4.csv,4,256, 2.7717,100.00,16082.55,16010.53,18425.40,0.27,129.81,4.00,0.001000,584.00,579.80,573.40,540.80,obj,16454.68,16168.31,16341.71,16392.15,16457.91,16430.37,16323.50,16357.06,16281.47,16301.90,16290.38,16221.87,16228.77,16149.49,16089.64,16177.77,16116.03,16197.08,16153.34,16020.25,16050.70,16021.52,16038.36,16054.82,16108.93,16072.68,16107.20,16165.32,16061.76,16167.94,16076.72,15955.28,16100.85,16080.37,16144.24,16051.20,16024.36,16174.98,16099.33,16107.45,16159.62,16302.59,16215.49,16212.27,16276.31,16235.98,16155.11,16138.44,16216.00,16182.44,16124.72,16113.12,16053.44,16171.99,16132.85,16129.24,16066.90,16090.83,16108.63,16119.69,16134.86,16137.17,16082.50,16068.52,15963.36,16074.58,16041.84,16067.08,16112.49,16045.66,16111.86,16238.33,16198.20,16143.50,16187.26,16300.24,16225.53,16317.87,16230.70,16402.68,16289.89,16040.45,15979.74,15977.31,15953.71,16019.67,16170.90,16156.83,16144.17,16030.30,16158.04,16103.36,16225.07,16109.68,16056.68,16039.38,16026.09,15966.84,15939.97,16010.53
NHANES_10000_4.csv,4,1024, 2.7577,100.00,16121.11,16081.93,1776.23,0.13,113.69,4.00,0.001000,557.40,562.00,576.40,582.20,obj,16673.44,15848.88,16056.53,16119.11,16229.12,16312.40,16258.64,16326.93,16169.74,16175.51,16254.85,16183.75,16210.56,16131.13,16023.44,16018.60,15936.33,16054.63,16034.24,16104.79,16109.70,16109.88,16054.36,16054.61,16103.66,16047.02,16049.51,16186.92,16082.20,16188.24,16108.32,15963.99,16134.21,16095.57,16080.28,16086.84,16122.63,16247.68,16158.20,16176.29,16221.75,16348.11,16288.43,16217.91,16185.22,16257.01,16181.80,16085.71,16112.38,16010.94,15979.28,16051.87,16082.55,16157.21,16123.24,16117.16,16109.15,16118.19,16101.36,16159.22,16087.44,16104.44,16056.36,16044.89,16020.33,16191.52,16120.75,16178.44,16168.71,16081.67,16045.78,16179.12,16163.71,16111.85,16155.49,16241.18,16201.44,16282.29,16199.65,16244.38,16294.34,16107.13,16149.18,16108.39,15969.41,16006.51,16069.19,16063.36,16065.89,16019.09,16107.93,16113.49,16162.02,16176.24,16093.55,16044.46,16168.39,16130.83,16068.41,16081.93
athlete_10000_4.csv,4,4, 36.6074,100.00,25201.80,25194.45,1133.80,1.69,420.09,4.00,0.001000,2510.40,2473.20,2529.80,2486.60,obj,23350.25,23785.59,24033.79,24683.68,25809.49,25339.65,25411.06,25556.12,25198.20,25375.07,25459.84,25319.85,25332.67,25301.66,25217.36,25168.02,25188.27,25203.29,25295.21,25202.93,25242.30,25396.19,25220.32,25214.61,25103.74,25107.46,25276.87,25133.25,25170.62,25271.03,25376.10,25297.35,25080.54,25237.88,25292.65,25238.02,25310.89,25244.23,25073.64,25086.00,25084.07,25184.56,25060.60,25150.86,25231.57,25338.89,24975.90,25179.79,25281.38,25070.09,25202.48,25164.49,25082.61,25315.97,25105.83,25231.61,25208.53,25175.06,25268.19,25168.36,25289.07,25091.13,25064.22,25111.28,25092.87,25101.02,25120.78,25174.51,25265.72,25285.86,25236.45,25095.99,25172.87,25208.71,25214.26,25048.97,25242.17,25159.79,25225.96,25112.92,24965.62,25018.68,25159.58,25078.71,25170.17,25038.89,25227.45,25235.10,25210.30,25274.92,25198.97,25119.73,25233.83,25108.51,25210.13,25006.87,25150.83,25229.84,25167.56,25194.45
athlete_10000_4.csv,4,16, 28.3363,100.00,25203.66,25196.40,1228.20,0.63,417.73,4.00,0.001000,2511.00,2473.60,2529.60,2485.80,obj,23348.05,23775.13,24037.15,24668.85,25825.21,25321.65,25417.55,25558.23,25196.77,25379.77,25465.47,25317.78,25336.76,25296.70,25218.44,25167.93,25181.57,25203.60,25299.72,25200.82,25239.61,25394.94,25216.36,25217.32,25097.61,25102.01,25287.17,25127.52,25169.82,25269.19,25362.32,25285.42,25073.26,25222.14,25286.17,25232.05,25317.95,25247.45,25070.37,25079.19,25080.39,25175.99,25054.04,25143.91,25231.43,25341.40,24978.02,25181.01,25281.94,25066.79,25201.50,25175.56,25082.38,25309.05,25103.22,25226.41,25207.25,25176.74,25258.60,25169.03,25287.07,25081.13,25060.51,25110.97,25089.76,25098.45,25123.28,25173.27,25258.14,25286.32,25240.14,25101.59,25172.20,25210.98,25211.60,25046.04,25240.36,25158.80,25235.33,25114.88,24961.69,25018.12,25158.80,25079.40,25168.24,25037.21,25233.10,25239.29,25208.03,25276.81,25197.34,25119.75,25234.96,25101.80,25210.29,25012.10,25152.49,25225.85,25165.60,25196.40
athlete_10000_4.csv,4,64, 26.6325,100.00,25209.15,25200.43,1261.80,0.88,414.56,4.00,0.001000,2509.20,2474.40,2529.40,2487.00,obj,23346.15,23776.26,24037.32,24732.04,25790.42,25326.04,25423.10,25560.13,25198.19,25379.11,25468.94,25330.33,25322.84,25297.23,25216.60,25169.64,25189.97,25207.16,25300.31,25209.75,25235.17,25398.56,25218.96,25216.78,25098.28,25101.67,25283.55,25135.09,25172.39,25266.58,25355.29,25286.29,25076.90,25218.65,25285.87,25230.78,25320.85,25249.55,25077.22,25079.85,25077.57,25179.37,25057.73,25148.28,25222.13,25340.70,24977.92,25177.73,25290.53,25070.82,25202.17,25173.20,25081.10,25308.82,25101.84,25227.08,25210.15,25178.58,25262.17,25170.41,25288.17,25088.56,25062.37,25112.13,25093.35,25098.60,25116.24,25175.48,25265.03,25284.03,25245.00,25100.51,25165.23,25212.69,25210.22,25050.09,25234.78,25160.71,25226.46,25113.43,24962.23,25012.23,25158.54,25082.87,25172.37,25036.75,25235.04,25234.62,25203.39,25276.01,25200.77,25118.62,25231.61,25109.64,25206.62,25015.52,25149.41,25222.87,25162.90,25200.43
athlete_10000_4.csv,4,256, 17.9253,100.00,25205.74,25196.72,1673.00,1.00,398.64,4.00,0.001000,2510.40,2474.40,2530.80,2484.40,obj,23355.73,23776.38,24030.51,24627.78,25822.91,25306.91,25433.41,25561.14,25199.51,25388.03,25457.49,25319.85,25330.25,25295.80,25213.88,25176.47,25182.20,25206.50,25294.13,25218.62,25245.89,25396.10,25217.12,25216.45,25103.43,25103.11,25279.71,25128.34,25179.48,25265.37,25362.87,25288.65,25085.69,25228.35,25289.04,25223.39,25318.00,25245.79,25072.46,25076.92,25070.24,25176.37,25048.92,25154.18,25231.08,25343.81,24981.15,25176.80,25294.12,25065.12,25191.91,25177.12,25078.76,25315.78,25104.87,25223.66,25213.68,25185.52,25261.54,25163.90,25287.41,25088.26,25063.52,25111.94,25087.70,25100.63,25125.51,25177.45,25265.16,25284.87,25242.54,25098.65,25175.48,25207.39,25212.90,25044.39,25237.61,25152.58,25225.36,25110.27,24957.34,25009.05,25166.73,25077.97,25177.35,25037.15,25234.88,25232.10,25202.64,25283.63,25200.32,25113.15,25233.41,25094.37,25204.77,25012.66,25146.51,25223.91,25166.73,25196.72
athlete_10000_4.csv,4,1024, 13.0713,100.00,25437.88,25442.60,2265.00,0.74,153.77,4.00,0.001000,2517.40,2474.80,2503.00,2504.80,obj,23393.89,23778.56,24017.83,24523.73,25848.20,25410.64,25507.31,25720.77,25371.45,25614.05,25609.67,25521.65,25508.85,25478.64,25412.07,25428.82,25379.77,25366.58,25503.73,25398.14,25437.93,25572.20,25425.74,25347.40,25339.59,25213.27,25436.15,25358.90,25455.52,25547.25,25569.40,25449.73,25285.94,25395.96,25448.80,25394.16,25511.80,25482.93,25258.13,25242.62,25275.19,25374.54,25353.12,25344.38,25408.67,25514.63,25186.26,25324.76,25492.06,25274.48,25414.97,25383.38,25294.34,25461.10,25295.66,25382.10,25443.58,25364.02,25476.27,25292.40,25485.83,25340.52,25246.58,25292.92,25313.91,25277.13,25412.48,25422.75,25479.25,25472.60,25433.14,25266.92,25429.82,25469.94,25400.22,25261.25,25424.61,25351.93,25444.02,25368.99,25185.72,25301.54,25357.17,25358.67,25337.76,25217.97,25417.92,25402.34,25412.28,25437.05,25448.22,25374.29,25486.57,25260.13,25392.07,25243.72,25383.45,25508.01,25419.37,25442.60
census_10000_4.csv,4,4, 36.9064,100.00,31365.80,31363.73,1727.40,0.45,56.20,4.00,0.001000,2484.60,2498.60,2507.40,2509.40,obj,34005.42,31855.41,31592.91,31524.35,31415.05,31393.34,31380.50,31302.45,31408.50,31365.15,31367.24,31454.33,31388.82,31442.28,31400.87,31398.12,31397.46,31318.87,31335.54,31237.99,31230.73,31273.33,31249.02,31343.12,31254.56,31263.28,31307.18,31256.49,31274.63,31322.61,31356.10,31391.02,31324.72,31330.22,31427.47,31371.84,31402.10,31379.93,31355.42,31403.67,31273.73,31270.91,31266.19,31300.85,31286.87,31228.79,31261.98,31261.82,31256.55,31278.04,31256.68,31274.21,31231.41,31383.93,31335.50,31362.82,31349.40,31403.37,31453.79,31356.24,31424.88,31431.03,31380.11,31314.74,31379.06,31346.65,31341.17,31412.40,31377.83,31388.59,31438.06,31428.81,31388.49,31354.95,31277.83,31349.52,31343.53,31353.35,31444.39,31359.86,31409.96,31367.56,31376.74,31441.08,31349.51,31386.15,31421.25,31396.19,31391.06,31393.43,31406.33,31383.83,31352.94,31370.42,31354.76,31392.07,31372.35,31378.36,31289.82,31363.73
census_10000_4.csv,4,16, 29.0193,100.00,31346.44,31345.32,2045.80,0.57,69.91,4.00,0.001000,2483.00,2497.80,2506.60,2512.60,obj,34001.63,31866.93,31613.64,31549.53,31409.21,31406.32,31384.96,31311.15,31405.52,31342.29,31329.99,31394.50,31288.22,31333.70,31246.29,31272.82,31321.88,31250.28,31324.89,31247.71,31250.73,31303.05,31263.42,31365.82,31290.30,31295.61,31331.63,31320.06,31303.29,31374.75,31359.85,31390.64,31312.10,31246.55,31292.91,31236.58,31268.44,31218.49,31191.55,31314.55,31248.87,31299.06,31309.19,31329.89,31331.69,31301.75,31362.64,31340.02,31303.99,31316.55,31336.50,31380.21,31309.77,31482.83,31405.50,31434.82,31376.42,31393.15,31474.40,31377.98,31426.25,31437.38,31387.82,31334.15,31419.02,31373.79,31375.58,31417.31,31397.45,31404.77,31443.23,31442.94,31382.66,31365.37,31262.47,31359.19,31336.95,31373.55,31478.17,31330.27,31423.97,31376.64,31355.59,31456.64,31376.17,31395.15,31415.70,31345.14,31405.92,31401.52,31437.83,31378.53,31343.68,31357.87,31378.91,31365.57,31389.88,31354.54,31271.42,31345.32
census_10000_4.csv,4,64, 27.3150,100.00,31350.35,31349.27,2052.20,0.31,74.23,4.00,0.001000,2484.00,2497.20,2506.20,2512.60,obj,34033.13,31874.79,31622.48,31570.18,31426.46,31424.73,31395.62,31318.34,31417.41,31355.52,31353.92,31430.23,31323.64,31357.99,31267.56,31269.59,31327.63,31243.09,31314.65,31246.15,31247.32,31290.22,31252.29,31348.92,31276.19,31280.61,31325.89,31288.49,31286.28,31356.58,31349.42,31392.64,31315.82,31253.20,31304.44,31244.56,31264.96,31217.98,31191.81,31307.11,31245.67,31283.16,31305.89,31315.03,31309.84,31271.98,31314.64,31295.64,31257.25,31285.41,31303.14,31361.20,31289.79,31461.67,31393.74,31437.07,31369.00,31396.43,31468.35,31377.22,31431.46,31441.54,31393.24,31337.90,31414.44,31373.05,31371.14,31424.23,31400.18,31410.73,31443.40,31442.27,31372.03,31366.61,31263.24,31350.81,31335.19,31368.53,31471.08,31330.82,31417.68,31378.39,31358.64,31460.99,31384.06,31390.41,31414.50,31334.68,31392.66,31395.92,31424.66,31375.19,31342.27,31356.30,31380.79,31373.61,31388.59,31361.78,31271.78,31349.27
census_10000_4.csv,4,256, 17.5619,100.00,31348.45,31348.12,2487.40,0.28,67.04,4.00,0.001000,2485.00,2493.60,2508.20,2513.20,obj,34085.38,31950.16,31681.56,31664.57,31452.72,31427.60,31400.11,31307.72,31408.06,31312.90,31267.23,31308.77,31234.87,31265.92,31237.19,31279.08,31331.19,31271.65,31342.74,31246.91,31276.46,31322.82,31275.74,31377.75,31301.00,31308.48,31352.58,31340.44,31305.26,31379.35,31358.63,31386.59,31323.12,31253.75,31307.37,31257.75,31268.22,31215.31,31176.90,31308.64,31247.18,31278.04,31295.22,31303.27,31298.63,31267.05,31307.81,31275.73,31242.98,31281.09,31309.96,31360.78,31290.49,31467.50,31401.07,31436.67,31372.18,31397.71,31466.79,31385.89,31425.94,31435.84,31392.51,31337.01,31414.89,31378.61,31369.79,31416.17,31404.04,31403.80,31443.70,31440.92,31376.20,31364.11,31256.02,31353.80,31336.03,31370.99,31468.37,31336.20,31421.11,31373.00,31345.56,31448.47,31372.65,31390.30,31414.66,31341.72,31385.52,31394.29,31424.34,31372.96,31344.60,31351.78,31386.46,31370.22,31383.75,31361.38,31274.27,31348.12
census_10000_4.csv,4,1024, 12.3914,100.00,31344.79,31345.15,2786.60,0.62,65.74,4.00,0.001000,2488.20,2491.80,2509.40,2510.60,obj,34307.75,32237.66,31833.16,31798.76,31590.15,31429.76,31372.60,31272.81,31308.17,31256.24,31214.08,31258.99,31190.57,31242.63,31201.54,31261.19,31306.65,31267.29,31328.33,31246.55,31259.15,31309.76,31271.45,31355.13,31293.38,31293.71,31346.40,31325.60,31309.13,31384.07,31352.65,31390.89,31341.55,31296.55,31363.80,31299.97,31290.72,31265.49,31175.08,31295.86,31227.17,31258.15,31277.45,31292.88,31289.82,31250.33,31281.47,31269.16,31220.75,31268.63,31283.53,31326.26,31270.88,31438.21,31380.33,31424.53,31360.97,31390.10,31469.58,31372.16,31425.37,31436.86,31383.39,31343.56,31407.04,31364.88,31374.19,31415.87,31385.66,31394.40,31446.10,31438.94,31374.09,31362.26,31256.61,31357.21,31340.83,31369.85,31469.13,31338.26,31409.74,31361.10,31333.45,31446.01,31381.95,31384.83,31403.04,31346.95,31400.10,31391.29,31435.28,31366.63,31341.28,31364.32,31387.15,31369.07,31387.09,31365.54,31279.48,31345.15
Spanish_10000_4.csv,4,4, 15.4799,100.00,17858.49,17846.83,2575.59,0.12,230.61,4.00,0.001000,1180.60,1187.20,1184.60,1193.60,obj,18988.48,17978.31,17647.45,17579.08,17744.88,17697.10,17753.68,17679.20,17621.39,17755.14,17797.42,17638.00,17654.68,17704.43,17765.25,17749.62,17719.33,17741.53,17747.36,17741.63,17814.20,17905.06,17945.05,17880.99,17833.34,17784.86,17823.90,17875.49,17844.99,17878.88,17976.91,17868.05,17800.15,17928.00,17904.59,17821.26,17931.31,17958.18,17927.46,17863.04,17887.21,17975.08,17893.41,17857.14,17876.01,17951.62,17839.84,17804.32,17889.30,17848.39,17898.05,17855.95,17847.28,17935.94,17878.23,17953.44,17817.53,17920.55,17887.61,17877.22,17929.79,17970.14,17979.27,17955.69,17903.32,17932.54,17920.89,17938.08,18016.28,17913.26,17883.62,17830.37,17828.96,17844.93,17879.27,17872.47,17912.05,17858.00,17883.91,17967.36,17828.84,17848.96,17813.41,17812.64,17861.93,17895.16,17857.08,17860.24,17780.52,17906.59,17855.47,17889.26,17957.52,17867.37,17896.05,17918.63,17886.24,17895.78,17897.80,17846.83
Spanish_10000_4.csv,4,16, 13.7525,100.00,17844.82,17830.55,2252.68,0.18,217.75,4.00,0.001000,1165.80,1187.60,1197.20,1195.40,obj,18992.60,17979.83,17650.14,17583.34,17738.50,17694.26,17755.12,17670.92,17626.34,17763.37,17785.48,17624.91,17656.76,17702.83,17767.09,17746.66,17721.28,17740.81,17743.25,17732.53,17824.12,17917.44,17954.56,17897.87,17858.30,17819.01,17856.98,17919.95,17900.13,17937.10,18035.83,17914.10,17841.99,17947.85,17917.27,17859.80,17951.46,17959.65,17927.93,17865.83,17886.91,17971.98,17896.11,17848.69,17857.78,17944.71,17841.73,17805.73,17883.92,17837.92,17902.11,17854.85,17846.70,17931.80,17878.32,17949.83,17816.59,17948.18,17887.52,17884.25,17942.92,17977.33,17983.76,17969.04,17902.18,17934.46,17923.61,17930.25,18021.24,17907.04,17881.31,17828.75,17832.61,17848.41,17878.06,17876.12,17926.09,17850.31,17887.57,17967.10,17833.32,17850.48,17814.18,17812.43,17863.93,17899.58,17858.74,17859.11,17776.47,17905.38,17847.67,17891.87,17969.86,17875.98,17895.15,17918.06,17887.24,17885.50,17902.65,17830.55
Spanish_10000_4.csv,4,64, 10.7582,100.00,17842.20,17837.71,1298.81,0.25,214.43,4.00,0.001000,1180.80,1190.40,1190.20,1184.60,obj,18994.76,17894.66,17719.41,17688.69,17809.68,17774.57,17865.61,17752.85,17732.82,17803.19,17858.95,17717.54,17724.48,17742.72,17800.23,17797.22,17764.92,17830.53,17752.28,17757.20,17873.23,17927.27,17967.74,17925.81,17966.09,17935.85,17899.66,18004.26,18011.44,18029.11,18099.12,17991.15,17960.48,18062.65,17998.01,17882.49,17936.22,17961.35,18014.14,17912.96,17932.82,18012.00,17930.44,17918.39,18016.02,18050.80,17915.92,17910.91,17955.46,17978.08,17908.66,17898.32,17903.92,18013.56,17937.31,17969.10,17883.80,18002.21,17965.13,17912.63,18001.82,18029.66,18056.15,17985.68,17909.79,17909.64,17933.17,17974.72,18047.10,17934.53,17969.54,17882.29,17872.52,17922.55,17953.86,17965.70,17953.47,17923.78,17935.84,17956.20,17915.17,17939.52,17875.54,17888.78,17894.34,17929.67,17922.42,17934.24,17846.51,17919.24,17865.71,17855.44,17953.14,17862.84,17864.64,17859.27,17847.15,17883.96,17897.88,17837.71
Spanish_10000_4.csv,4,256, 5.8864,100.00,17890.42,17889.80,1546.53,0.34,206.05,4.00,0.001000,1185.60,1182.40,1180.60,1197.40,obj,19070.43,17991.38,17619.76,17580.53,17730.66,17753.93,17839.87,17751.32,17681.43,17745.90,17812.46,17670.84,17677.28,17726.21,17793.05,17784.48,17824.06,17822.82,17730.84,17673.28,17820.76,17889.76,17946.73,17899.41,17958.07,17931.64,17920.36,18021.51,17984.59,17956.81,18037.62,17947.30,17893.85,18023.58,17971.10,17852.36,17930.58,17963.53,18001.38,17916.09,17961.87,18031.32,17928.06,17904.76,17994.72,18048.89,17991.34,17935.43,17965.22,17962.06,17856.36,17881.08,17901.40,17964.19,17888.84,17948.34,17878.08,17971.20,17955.85,17911.81,17979.51,18019.05,18058.50,18002.27,17923.66,17906.88,17920.03,17978.14,18034.37,17956.19,17963.41,17879.76,17834.50,17864.53,17924.11,17946.44,17924.61,17919.12,17938.05,17978.66,17893.52,17926.87,17915.62,17940.78,17923.56,17934.71,17944.89,17924.39,17847.59,17939.24,17881.39,17884.40,17985.25,17891.48,17965.20,17947.06,17935.28,17969.16,17957.36,17889.80
Spanish_10000_4.csv,4,1024, 5.6543,100.00,17847.30,17832.51,5142.47,0.23,250.62,4.00,0.001000,1196.00,1180.20,1192.40,1177.40,obj,19321.86,18199.47,17814.79,17660.88,17755.24,17706.66,17775.47,17776.64,17758.28,17826.13,17826.64,17749.85,17723.09,17720.29,17742.00,17729.99,17839.15,17803.01,17810.48,17768.39,17804.08,17802.04,17750.66,17747.72,17835.35,17750.02,17847.46,17852.55,17870.22,17827.99,17921.39,17831.65,17735.61,17825.78,17803.83,17672.59,17855.15,17849.88,17889.47,17758.62,17780.72,17839.81,17807.77,17837.32,17821.52,17911.96,17786.34,17779.45,17840.93,17838.53,17830.09,17840.83,17795.23,17840.02,17812.62,17863.84,17758.88,17875.10,17850.04,17803.16,17868.47,17884.16,17864.06,17854.78,17828.38,17796.06,17787.18,17835.84,17851.14,17808.32,17805.40,17825.93,17830.82,17790.20,17808.69,17797.79,17854.31,17806.51,17804.96,17840.09,17781.15,17853.88,17830.47,17855.24,17863.04,17887.00,17861.25,17845.33,17720.36,17896.51,17797.96,17778.87,17822.48,17777.59,17853.80,17857.20,17870.79,17889.63,17874.46,17832.51
student_10000_4.csv,4,4, 35.4898,100.00,14875.11,14870.44,175.40,0.23,211.37,4.00,0.001000,2500.60,2502.40,2500.20,2496.80,obj,16789.83,14210.06,14352.24,14952.63,14720.65,14858.39,14785.75,14804.07,14867.12,14907.37,14816.78,14834.87,14920.97,14858.27,14856.13,14867.09,14884.19,14899.55,14811.29,14864.60,14827.51,14800.70,14941.04,14792.14,14924.29,14846.10,14843.14,14835.76,14781.60,14930.52,14902.25,14766.82,14891.12,14798.65,14780.52,14856.92,14870.63,14884.75,14862.04,14897.05,14926.91,14921.15,14925.57,14887.19,14864.35,14894.96,14896.79,14948.14,15022.34,15035.87,15061.59,15103.04,15097.23,15044.53,15025.75,15074.93,15028.39,15040.92,15012.60,15099.57,14862.40,15018.73,14884.14,15002.89,14918.18,14926.70,14910.51,14921.94,14972.96,14970.09,14987.09,14923.57,14865.30,14919.06,14967.63,14813.65,14890.96,14864.72,14954.64,14988.51,14984.02,14888.03,14934.14,14924.07,14942.89,15061.55,14932.71,14987.70,14931.83,14948.00,14965.32,14916.28,14991.37,14904.65,14962.00,14934.19,14903.45,14954.14,14938.72,14870.44
student_10000_4.csv,4,16, 28.9461,100.00,14935.39,14929.34,239.40,0.38,221.57,4.00,0.001000,2499.40,2502.40,2501.40,2496.80,obj,16792.70,14214.79,14357.47,14971.83,14705.78,14868.00,14796.07,14795.13,14846.52,14863.98,14770.62,14780.69,14853.80,14814.22,14857.87,14869.06,14853.85,14908.02,14798.12,14841.01,14790.01,14803.59,14931.65,14807.49,14943.54,14847.46,14849.84,14841.17,14793.41,14929.86,14896.88,14771.59,14898.87,14796.71,14796.15,14858.29,14862.36,14876.37,14863.70,14902.88,14928.25,14921.69,14914.30,14897.38,14850.71,14891.75,14895.63,14937.39,15027.72,15031.82,15052.75,15097.64,15088.40,15043.72,15029.60,15067.91,15031.35,15045.23,15015.01,15088.39,14886.01,15071.95,14974.75,15055.21,14951.38,14987.42,14971.01,14971.66,15034.51,15036.68,15046.69,14983.87,14951.02,14957.62,14965.49,14805.37,14902.06,14857.64,14956.56,14992.25,14968.01,14890.23,14937.52,14934.69,14940.68,15055.19,14929.90,14974.38,14917.86,14928.34,14959.23,14900.04,14999.26,14909.68,14966.24,14934.84,14895.98,14955.29,14977.95,14929.34
student_10000_4.csv,4,64, 24.0716,100.00,14910.50,14914.59,797.80,3.54,193.39,4.00,0.001000,2503.80,2501.80,2495.00,2499.40,obj,16783.97,14282.93,14389.55,14929.90,14675.99,14850.50,14788.40,14806.52,14844.21,14856.66,14770.54,14802.53,14865.77,14787.36,14843.69,14863.29,14846.88,14908.66,14792.53,14843.24,14807.46,14793.49,14933.12,14780.26,14925.89,14832.34,14839.46,14834.97,14760.75,14937.95,14868.19,14756.18,14897.31,14824.73,14787.05,14866.57,14882.07,14879.80,14859.83,14899.37,14937.07,14910.42,14942.75,14892.49,14864.56,14886.73,14888.38,14960.79,15019.90,15050.91,15035.39,15099.75,15123.55,15097.44,15104.63,15139.90,15098.76,15095.67,15081.39,15139.34,14928.55,15071.53,14932.24,15048.95,15000.55,15016.28,15035.03,15022.12,15002.07,15044.60,15021.17,14966.09,14923.73,14981.21,15019.93,14838.62,14857.35,14827.85,14909.77,14918.54,14943.32,14837.90,14884.33,14915.73,14939.24,15062.61,14949.56,14984.12,14917.69,14917.77,14962.60,14895.30,14979.85,14880.70,14969.02,14926.18,14893.12,14951.44,14940.59,14914.59
student_10000_4.csv,4,256, 15.7362,100.00,14948.51,14942.59,7893.80,0.66,169.36,4.00,0.001000,2512.60,2488.80,2514.20,2484.40,obj,16834.01,14377.75,14497.65,14959.53,14630.88,14800.98,14757.17,14787.83,14816.66,14878.52,14774.05,14802.76,14895.43,14847.91,14901.54,14922.47,14868.67,14908.34,14818.75,14805.07,14876.12,14838.94,14902.73,14868.67,14877.84,14920.20,14915.61,14859.33,14803.67,15020.35,14901.12,14849.48,14944.96,14891.89,14864.93,14977.60,14915.87,14963.56,15020.86,14949.03,15007.23,14963.61,14952.96,14986.00,14911.53,15000.15,14987.07,14999.78,15035.25,15045.92,15024.84,15066.27,15083.02,15010.43,15054.44,15074.22,15002.89,15017.27,15032.85,15028.38,14873.34,15042.02,14939.31,15034.21,14969.43,15046.00,14988.21,15021.79,15035.74,15031.35,15041.45,15058.96,14939.67,15029.14,14975.35,14910.62,14950.21,14903.38,15015.31,14980.76,15002.20,14927.49,14966.87,14921.77,14988.46,15028.88,14963.74,14983.59,14901.80,14983.59,14914.36,14957.42,15002.60,14940.27,15041.82,15021.16,14959.71,15033.57,15120.61,14942.59
student_10000_4.csv,4,1024, 11.9993,100.00,14892.30,15236.36,95735.40,0.27,448.59,4.00,0.001000,2425.80,2451.80,2513.60,2608.80,obj,16962.10,15210.07,15189.06,14111.89,14622.94,14836.37,14724.51,14960.37,15196.68,15237.72,15226.65,15017.07,14789.68,14733.83,15096.67,15035.19,15070.90,15233.59,15391.95,15287.18,15257.59,15116.48,14877.71,14877.24,14932.25,15069.20,15248.64,15233.04,15100.60,15403.44,15161.69,14915.46,14946.13,14979.66,15035.27,15008.59,15116.93,15103.75,15281.10,15385.72,15088.16,14894.87,14873.34,14912.22,14946.21,14908.01,15262.50,15216.08,15311.88,15221.22,15030.97,14868.94,14988.89,15098.74,15208.09,15009.64,15159.90,15029.54,15180.22,15084.02,15070.20,15006.09,15018.69,15062.96,14992.71,15120.63,15083.09,15257.18,15122.74,15165.74,15182.59,15102.43,15128.62,15049.46,15059.63,14867.44,15096.50,15255.35,15245.78,15031.21,15257.13,15265.70,14889.26,14919.02,15170.29,15185.71,15136.19,15271.08,15511.33,15102.29,15148.49,15015.19,15205.26,15143.51,15176.16,15260.83,15084.98,15225.87,15166.21,15236.36
pricerunner_10000_4.csv,4,4, 34.2212,100.00,25114.33,25071.82,7890.60,1.08,749.50,4.00,0.001000,2487.80,2458.80,2526.80,2526.60,obj,22394.51,22730.76,22710.22,23880.08,24200.69,24171.50,24596.62,24687.63,24623.30,24741.56,24893.99,25183.80,25132.33,25132.98,25434.29,25274.31,25239.59,25125.11,25235.56,25358.91,25176.93,25268.77,25189.11,25182.89,25221.21,25177.12,25213.89,25132.92,25129.95,25247.34,25225.10,25151.15,25213.74,25386.07,25010.27,25409.20,25228.06,25043.80,25330.55,25216.37,25168.39,25174.64,25231.63,25411.00,25036.77,25198.85,24923.65,25269.12,25047.45,25268.15,25225.87,25059.53,25338.86,24985.08,25348.56,25195.76,25110.19,25333.82,25261.34,25097.16,25211.46,25216.69,25068.81,25320.84,25000.58,25345.17,25101.99,25427.79,25073.92,25171.12,25185.26,25309.69,25085.95,25085.55,25194.20,25262.06,25020.50,25363.02,25390.34,24990.35,25516.79,25022.55,25268.59,25270.03,25198.10,25175.44,25307.09,25117.09,25022.69,25097.84,25241.44,25299.56,25268.61,25192.41,25236.20,25252.54,25066.59,25468.87,25019.76,25071.82
pricerunner_10000_4.csv,4,16, 27.2248,100.00,25116.19,25073.76,8081.00,0.41,749.64,4.00,0.001000,2488.80,2457.80,2526.40,2527.00,obj,22393.39,22724.97,22715.99,23891.51,24200.29,24166.08,24594.64,24699.01,24608.22,24745.10,24898.78,25198.63,25132.44,25132.26,25433.66,25263.05,25237.15,25124.19,25240.84,25356.15,25178.06,25284.26,25187.70,25177.04,25222.00,25177.43,25224.46,25120.89,25136.13,25241.34,25225.83,25151.18,25212.30,25386.35,25012.27,25416.74,25230.86,25053.14,25327.72,25220.78,25167.99,25176.41,25230.09,25409.89,25033.88,25197.39,24919.96,25268.97,25055.35,25270.34,25218.44,25062.60,25337.49,24990.54,25340.47,25193.26,25115.75,25328.61,25263.42,25099.63,25209.53,25218.22,25066.00,25323.16,24997.68,25339.84,25100.89,25424.84,25073.98,25170.37,25184.99,25303.19,25095.05,25083.36,25196.12,25256.70,25024.17,25349.99,25392.07,24997.23,25513.78,25020.75,25275.31,25266.27,25198.21,25182.20,25300.77,25112.69,25020.76,25096.95,25243.41,25293.64,25268.25,25189.20,25238.18,25253.19,25071.44,25467.28,25022.99,25073.76
pricerunner_10000_4.csv,4,64, 25.7159,100.00,25116.51,25082.41,7748.20,0.24,747.31,4.00,0.001000,2487.60,2459.40,2528.20,2524.80,obj,22422.12,22801.15,22712.50,23193.28,23735.85,23998.98,24531.21,24669.34,24636.51,24773.26,24893.60,25196.93,25115.71,25146.56,25418.61,25261.45,25223.02,25126.45,25256.78,25362.74,25179.94,25293.57,25183.47,25180.36,25221.43,25181.49,25222.29,25122.70,25120.45,25246.66,25228.55,25156.93,25216.82,25376.97,25019.30,25411.13,25234.65,25048.40,25346.60,25220.15,25160.33,25175.48,25233.44,25409.43,25037.11,25204.04,24926.21,25265.14,25057.57,25257.81,25218.25,25069.76,25337.04,24996.18,25338.61,25200.50,25097.58,25340.43,25275.90,25099.49,25213.22,25216.69,25062.97,25324.53,24996.84,25348.85,25097.03,25421.80,25073.05,25165.82,25189.59,25309.54,25093.35,25078.52,25203.21,25257.44,25027.36,25349.00,25384.28,24994.43,25513.28,25020.49,25276.24,25265.35,25201.46,25171.76,25302.80,25123.12,25026.04,25094.20,25239.03,25285.40,25276.18,25189.21,25231.70,25253.70,25065.90,25480.89,25006.54,25082.41
pricerunner_10000_4.csv,4,256, 17.0727,100.00,25123.55,25083.94,7921.00,1.08,750.40,4.00,0.001000,2485.40,2461.80,2526.20,2526.60,obj,22445.91,22832.81,22708.01,23185.60,23593.74,23981.81,24489.02,24613.55,24617.38,24732.98,24901.81,25222.72,25125.14,25145.22,25427.62,25263.23,25222.96,25133.29,25257.16,25360.08,25178.65,25274.85,25169.98,25187.33,25234.04,25169.85,25223.58,25121.95,25120.21,25233.79,25215.40,25164.30,25226.03,25393.57,25005.89,25398.11,25248.43,25049.32,25343.82,25216.31,25170.12,25178.30,25234.25,25411.92,25029.85,25205.60,24914.22,25278.77,25064.93,25259.44,25205.75,25069.23,25333.21,24997.08,25347.31,25205.84,25096.60,25341.07,25287.34,25101.88,25212.81,25209.81,25065.83,25323.48,24997.13,25344.36,25098.03,25437.68,25068.48,25176.74,25178.11,25299.60,25097.74,25067.82,25209.14,25256.34,25012.97,25358.38,25364.57,24983.03,25524.80,25013.60,25280.99,25269.16,25205.88,25148.65,25319.16,25105.83,25021.27,25097.65,25234.61,25306.51,25266.77,25182.58,25232.20,25250.25,25065.70,25470.55,25013.85,25083.94
pricerunner_10000_4.csv,4,1024, 12.4704,100.00,25134.64,25106.37,9530.60,0.95,742.98,4.00,0.001000,2488.40,2457.60,2528.40,2525.60,obj,22586.80,22975.10,22804.70,23177.79,23096.91,22824.85,23286.49,23594.36,24274.61,24453.07,24754.42,24923.32,24796.86,24895.61,25223.79,25169.99,25227.56,25173.77,25235.23,25357.26,25200.35,25309.91,25160.72,25210.11,25232.10,25168.67,25258.03,25130.03,25110.01,25244.67,25199.32,25194.24,25197.56,25394.71,25007.30,25368.21,25235.13,25039.90,25331.98,25221.12,25159.17,25153.90,25263.86,25400.83,25046.73,25233.29,24904.47,25261.13,25064.14,25258.50,25226.35,25076.47,25322.91,25007.21,25340.08,25212.34,25094.43,25337.80,25274.87,25105.90,25210.94,25216.08,25085.23,25324.50,24984.55,25377.10,25071.23,25454.29,25078.17,25193.66,25205.51,25292.32,25112.78,25072.59,25208.12,25271.07,24985.86,25353.61,25355.48,24997.80,25519.09,25018.05,25288.29,25273.31,25198.32,25138.63,25344.84,25110.87,25006.51,25123.88,25228.75,25289.50,25292.07,25185.26,25236.13,25277.78,25053.45,25486.51,25020.15,25106.37
cohort_10000_4.csv,4,4, 36.0687,100.00,20214.07,20223.48,9093.80,0.70,94.81,4.00,0.001000,2484.40,2483.40,2501.20,2531.00,obj,24383.41,18992.50,19096.34,19712.64,19908.47,19996.93,19962.95,19948.54,19916.30,19843.44,19897.62,19914.84,19995.07,19994.18,19853.83,19960.15,19994.65,19828.35,19818.03,19761.72,19756.30,19923.56,19816.41,20088.19,19826.54,19689.82,19869.22,19796.77,19748.35,19973.11,20054.57,20010.81,20265.64,20271.02,20089.57,20128.38,20097.11,20103.86,20204.94,20226.88,20178.51,20219.23,20304.32,20292.14,20251.90,20237.90,20301.42,20324.85,20265.62,20120.47,20310.94,20366.07,20438.12,20286.67,20363.68,20328.28,20440.97,20325.63,20445.25,20430.58,20495.64,20536.15,20414.23,20416.08,20364.95,20446.22,20373.51,20291.24,20348.88,20314.45,20244.96,20314.78,20173.98,20343.64,20320.32,20318.79,20401.56,20332.35,20337.52,20281.99,20273.53,20303.55,20231.33,20257.83,20218.24,20227.42,20212.22,20282.91,20188.65,20263.75,20214.12,20214.16,20133.67,20300.40,20242.23,20250.26,20288.97,20225.84,20228.83,20223.48
cohort_10000_4.csv,4,16, 28.0466,100.00,20239.50,20238.48,16701.80,0.61,101.02,4.00,0.001000,2453.40,2503.80,2498.40,2544.40,obj,24389.88,18999.30,19391.83,19674.07,19893.99,20026.24,19977.96,19921.25,19940.50,19723.85,19768.18,19816.49,19895.54,19920.98,19807.03,19978.03,19948.38,20005.29,19942.89,19848.97,19869.06,19986.85,19827.07,20099.68,20073.93,20036.83,19955.10,19869.82,19811.48,20005.22,20102.49,20039.35,20109.24,20076.26,20077.03,20111.09,20107.74,20055.89,20134.27,20117.95,20133.62,20128.35,20107.83,20199.65,20181.00,20272.87,20048.85,20137.30,20131.47,20064.16,20275.68,20177.42,20248.44,20297.76,20311.60,20234.54,20347.28,20250.32,20330.06,20348.90,20344.20,20439.92,20406.47,20381.09,20196.59,20374.52,20230.81,20439.32,20360.80,20315.68,20256.39,20381.78,20271.25,20433.44,20441.92,20427.64,20492.09,20421.79,20423.98,20378.31,20307.52,20382.63,20361.97,20371.82,20322.34,20349.80,20336.05,20377.46,20273.61,20333.71,20332.32,20287.96,20255.66,20390.18,20342.55,20361.71,20381.35,20328.23,20342.60,20238.48
cohort_10000_4.csv,4,64, 27.2915,100.00,20353.66,20394.35,12097.00,0.48,164.00,4.00,0.001000,2489.20,2498.80,2481.00,2531.00,obj,24387.47,18991.08,19068.83,19732.40,19932.42,20061.63,20044.47,19910.60,20067.17,19840.16,19886.44,19961.53,20007.86,19834.41,19746.08,19905.55,19838.20,19894.40,19852.68,19733.66,19733.34,19885.56,19800.02,19855.51,20120.50,19915.90,20141.50,20076.81,19794.52,19952.89,20014.70,20028.60,20131.07,20149.78,20186.04,20201.03,20233.75,20147.54,20239.88,20247.10,20237.87,20229.83,20234.53,20296.52,20359.47,20369.69,20077.32,20138.57,20301.89,20167.89,20336.60,20295.87,20308.63,20418.30,20435.97,20328.78,20416.20,20405.00,20433.13,20470.61,20468.10,20585.99,20410.04,20422.72,20361.40,20527.25,20320.12,20457.11,20508.15,20375.62,20354.16,20401.62,20234.45,20397.40,20461.18,20458.32,20456.30,20432.92,20406.57,20368.98,20384.60,20406.69,20445.36,20502.47,20422.03,20386.87,20327.34,20369.99,20456.92,20486.37,20401.92,20281.11,20292.81,20496.40,20428.77,20436.15,20451.73,20382.03,20352.02,20394.35
cohort_10000_4.csv,4,256, 16.0674,100.00,20247.97,20293.83,20196.20,1.36,256.29,4.00,0.001000,2476.00,2485.60,2480.00,2558.40,obj,24353.40,18936.50,19429.07,19660.28,20029.05,20029.03,19989.54,19935.30,20033.72,19879.02,19805.90,20000.43,19927.12,20002.84,19730.02,19947.43,19806.15,19934.33,19847.63,19761.29,19821.95,19836.53,19802.79,19901.82,20094.69,19977.13,19820.47,20152.89,19896.96,19897.06,19971.87,20039.02,20145.92,20103.02,20179.24,20152.21,20126.32,20064.22,20149.41,20218.01,20220.07,20252.52,20277.11,20435.69,20229.03,20111.55,20202.50,20375.22,20275.81,20082.97,20370.29,20311.16,20431.12,20356.67,20369.96,20342.63,20252.46,20348.46,20280.41,20351.44,20379.03,20452.92,20245.51,20331.32,20322.86,20346.48,20255.73,20229.58,20416.75,20262.98,20318.01,20399.91,20199.84,20299.43,20330.84,20388.35,20356.78,20380.95,20341.55,20275.84,20328.22,20300.20,20305.23,20419.13,20310.37,20307.77,20335.50,20252.90,20417.87,20385.06,20282.89,20229.75,20315.72,20345.64,20350.56,20283.66,20352.53,20381.40,20240.63,20293.83
cohort_10000_4.csv,4,1024, 12.0747,100.00,20394.32,20531.27,49519.25,0.50,317.71,4.00,0.001000,2531.60,2501.80,2395.40,2571.20,obj,24768.57,19737.21,20732.89,19894.16,20217.62,20014.60,20013.60,20180.74,20171.61,20152.05,20374.89,20198.86,20183.79,20165.89,20387.47,20338.92,20181.23,20401.41,20046.15,20271.06,19867.05,19972.08,20049.24,19886.78,20260.67,20151.78,19871.38,20137.99,20006.79,20488.86,20434.40,20622.72,20283.96,20189.95,20063.11,20150.62,20336.69,20036.46,19976.40,20526.37,20139.33,20407.04,20353.16,20711.03,20308.75,20656.45,20234.80,20056.30,20165.87,20472.17,20164.08,20253.87,20235.80,20382.67,20095.59,20348.09,20339.49,20260.86,20752.04,20646.37,20382.95,20860.13,20664.11,20085.19,20170.54,20317.83,20527.45,20092.74,20379.26,20118.27,20388.79,20527.35,20205.19,19996.04,20347.63,20295.14,20154.83,21176.50,20386.16,20077.19,20452.73,20518.96,20332.25,20230.67,20164.96,20234.57,19994.60,20721.44,20458.42,20469.92,20832.41,20418.55,20407.12,20505.98,20283.15,20501.87,20552.44,20669.86,20508.89,20531.27
diabeteshealthindicators1_10000_4.csv,4,4, 37.9455,100.00,190265.99,190134.19,9741.80,0.41,212.25,4.00,0.001000,2488.60,2477.80,2489.60,2544.00,obj,191822.94,188261.89,189142.39,189471.75,189642.39,190030.90,190193.23,190279.90,190187.14,190316.23,190294.66,190134.84,190496.27,190390.38,190468.13,190578.42,190378.12,190534.05,190494.16,190699.18,190549.10,190588.47,190491.69,190273.52,190563.31,190344.40,190356.16,190337.43,190367.53,190514.62,190244.74,190268.46,190336.91,190439.13,190313.31,190379.60,190391.78,190357.02,190472.50,190383.70,190311.67,190278.33,190618.27,190375.54,190474.89,190540.42,190391.91,190350.79,190328.05,190321.48,190361.81,190360.25,190446.95,190253.70,190275.29,190256.29,190361.10,190194.78,190292.68,190248.11,190330.00,190489.51,190400.80,190298.00,190246.35,190348.02,190277.76,190403.01,190330.49,190268.94,190249.86,190234.90,190258.44,190152.32,190309.39,190101.65,190155.92,190190.20,190226.77,190052.05,190095.36,190109.60,190233.16,190301.22,190313.85,190146.65,190216.50,190393.00,190582.34,190298.60,190329.02,190370.08,190405.52,190184.55,190261.22,190256.36,190329.84,190234.68,190231.30,190134.19
diabeteshealthindicators1_10000_4.csv,4,16, 30.0525,100.00,190256.35,190127.31,9641.00,1.20,215.52,4.00,0.001000,2489.40,2479.80,2486.80,2544.00,obj,191825.36,188257.21,189152.77,189459.28,189635.39,190013.17,190182.04,190265.26,190186.03,190339.33,190284.89,190124.87,190511.26,190390.96,190460.44,190563.89,190361.37,190503.04,190463.16,190674.48,190538.94,190563.74,190481.95,190279.39,190575.25,190349.89,190377.22,190331.84,190393.84,190509.34,190240.16,190270.14,190346.48,190456.03,190327.85,190449.91,190423.73,190378.89,190496.41,190401.12,190336.86,190303.91,190628.95,190357.71,190462.06,190528.84,190371.37,190350.47,190358.85,190344.81,190364.37,190308.28,190377.46,190159.11,190190.13,190192.40,190317.10,190096.50,190192.80,190155.52,190269.51,190423.88,190298.53,190254.12,190186.66,190286.83,190248.41,190384.56,190296.19,190259.02,190235.37,190231.60,190229.07,190168.27,190306.80,190099.35,190160.93,190201.17,190214.64,190055.03,190086.64,190101.26,190236.59,190274.47,190322.18,190174.93,190232.28,190389.88,190602.12,190303.73,190329.70,190361.07,190410.74,190183.42,190244.37,190238.91,190317.84,190225.46,190220.18,190127.31
diabeteshealthindicators1_10000_4.csv,4,64, 29.8148,100.00,190262.37,190142.24,9060.20,0.54,237.09,4.00,0.001000,2489.00,2477.00,2491.00,2543.00,obj,191854.72,188264.20,189165.23,189463.37,189653.78,190045.27,190200.79,190275.91,190179.77,190330.97,190273.81,190112.78,190491.48,190389.32,190465.24,190558.91,190374.66,190508.59,190478.56,190667.50,190546.90,190574.89,190496.39,190269.22,190570.99,190334.79,190351.37,190334.20,190362.70,190546.40,190281.01,190292.49,190393.00,190488.54,190348.82,190404.76,190394.04,190292.99,190443.13,190338.28,190265.21,190206.55,190552.65,190247.83,190402.05,190445.73,190318.60,190282.81,190306.91,190302.01,190307.56,190284.33,190356.04,190164.68,190176.04,190172.63,190318.42,190095.03,190204.57,190192.26,190276.81,190420.95,190308.79,190268.17,190203.59,190321.20,190247.48,190367.42,190293.18,190252.87,190236.12,190238.29,190250.36,190141.86,190303.23,190103.11,190171.59,190201.11,190233.59,190066.51,190095.74,190130.81,190248.37,190295.32,190305.84,190152.36,190202.05,190374.40,190577.90,190291.93,190305.17,190336.27,190383.99,190162.59,190246.09,190255.74,190323.47,190235.56,190227.69,190142.24
diabeteshealthindicators1_10000_4.csv,4,256, 21.4822,100.00,190251.61,190128.91,9738.60,0.42,223.89,4.00,0.001000,2490.60,2474.40,2490.80,2544.20,obj,191999.55,188203.79,189121.51,189442.06,189619.09,189990.97,190158.77,190282.34,190125.23,190308.69,190277.96,190104.79,190539.98,190401.12,190485.09,190593.14,190388.77,190518.79,190496.28,190682.68,190556.20,190598.37,190490.56,190296.74,190572.72,190357.26,190340.86,190325.42,190384.63,190548.15,190251.80,190255.45,190327.61,190473.83,190329.84,190403.99,190357.80,190317.44,190438.34,190365.23,190264.28,190208.74,190574.60,190321.17,190478.49,190503.53,190352.89,190290.47,190272.85,190264.46,190316.43,190343.48,190460.93,190259.47,190272.63,190229.12,190328.15,190161.78,190345.06,190296.70,190333.33,190481.30,190426.43,190337.68,190326.18,190448.47,190357.03,190445.35,190378.57,190327.91,190325.04,190304.54,190337.82,190194.68,190371.44,190145.27,190224.06,190264.69,190287.52,190113.15,190074.65,190102.99,190254.24,190316.56,190353.19,190196.87,190241.40,190387.25,190594.06,190303.88,190281.00,190299.69,190333.29,190154.11,190199.16,190239.17,190280.32,190226.16,190272.71,190128.91
diabeteshealthindicators1_10000_4.csv,4,1024, 17.9367,100.00,190193.29,190066.23,9938.60,0.84,243.68,4.00,0.001000,2494.20,2472.40,2489.20,2544.20,obj,192487.89,188043.97,189045.07,189315.11,189576.39,189941.07,190153.92,190276.04,190109.81,190269.82,190230.91,190115.66,190505.40,190394.29,190478.31,190545.82,190355.79,190492.78,190477.84,190659.40,190555.17,190561.66,190511.67,190291.71,190523.26,190315.72,190341.49,190310.29,190388.93,190533.47,190261.60,190290.67,190345.50,190476.98,190328.83,190433.74,190368.41,190292.12,190466.54,190375.02,190245.72,190295.50,190676.98,190416.94,190526.24,190612.17,190430.92,190434.97,190438.93,190415.96,190447.28,190425.73,190411.27,190259.60,190252.40,190228.31,190336.99,190143.26,190253.80,190242.14,190347.63,190467.67,190375.97,190267.06,190226.42,190387.20,190274.19,190413.17,190354.40,190303.49,190288.98,190317.51,190289.28,190176.27,190337.86,190121.17,190182.94,190229.10,190227.62,190065.84,190089.56,190121.16,190229.97,190283.94,190311.28,190146.07,190201.52,190391.52,190589.89,190300.07,190333.45,190338.60,190384.76,190136.27,190217.70,190208.73,190285.33,190165.84,190224.74,190066.23
NHANES_10000_4.csv,4,4, 2.9850,100.00,16087.62,16052.59,6804.53,0.05,180.81,4.00,0.001000,557.80,577.60,569.80,572.80,obj,16430.46,16211.60,16365.01,16376.56,16409.93,16415.62,16307.92,16333.68,16263.75,16258.66,16252.36,16162.99,16155.96,16092.99,16041.24,16121.50,16092.86,16094.23,16012.58,16089.77,16087.05,16073.93,16032.97,16056.69,16099.82,16057.67,16056.86,16151.91,16047.18,16136.55,16098.22,15984.55,16140.21,16171.55,16085.81,16039.01,16060.73,16227.70,16157.82,16138.61,16204.33,16309.31,16223.96,16181.69,16178.38,16176.46,16049.34,16069.95,16103.41,16076.85,16064.75,16111.51,16015.72,16120.80,16101.23,16052.85,16037.87,16085.41,16075.52,16103.92,16138.27,16053.33,16031.80,15984.22,15964.07,16111.97,16083.12,16163.29,16209.52,16141.50,16132.73,16280.07,16238.54,16191.64,16135.63,16214.86,16124.00,16159.72,16197.98,16205.57,16178.26,16001.88,16045.69,16031.83,15950.97,16028.08,16078.35,16059.87,16041.05,15948.26,16036.09,16071.83,16130.35,16081.82,16143.12,16009.42,16029.79,16071.85,16029.07,16052.59
NHANES_10000_4.csv,4,16, 2.5373,100.00,16063.66,16018.80,7333.37,0.09,118.53,4.00,0.001000,570.20,573.80,571.20,562.80,obj,16430.91,16236.25,16391.37,16413.98,16448.40,16419.63,16345.69,16407.75,16342.34,16386.30,16429.43,16337.89,16313.98,16253.99,16157.43,16113.02,16062.28,16154.37,16079.62,16146.04,16172.46,16153.37,16064.96,16048.28,16046.12,16016.42,16038.88,16155.50,16047.94,16102.64,16054.93,15944.97,16113.65,16147.76,16077.74,16028.94,16041.90,16208.05,16112.18,16102.35,16138.81,16277.16,16192.26,16202.07,16231.69,16199.51,16077.34,16110.44,16189.89,16191.09,16156.04,16174.90,16106.37,16190.19,16103.75,16063.12,16030.52,16085.42,16064.13,16111.73,16126.83,16040.80,15978.60,15926.66,15897.77,16060.86,16030.03,16105.46,16166.60,16131.72,16096.32,16212.75,16161.83,16125.63,16171.50,16324.30,16241.12,16254.58,16230.84,16282.88,16196.14,16006.55,16066.23,16096.19,16020.19,16104.94,16169.15,16166.86,16173.45,15978.52,16064.62,16043.65,16104.63,15922.89,15942.71,15875.90,15957.83,16049.74,15983.16,16018.80
NHANES_10000_4.csv,4,64, 2.4026,100.00,16077.52,16033.52,7612.02,0.09,115.30,4.00,0.001000,572.80,570.00,573.40,561.80,obj,16421.80,16225.38,16372.85,16400.64,16450.62,16438.97,16343.72,16391.65,16341.99,16401.11,16451.51,16365.73,16330.81,16259.14,16186.17,16153.21,16059.81,16150.15,16074.56,16142.80,16166.01,16163.80,16062.81,16036.44,16031.11,16013.03,16045.46,16133.62,16045.64,16130.29,16048.67,15936.85,16112.44,16146.54,16070.82,16035.04,16042.23,16196.52,16105.61,16087.80,16121.36,16283.79,16203.95,16182.24,16206.83,16204.47,16101.69,16107.60,16169.89,16180.52,16140.98,16183.17,16110.60,16164.11,16099.16,16052.63,16011.09,16079.81,16076.29,16116.98,16100.99,16060.32,15982.60,15937.31,15894.23,16061.58,16018.31,16103.86,16178.65,16128.16,16071.71,16201.83,16163.32,16134.05,16172.96,16326.90,16241.12,16241.67,16221.58,16279.16,16199.12,16013.15,16075.82,16095.88,16014.08,16101.91,16171.69,16176.25,16109.50,15923.84,16040.66,16049.30,16120.21,15963.00,15960.52,15886.84,15971.16,16045.52,15984.39,16033.52
NHANES_10000_4.csv,4,256, 2.3498,100.00,16082.55,16010.53,18425.40,0.05,129.81,4.00,0.001000,584.00,579.80,573.40,540.80,obj,16454.68,16168.31,16341.71,16392.15,16457.91,16430.37,16323.50,16357.06,16281.47,16301.90,16290.38,16221.87,16228.77,16149.49,16089.64,16177.77,16116.03,16197.08,16153.34,16020.25,16050.70,16021.52,16038.36,16054.82,16108.93,16072.68,16107.20,16165.32,16061.76,16167.94,16076.72,15955.28,16100.85,16080.37,16144.24,16051.20,16024.36,16174.98,16099.33,16107.45,16159.62,16302.59,16215.49,16212.27,16276.31,16235.98,16155.11,16138.44,16216.00,16182.44,16124.72,16113.12,16053.44,16171.99,16132.85,16129.24,16066.90,16090.83,16108.63,16119.69,16134.86,16137.17,16082.50,16068.52,15963.36,16074.58,16041.84,16067.08,16112.49,16045.66,16111.86,16238.33,16198.20,16143.50,16187.26,16300.24,16225.53,16317.87,16230.70,16402.68,16289.89,16040.45,15979.74,15977.31,15953.71,16019.67,16170.90,16156.83,16144.17,16030.30,16158.04,16103.36,16225.07,16109.68,16056.68,16039.38,16026.09,15966.84,15939.97,16010.53
NHANES_10000_4.csv,4,1024, 2.6371,100.00,16121.11,16081.93,1776.23,0.23,113.69,4.00,0.001000,557.40,562.00,576.40,582.20,obj,16673.44,15848.88,16056.53,16119.11,16229.12,16312.40,16258.64,16326.93,16169.74,16175.51,16254.85,16183.75,16210.56,16131.13,16023.44,16018.60,15936.33,16054.63,16034.24,16104.79,16109.70,16109.88,16054.36,16054.61,16103.66,16047.02,16049.51,16186.92,16082.20,16188.24,16108.32,15963.99,16134.21,16095.57,16080.28,16086.84,16122.63,16247.68,16158.20,16176.29,16221.75,16348.11,16288.43,16217.91,16185.22,16257.01,16181.80,16085.71,16112.38,16010.94,15979.28,16051.87,16082.55,16157.21,16123.24,16117.16,16109.15,16118.19,16101.36,16159.22,16087.44,16104.44,16056.36,16044.89,16020.33,16191.52,16120.75,16178.44,16168.71,16081.67,16045.78,16179.12,16163.71,16111.85,16155.49,16241.18,16201.44,16282.29,16199.65,16244.38,16294.34,16107.13,16149.18,16108.39,15969.41,16006.51,16069.19,16063.36,16065.89,16019.09,16107.93,16113.49,16162.02,16176.24,16093.55,16044.46,16168.39,16130.83,16068.41,16081.93
census_10000_4.csv,4,16, 11.6058,100.00,31359.39,31359.36,1.00,0.00,0.00,4.00,0.010000,2499.00,2499.00,2500.00,2502.00,obj,37938.04,36468.87,35175.50,34578.33,34198.73,33975.64,34095.69,33906.80,33935.51,33896.08,33982.87,33915.20,33700.61,33669.95,33416.38,33508.45,33359.13,33264.53,33296.36,33130.73,33175.23,33027.61,32877.32,32700.08,32902.75,32838.69,32657.54,32541.89,32388.55,32412.91,32385.60,32165.68,32219.69,32335.59,32351.95,31997.35,31985.71,31837.47,31829.81,31885.64,31804.96,31806.59,31586.66,31627.25,31596.65,31483.47,31499.03,31678.31,31633.07,31446.84,31740.78,31584.55,31678.05,31523.94,31582.54,31627.28,31407.94,31507.58,31536.52,31578.78,31542.89,31549.24,31260.61,31275.90,31473.91,31509.32,31522.44,31559.93,31506.24,31655.55,31651.91,31483.88,31611.62,31447.52,31330.10,31411.09,31416.74,31300.13,31384.31,31329.20,31298.60,31483.68,31410.09,31495.12,31585.28,31553.45,31413.55,31479.27,31485.46,31528.19,31573.02,31464.91,31532.77,31322.42,31495.41,31497.41,31426.28,31423.57,31300.55,31359.36
census_10000_4.csv,4,16, 11.6240,100.00,31357.87,31361.11,90.31,0.01,73.81,4.00,0.010000,2500.40,2497.60,2497.80,2504.20,obj,36437.04,34665.25,33828.90,33442.01,33214.16,33036.47,33004.52,32868.30,32859.30,32653.70,32619.82,32540.30,32461.48,32420.18,32316.27,32305.07,32245.90,32132.63,32176.04,32044.94,32050.71,31982.78,31911.79,31862.99,31902.66,31885.84,31860.39,31777.52,31687.82,31724.27,31671.02,31591.36,31644.83,31542.00,31593.36,31504.12,31557.17,31453.47,31494.40,31538.87,31487.70,31496.36,31427.74,31500.57,31472.41,31420.91,31493.33,31441.95,31382.77,31376.91,31431.52,31290.76,31304.98,31427.76,31406.92,31435.29,31365.59,31407.66,31437.78,31392.48,31392.71,31511.37,31391.85,31360.26,31439.93,31437.84,31421.46,31452.98,31388.18,31410.11,31465.13,31466.84,31396.22,31398.24,31287.74,31427.92,31388.97,31399.63,31463.56,31365.16,31410.94,31403.47,31411.29,31415.38,31457.57,31420.69,31415.58,31386.28,31395.04,31462.00,31482.91,31401.87,31381.79,31393.46,31424.17,31397.99,31405.97,31386.29,31292.35,31361.11
athlete_10000_4.csv,4,16, 27.7211,100.00,25138.96,25147.10,239.40,1.50,413.33,4.00,0.010000,2501.60,2500.60,2502.20,2495.60,obj,25511.05,25093.06,25024.43,25222.67,25322.70,25177.34,25177.49,25400.53,25164.22,25316.23,25451.95,25316.72,25331.82,25441.31,25354.99,25275.13,25266.19,25368.30,25442.15,25339.23,25358.00,25430.38,25338.71,25201.81,25096.09,25214.45,25295.70,25195.03,25225.95,25341.94,25477.48,25359.45,25147.02,25316.66,25373.54,25292.98,25308.07,25259.78,25164.25,25137.24,25119.46,25220.63,25104.28,25170.72,25224.68,25298.92,25032.23,25198.77,25253.65,25175.03,25278.95,25149.06,25110.86,25375.13,25154.96,25291.28,25270.60,25193.57,25251.21,25144.41,25320.97,25119.63,25172.76,25164.28,25065.49,25167.83,25088.57,25229.59,25297.56,25327.12,25248.63,25186.71,25200.03,25299.85,25178.60,25105.09,25200.86,25279.03,25239.39,25173.05,25009.11,25103.34,25178.29,25150.20,25130.30,25152.33,25262.95,25277.02,25229.54,25264.61,25230.56,25125.62,25249.62,25099.92,25316.06,25064.99,25204.36,25249.57,25211.18,25147.10
census_10000_4.csv,4,16, 29.2182,100.00,31357.87,31361.11,90.31,1.30,73.81,4.00,0.010000,2500.40,2497.60,2497.80,2504.20,obj,36437.04,34665.25,33828.90,33442.01,33214.16,33036.47,33004.52,32868.30,32859.30,32653.70,32619.82,32540.30,32461.48,32420.18,32316.27,32305.07,32245.90,32132.63,32176.04,32044.94,32050.71,31982.78,31911.79,31862.99,31902.66,31885.84,31860.39,31777.52,31687.82,31724.27,31671.02,31591.36,31644.83,31542.00,31593.36,31504.12,31557.17,31453.47,31494.40,31538.87,31487.70,31496.36,31427.74,31500.57,31472.41,31420.91,31493.33,31441.95,31382.77,31376.91,31431.52,31290.76,31304.98,31427.76,31406.92,31435.29,31365.59,31407.66,31437.78,31392.48,31392.71,31511.37,31391.85,31360.26,31439.93,31437.84,31421.46,31452.98,31388.18,31410.11,31465.13,31466.84,31396.22,31398.24,31287.74,31427.92,31388.97,31399.63,31463.56,31365.16,31410.94,31403.47,31411.29,31415.38,31457.57,31420.69,31415.58,31386.28,31395.04,31462.00,31482.91,31401.87,31381.79,31393.46,31424.17,31397.99,31405.97,31386.29,31292.35,31361.11
Spanish_10000_4.csv,4,16, 13.7318,100.00,17714.02,17711.77,206.09,0.21,81.32,4.00,0.010000,1189.80,1185.60,1185.60,1185.00,obj,20032.36,19324.63,19063.47,18872.91,18791.38,18624.71,18526.85,18311.68,18158.94,18159.79,18046.05,17876.70,17922.16,17857.46,17990.20,17904.21,17955.86,17882.16,17872.88,17817.83,17925.19,17907.43,17933.11,17879.30,17867.21,17873.63,17839.72,17843.08,17929.97,17825.91,17904.97,17799.67,17772.19,17916.93,17857.63,17792.51,17816.87,17955.81,17874.48,17794.11,17731.14,17866.07,17782.70,17804.26,17775.97,17800.00,17825.48,17748.37,17839.56,17782.94,17726.15,17747.02,17759.95,17730.52,17710.74,17790.26,17690.65,17769.66,17788.56,17786.63,17807.73,17833.72,17808.06,17751.86,17763.65,17795.52,17768.88,17787.25,17836.03,17723.33,17793.86,17710.26,17709.49,17725.59,17731.19,17768.22,17718.07,17764.83,17789.43,17758.21,17663.69,17720.56,17687.12,17764.04,17836.48,17740.47,17734.70,17771.82,17692.03,17717.52,17757.74,17721.88,17738.14,17752.20,17787.87,17799.69,17768.42,17807.04,17748.73,17711.77
student_10000_4.csv,4,16, 29.5584,100.00,14358.22,14357.36,18.60,0.23,821.74,4.00,0.010000,2499.80,2499.00,2501.60,2499.60,obj,18272.08,15999.62,15199.40,15013.67,14980.68,14953.03,14934.57,14817.31,14817.96,14727.27,14633.71,14599.22,14511.21,14451.01,14430.90,14424.17,14463.10,14387.51,14397.20,14356.40,14416.16,14391.78,14410.66,14403.34,14441.50,14428.61,14410.36,14416.60,14386.11,14467.69,14413.10,14353.76,14414.95,14467.31,14427.45,14403.70,14327.73,14398.49,14367.43,14383.68,14424.08,14392.68,14385.95,14354.03,14366.06,14382.05,14403.04,14410.66,14388.50,14324.13,14404.28,14348.17,14385.13,14371.73,14405.44,14361.83,14364.11,14340.63,14369.41,14396.32,14384.60,14401.28,14362.76,14420.06,14378.46,14415.60,14387.17,14426.95,14370.24,14425.46,14359.30,14382.18,14346.85,14331.50,14397.40,14380.40,14401.64,14366.14,14378.21,14349.50,14394.08,14393.49,14393.52,14347.98,14392.14,14396.21,14354.42,14395.98,14359.68,14409.90,14360.50,14368.69,14379.50,14342.56,14328.15,14368.85,14353.73,14449.36,14344.29,14357.36
pricerunner_10000_4.csv,4,16, 29.9026,100.00,26008.14,26046.05,1728.11,0.20,566.29,4.00,0.010000,2501.00,2499.20,2500.60,2499.20,obj,23827.95,23886.47,24910.03,25021.09,24764.85,24725.16,24737.07,24877.02,24991.27,25230.38,25386.66,25556.37,25658.22,25692.63,25727.05,25733.17,25769.02,25700.44,25838.83,25836.69,25849.70,25936.94,26011.20,25894.02,25982.57,25918.70,25825.33,26011.58,26012.99,26081.06,26054.82,26002.66,26051.80,26003.68,25916.18,26040.05,26012.38,26008.34,26151.41,26053.68,25977.39,25964.92,25993.39,26086.46,26086.04,26082.03,25997.82,26142.95,25977.92,26054.57,26123.45,25995.62,26116.81,25990.02,26112.11,26086.70,26035.31,26080.96,26155.52,26031.85,26034.77,26031.33,26038.59,26119.99,26044.59,26014.95,25979.51,26044.10,26133.83,25985.02,25973.43,26047.27,26078.36,26086.01,26109.91,26140.10,26099.90,26082.79,26076.68,26026.93,26115.03,25978.87,26202.03,26105.46,26032.68,26137.59,26180.02,26154.50,26051.97,26004.88,26098.97,26107.38,26148.74,26077.28,26084.30,26091.68,26070.46,26100.56,26029.39,26046.05
cohort_10000_4.csv,4,16, 28.9020,100.00,20198.57,20216.68,681.97,0.67,190.14,4.00,0.010000,2508.00,2484.80,2497.60,2509.60,obj,24054.47,23661.11,23187.67,22425.34,21754.00,21293.72,21237.29,21060.74,20985.94,20859.92,20853.05,20915.29,20901.81,20736.95,20655.51,20725.22,20778.08,20769.90,20775.52,20788.65,20839.06,20633.77,20623.62,20413.96,20219.16,20236.48,20422.56,20284.93,20207.72,20218.72,20212.87,20223.67,20080.13,20193.08,20205.17,20184.29,20270.47,20274.39,20245.12,20340.31,20193.22,20128.70,20110.88,20172.83,20141.42,20163.30,20074.26,20065.05,20121.07,20121.31,20197.81,20118.02,20055.76,20034.35,20032.78,20031.49,20076.68,20078.06,20027.22,20157.20,20081.55,20065.96,20132.73,20104.37,20203.11,20255.14,20244.62,20322.57,20336.34,20338.74,20246.39,20171.51,20090.24,20120.26,20151.75,20224.82,20168.54,20149.42,20169.07,20082.97,20120.97,20122.85,20101.50,20105.75,20125.08,20086.71,20054.62,20160.48,20171.75,20195.95,20161.64,20108.25,20148.59,20184.13,20151.75,20184.30,20178.31,20212.81,20139.19,20216.68
diabeteshealthindicators1_10000_4.csv,4,16, 30.0767,100.00,190432.94,190417.76,122.60,0.63,332.73,4.00,0.010000,2503.80,2487.60,2505.80,2502.80,obj,198178.07,193805.05,192429.04,191127.74,190598.38,190553.06,190572.93,190570.46,190486.40,190656.58,190501.86,190547.91,190844.49,190832.04,190807.41,190760.41,190863.91,190959.14,190903.03,190903.01,191091.99,191035.37,190893.96,190718.92,190781.35,190647.57,190588.55,190521.84,190666.34,190571.63,190530.43,190509.01,190620.24,190854.34,190647.07,190640.16,190689.80,190514.98,190581.03,190531.51,190533.37,190665.10,190663.10,190746.86,190873.50,190752.85,190781.01,190705.74,190625.09,190664.09,190544.00,190511.07,190575.36,190447.36,190602.40,190647.13,190504.43,190497.36,190602.55,190529.26,190658.40,190645.68,190483.74,190561.98,190492.47,190809.51,190630.92,190603.26,190713.98,190751.99,190760.00,190777.86,190641.29,190641.27,190630.25,190552.91,190599.54,190571.34,190551.34,190474.18,190523.43,190643.32,190746.68,190692.30,190660.61,190669.48,190723.33,190660.67,190715.31,190571.09,190438.13,190615.02,190471.01,190360.89,190402.39,190431.65,190343.70,190421.55,190399.77,190417.76
NHANES_10000_4.csv,4,16, 2.2369,100.00,16194.23,16215.97,277.57,0.20,108.12,4.00,0.010000,574.20,571.80,567.40,564.60,obj,17548.80,16515.09,16267.68,16187.18,16333.27,16346.20,16361.99,16330.56,16250.68,16303.59,16316.96,16283.14,16312.87,16291.69,16224.01,16284.40,16188.63,16203.25,16152.54,16167.75,16227.37,16194.63,16183.41,16232.01,16257.95,16217.37,16170.62,16279.23,16197.67,16277.41,16223.35,16092.44,16222.18,16229.50,16230.98,16165.57,16205.87,16280.01,16217.72,16190.88,16180.13,16271.13,16176.94,16206.22,16281.37,16298.94,16260.53,16190.57,16229.57,16163.57,16212.46,16220.77,16192.18,16264.99,16269.78,16202.49,16232.46,16197.02,16170.54,16220.07,16185.01,16187.75,16159.21,16154.25,16165.08,16312.83,16247.00,16249.26,16298.46,16229.13,16247.69,16265.46,16197.65,16168.21,16137.63,16276.98,16258.60,16285.46,16276.62,16383.24,16357.47,16181.30,16215.79,16271.12,16115.04,16196.04,16223.37,16234.12,16234.65,16128.13,16211.85,16256.98,16271.78,16237.28,16189.29,16186.20,16252.22,16301.65,16282.35,16215.97
census_10000_4.csv,4,16, 12.3731,100.00,31357.87,31361.11,90.31,1.27,73.81,4.00,0.010000,2500.40,2497.60,2497.80,2504.20,obj,36437.04,34665.25,33828.90,33442.01,33214.16,33036.47,33004.52,32868.30,32859.30,32653.70,32619.82,32540.30,32461.48,32420.18,32316.27,32305.07,32245.90,32132.63,32176.04,32044.94,32050.71,31982.78,31911.79,31862.99,31902.66,31885.84,31860.39,31777.52,31687.82,31724.27,31671.02,31591.36,31644.83,31542.00,31593.36,31504.12,31557.17,31453.47,31494.40,31538.87,31487.70,31496.36,31427.74,31500.57,31472.41,31420.91,31493.33,31441.95,31382.77,31376.91,31431.52,31290.76,31304.98,31427.76,31406.92,31435.29,31365.59,31407.66,31437.78,31392.48,31392.71,31511.37,31391.85,31360.26,31439.93,31437.84,31421.46,31452.98,31388.18,31410.11,31465.13,31466.84,31396.22,31398.24,31287.74,31427.92,31388.97,31399.63,31463.56,31365.16,31410.94,31403.47,31411.29,31415.38,31457.57,31420.69,31415.58,31386.28,31395.04,31462.00,31482.91,31401.87,31381.79,31393.46,31424.17,31397.99,31405.97,31386.29,31292.35,31361.11
Spanish_10000_4.csv,4,16, 6.7136,100.00,17714.02,17711.77,206.09,2.73,81.32,4.00,0.010000,1189.80,1185.60,1185.60,1185.00,obj,20032.36,19324.63,19063.47,18872.91,18791.38,18624.71,18526.85,18311.68,18158.94,18159.79,18046.05,17876.70,17922.16,17857.46,17990.20,17904.21,17955.86,17882.16,17872.88,17817.83,17925.19,17907.43,17933.11,17879.30,17867.21,17873.63,17839.72,17843.08,17929.97,17825.91,17904.97,17799.67,17772.19,17916.93,17857.63,17792.51,17816.87,17955.81,17874.48,17794.11,17731.14,17866.07,17782.70,17804.26,17775.97,17800.00,17825.48,17748.37,17839.56,17782.94,17726.15,17747.02,17759.95,17730.52,17710.74,17790.26,17690.65,17769.66,17788.56,17786.63,17807.73,17833.72,17808.06,17751.86,17763.65,17795.52,17768.88,17787.25,17836.03,17723.33,17793.86,17710.26,17709.49,17725.59,17731.19,17768.22,17718.07,17764.83,17789.43,17758.21,17663.69,17720.56,17687.12,17764.04,17836.48,17740.47,17734.70,17771.82,17692.03,17717.52,17757.74,17721.88,17738.14,17752.20,17787.87,17799.69,17768.42,17807.04,17748.73,17711.77
NHANES_10000_4.csv,4,16, 2.1320,100.00,16194.23,16215.97,277.57,0.03,108.12,4.00,0.010000,574.20,571.80,567.40,564.60,obj,17548.80,16515.09,16267.68,16187.18,16333.27,16346.20,16361.99,16330.56,16250.68,16303.59,16316.96,16283.14,16312.87,16291.69,16224.01,16284.40,16188.63,16203.25,16152.54,16167.75,16227.37,16194.63,16183.41,16232.01,16257.95,16217.37,16170.62,16279.23,16197.67,16277.41,16223.35,16092.44,16222.18,16229.50,16230.98,16165.57,16205.87,16280.01,16217.72,16190.88,16180.13,16271.13,16176.94,16206.22,16281.37,16298.94,16260.53,16190.57,16229.57,16163.57,16212.46,16220.77,16192.18,16264.99,16269.78,16202.49,16232.46,16197.02,16170.54,16220.07,16185.01,16187.75,16159.21,16154.25,16165.08,16312.83,16247.00,16249.26,16298.46,16229.13,16247.69,16265.46,16197.65,16168.21,16137.63,16276.98,16258.60,16285.46,16276.62,16383.24,16357.47,16181.30,16215.79,16271.12,16115.04,16196.04,16223.37,16234.12,16234.65,16128.13,16211.85,16256.98,16271.78,16237.28,16189.29,16186.20,16252.22,16301.65,16282.35,16215.97
NHANES_10000_4.csv,4,16, 2.1129,100.00,16194.23,16215.97,277.57,0.01,108.12,4.00,0.010000,574.20,571.80,567.40,564.60,obj,17548.80,16515.09,16267.68,16187.18,16333.27,16346.20,16361.99,16330.56,16250.68,16303.59,16316.96,16283.14,16312.87,16291.69,16224.01,16284.40,16188.63,16203.25,16152.54,16167.75,16227.37,16194.63,16183.41,16232.01,16257.95,16217.37,16170.62,16279.23,16197.67,16277.41,16223.35,16092.44,16222.18,16229.50,16230.98,16165.57,16205.87,16280.01,16217.72,16190.88,16180.13,16271.13,16176.94,16206.22,16281.37,16298.94,16260.53,16190.57,16229.57,16163.57,16212.46,16220.77,16192.18,16264.99,16269.78,16202.49,16232.46,16197.02,16170.54,16220.07,16185.01,16187.75,16159.21,16154.25,16165.08,16312.83,16247.00,16249.26,16298.46,16229.13,16247.69,16265.46,16197.65,16168.21,16137.63,16276.98,16258.60,16285.46,16276.62,16383.24,16357.47,16181.30,16215.79,16271.12,16115.04,16196.04,16223.37,16234.12,16234.65,16128.13,16211.85,16256.98,16271.78,16237.28,16189.29,16186.20,16252.22,16301.65,16282.35,16215.97
