data_name,Clusters num,Average time,iterations,sse,obj,balance loss,Time Std,Obj Std,num-thr,t,Average clusters size
athlete_10000_6.csv,6,29.3764,100.00,11212.66,11213.26,26.00,8.31,69.54,4.00,0.010000,1666.33,1668.33,1668.33,1667.00,1661.33,1668.67,obj,17019.07,15198.58,13697.79,12637.82,12343.74,12196.57,12040.29,11959.08,11902.51,11849.33,11878.40,11781.53,11744.78,11718.93,11693.42,11684.53,11667.47,11686.86,11684.01,11669.57,11654.74,11657.29,11658.47,11620.59,11584.05,11558.92,11530.63,11498.42,11474.38,11485.15,11418.65,11394.06,11372.12,11398.40,11400.64,11427.71,11392.00,11442.55,11455.07,11433.01,11491.73,11464.56,11473.50,11462.74,11440.68,11511.65,11429.96,11437.79,11476.20,11482.54,11448.80,11453.21,11471.50,11467.94,11485.69,11429.53,11440.34,11450.87,11454.37,11418.42,11372.77,11379.19,11401.94,11374.68,11309.76,11370.20,11310.45,11392.06,11329.18,11325.61,11259.58,11323.69,11271.92,11228.36,11225.30,11237.68,11242.50,11262.08,11237.72,11228.92,11243.91,11251.92,11212.50,11253.34,11227.08,11237.58,11242.75,11224.66,11191.51,11230.76,11195.91,11202.62,11212.63,11200.26,11238.04,11208.20,11218.65,11199.39,11236.81,11213.26
athlete_10000_6.csv,6,33.0051,100.00,11183.75,11184.19,14.67,3.08,91.18,4.00,0.010000,1667.33,1668.00,1665.00,1666.00,1664.67,1669.00,obj,17017.53,15190.22,13915.22,13093.59,12820.36,12614.98,12338.84,12181.06,12087.39,11982.04,11936.67,11859.78,11780.83,11728.08,11691.45,11644.84,11657.64,11646.99,11607.14,11559.99,11558.94,11573.43,11524.78,11493.97,11461.32,11420.76,11404.92,11401.84,11360.66,11378.96,11335.19,11288.45,11277.15,11296.61,11287.57,11345.43,11323.57,11362.52,11338.76,11349.09,11392.72,11375.52,11426.09,11437.05,11421.33,11458.02,11410.72,11398.33,11411.75,11444.66,11379.89,11381.57,11383.59,11414.69,11431.75,11418.45,11423.11,11420.17,11396.75,11357.95,11310.81,11316.21,11304.35,11311.29,11253.93,11320.18,11246.53,11325.41,11288.49,11308.97,11218.31,11326.36,11214.20,11190.85,11188.34,11201.71,11234.71,11219.97,11236.29,11197.78,11206.46,11229.72,11204.02,11210.84,11212.04,11210.56,11198.49,11171.92,11181.02,11204.58,11185.99,11158.21,11166.28,11178.52,11192.02,11194.58,11188.58,11189.82,11212.66,11184.19
athlete_10000_6.csv,6,15.4351,100.00,11162.01,11161.89,11.33,0.07,114.69,4.00,0.010000,1665.67,1670.00,1666.67,1665.67,1664.67,1667.33,obj,17017.45,15186.73,13909.60,12912.66,12382.95,12206.57,12029.84,11945.40,11885.92,11826.20,11827.54,11768.68,11721.37,11691.43,11676.37,11661.77,11652.24,11665.58,11675.54,11653.93,11624.61,11601.95,11641.53,11589.51,11543.06,11523.95,11486.44,11453.32,11452.17,11437.26,11387.24,11354.04,11344.89,11372.38,11353.66,11410.43,11375.12,11405.11,11401.76,11386.40,11466.75,11400.91,11434.20,11433.35,11432.21,11490.50,11417.78,11413.13,11439.15,11455.11,11438.56,11434.41,11444.02,11446.13,11461.42,11420.76,11423.41,11436.65,11410.74,11400.26,11363.75,11357.97,11355.54,11345.35,11320.95,11324.52,11304.01,11363.91,11302.74,11290.90,11276.07,11281.52,11244.97,11221.59,11204.18,11212.91,11208.60,11227.43,11224.04,11207.50,11218.48,11242.53,11214.54,11233.63,11226.41,11243.05,11209.83,11180.28,11170.25,11212.39,11196.34,11193.01,11192.38,11177.76,11215.50,11185.28,11200.36,11173.47,11250.23,11161.89
athlete_10000_6.csv,6,15.4290,100.00,11157.41,11158.56,36.00,0.02,80.34,4.00,0.010000,1666.33,1668.67,1666.33,1665.67,1663.33,1669.67,obj,17013.22,15184.29,13904.44,12903.10,12379.22,12212.73,12041.49,11957.44,11889.05,11833.48,11835.57,11763.98,11716.57,11674.13,11654.50,11638.58,11643.01,11657.23,11671.17,11619.43,11594.06,11589.72,11610.42,11558.04,11520.30,11503.36,11479.98,11461.78,11433.00,11435.49,11384.69,11342.71,11334.67,11354.91,11375.51,11415.45,11368.61,11397.01,11416.50,11402.57,11469.75,11395.27,11444.66,11434.92,11427.58,11478.27,11419.31,11398.07,11429.79,11456.76,11410.31,11410.23,11447.66,11439.83,11467.02,11418.96,11398.98,11431.32,11409.89,11405.38,11338.01,11343.22,11354.49,11344.41,11289.52,11321.02,11283.55,11369.01,11295.69,11290.09,11254.05,11269.36,11226.54,11216.65,11180.61,11205.72,11211.48,11229.70,11220.15,11208.47,11201.62,11227.77,11203.64,11228.90,11186.32,11232.43,11215.61,11210.46,11188.69,11211.72,11196.81,11171.35,11185.87,11187.45,11223.43,11189.85,11209.06,11179.32,11235.69,11158.56
athlete_10000_6.csv,6,15.8753,100.00,11160.85,11161.23,21.33,0.74,67.28,4.00,0.010000,1665.00,1669.67,1666.67,1667.00,1663.33,1668.33,obj,17013.22,15181.09,13905.57,12848.25,12371.42,12199.35,12036.67,11948.25,11879.31,11815.06,11843.28,11767.67,11724.11,11685.92,11666.43,11646.38,11652.84,11647.49,11665.74,11636.52,11617.56,11616.79,11632.46,11574.53,11528.98,11515.69,11504.02,11453.84,11450.42,11445.95,11367.60,11357.33,11335.52,11376.98,11362.89,11406.35,11370.58,11400.91,11389.66,11383.66,11452.78,11411.11,11424.06,11421.20,11416.88,11460.69,11410.55,11399.41,11434.89,11461.08,11423.52,11429.94,11443.37,11438.82,11448.68,11412.56,11404.47,11437.18,11421.41,11406.87,11338.95,11351.75,11360.11,11348.27,11293.99,11329.66,11294.06,11357.02,11278.57,11292.55,11221.22,11286.84,11222.15,11194.68,11191.82,11192.18,11197.21,11215.15,11186.20,11200.74,11217.88,11206.87,11197.29,11220.18,11213.40,11212.57,11201.10,11186.85,11172.86,11214.07,11187.03,11163.91,11188.55,11180.57,11216.55,11182.09,11204.00,11184.56,11229.34,11161.23
athlete_10000_6.csv,6,15.6406,100.00,11179.62,11179.81,28.00,0.22,76.69,4.00,0.010000,1666.67,1668.00,1666.33,1667.67,1663.67,1667.67,obj,17013.22,15181.09,13903.36,12842.74,12368.28,12192.26,12027.56,11962.35,11874.14,11816.27,11835.62,11763.65,11720.83,11681.06,11663.07,11651.12,11657.26,11643.43,11677.68,11620.76,11605.50,11596.13,11624.39,11569.39,11523.78,11538.34,11482.24,11455.96,11443.09,11460.17,11386.41,11354.35,11319.72,11346.46,11363.72,11401.89,11359.67,11418.16,11397.40,11391.57,11460.34,11406.11,11436.25,11431.06,11433.38,11478.86,11417.28,11404.64,11434.66,11469.87,11439.58,11425.30,11461.44,11434.42,11480.10,11426.80,11420.16,11452.42,11426.42,11400.17,11361.87,11367.62,11357.72,11356.20,11274.80,11315.53,11300.05,11347.33,11299.04,11279.59,11244.29,11273.27,11229.52,11199.30,11188.12,11178.68,11204.99,11224.42,11193.22,11213.83,11193.54,11211.32,11184.29,11211.75,11206.37,11233.23,11206.25,11170.90,11191.28,11199.97,11198.01,11169.14,11178.68,11182.84,11225.18,11188.94,11202.14,11183.28,11215.05,11179.81
census_10000_6.csv,6,15.7208,100.00,24697.91,24697.32,28.69,0.10,283.98,4.00,0.010000,1661.00,1671.33,1668.67,1668.67,1665.33,1665.00,obj,28159.52,27092.24,26699.17,26328.47,26095.31,25887.81,25759.11,25665.19,25580.07,25537.31,25522.01,25462.90,25407.06,25394.31,25293.48,25283.08,25289.70,25223.40,25207.06,25182.87,25143.13,25131.34,25068.99,25039.37,25043.71,25006.14,24986.13,24989.64,24886.16,24933.03,24933.88,24873.68,24923.92,24805.44,24800.86,24806.99,24743.13,24800.76,24758.63,24737.30,24755.72,24730.76,24737.56,24762.68,24725.40,24690.00,24724.19,24723.51,24699.09,24664.84,24724.04,24690.48,24676.15,24670.67,24746.48,24692.22,24734.46,24688.06,24681.75,24674.75,24647.84,24688.00,24696.44,24676.87,24753.25,24648.24,24732.13,24715.60,24743.40,24725.38,24721.55,24741.01,24762.44,24761.63,24701.95,24711.08,24684.30,24700.79,24594.90,24717.41,24740.80,24724.61,24693.90,24646.68,24741.19,24701.06,24681.64,24700.40,24689.78,24670.32,24639.78,24688.55,24675.06,24678.08,24648.27,24682.55,24699.54,24715.41,24715.57,24697.32
census_10000_6.csv,6,15.5537,100.00,24689.57,24688.72,108.00,0.12,302.32,4.00,0.010000,1662.00,1672.67,1666.67,1669.67,1664.67,1664.33,obj,28151.99,27094.46,26702.43,26322.32,26094.72,25870.99,25759.81,25659.05,25579.15,25529.50,25513.36,25451.99,25387.54,25382.04,25283.19,25273.74,25288.67,25202.68,25191.78,25166.33,25117.92,25102.97,25057.78,25045.10,25016.08,24984.98,24951.25,24990.38,24876.61,24922.64,24916.94,24872.64,24935.52,24792.96,24804.53,24785.15,24728.78,24809.09,24733.88,24718.18,24730.64,24735.20,24729.78,24751.65,24735.33,24673.57,24716.36,24729.36,24687.26,24650.97,24736.01,24681.28,24666.05,24657.82,24750.24,24676.66,24733.87,24684.95,24627.37,24641.97,24635.81,24654.93,24715.86,24662.95,24724.39,24646.30,24721.70,24680.17,24743.17,24711.75,24707.69,24741.20,24741.54,24737.40,24695.59,24703.80,24681.29,24689.56,24585.49,24698.16,24736.43,24689.91,24665.85,24625.32,24736.04,24672.19,24671.95,24676.44,24702.82,24639.97,24594.74,24668.86,24647.08,24669.75,24626.79,24659.42,24710.77,24685.51,24690.03,24688.72
census_10000_6.csv,6,15.7139,100.00,24669.83,24668.57,38.00,0.07,278.85,4.00,0.010000,1660.33,1672.00,1668.33,1670.00,1664.67,1664.67,obj,28154.14,27085.94,26685.66,26318.77,26098.70,25855.45,25753.85,25646.16,25568.71,25515.47,25507.20,25444.44,25387.98,25378.88,25280.67,25271.87,25279.36,25211.94,25192.66,25155.67,25123.03,25118.45,25042.13,25029.04,25010.60,24975.34,24958.57,24950.95,24889.43,24922.57,24922.81,24856.27,24896.92,24795.04,24814.10,24788.39,24724.08,24798.38,24765.82,24744.54,24740.34,24721.08,24741.55,24732.84,24720.56,24670.27,24706.67,24743.21,24707.35,24677.35,24745.70,24718.00,24692.38,24666.64,24726.75,24677.80,24714.05,24700.35,24658.60,24662.52,24637.91,24661.41,24701.08,24670.79,24720.05,24633.99,24704.29,24686.74,24719.40,24721.65,24692.29,24749.86,24729.32,24741.21,24676.70,24688.96,24677.07,24689.64,24577.52,24691.39,24743.13,24719.37,24674.98,24629.84,24732.79,24691.49,24693.86,24688.83,24716.39,24625.12,24629.06,24664.82,24668.75,24685.99,24619.61,24672.15,24696.42,24722.82,24692.48,24668.57
census_10000_6.csv,6,15.6818,100.00,24647.46,24644.10,38.00,0.18,282.16,4.00,0.010000,1661.00,1670.33,1668.00,1668.67,1665.33,1666.67,obj,28153.65,27082.96,26682.85,26323.61,26090.10,25869.16,25759.18,25650.87,25579.34,25530.70,25509.08,25464.64,25393.45,25394.17,25288.96,25267.38,25306.38,25216.23,25197.43,25151.23,25124.40,25108.66,25037.67,25028.18,25008.01,24960.67,24940.65,24966.13,24881.97,24918.20,24907.22,24847.43,24900.95,24790.52,24796.76,24785.91,24728.89,24800.44,24728.88,24723.50,24740.08,24702.03,24720.35,24736.46,24722.85,24673.19,24718.29,24698.75,24687.45,24620.61,24716.85,24703.26,24675.42,24672.82,24734.43,24672.09,24720.87,24693.23,24669.85,24659.04,24627.70,24657.67,24691.69,24648.74,24697.66,24622.69,24720.18,24703.79,24720.36,24717.17,24699.54,24764.96,24730.93,24746.94,24683.22,24682.54,24631.97,24682.00,24556.35,24681.20,24697.57,24697.92,24649.37,24619.72,24712.60,24673.59,24669.24,24664.14,24665.99,24632.84,24600.98,24668.53,24643.60,24673.26,24622.64,24645.63,24677.54,24710.07,24686.11,24644.10
census_10000_6.csv,6,15.5770,100.00,24669.62,24668.34,27.28,0.12,252.60,4.00,0.010000,1662.67,1671.67,1668.33,1667.33,1664.67,1665.33,obj,28153.64,27081.71,26682.06,26317.63,26086.57,25873.92,25762.26,25648.77,25571.41,25531.70,25500.33,25446.60,25386.80,25370.98,25276.80,25266.28,25280.53,25201.31,25183.83,25158.25,25114.19,25083.79,25027.59,25023.42,25001.20,24952.79,24931.99,24966.15,24867.54,24903.90,24907.68,24855.80,24883.13,24782.73,24798.66,24790.99,24712.18,24812.89,24741.63,24728.45,24726.20,24715.20,24715.41,24728.01,24712.43,24666.05,24703.39,24727.36,24668.22,24625.07,24721.02,24684.48,24677.69,24675.62,24747.11,24672.78,24730.04,24706.94,24664.67,24662.01,24630.34,24656.85,24693.79,24661.25,24710.31,24648.92,24719.92,24699.00,24726.97,24722.09,24699.63,24766.19,24754.22,24736.80,24667.73,24687.46,24669.26,24692.07,24594.50,24703.76,24730.66,24713.70,24660.36,24626.96,24740.40,24679.85,24672.07,24679.97,24685.69,24641.48,24644.29,24686.35,24649.43,24648.49,24612.93,24664.50,24716.61,24726.53,24693.89,24668.34
census_10000_6.csv,6,15.7147,100.00,24664.66,24663.60,38.00,0.07,286.91,4.00,0.010000,1661.00,1672.00,1669.67,1668.33,1664.33,1664.67,obj,28152.18,27078.17,26684.68,26321.01,26087.52,25869.38,25751.02,25669.23,25561.15,25511.91,25501.50,25464.79,25378.07,25367.48,25277.81,25263.79,25296.92,25218.20,25181.99,25147.05,25116.00,25091.21,25027.03,25020.56,25002.27,24958.03,24936.62,24953.97,24851.56,24921.80,24897.31,24849.27,24894.69,24761.82,24813.89,24777.75,24704.95,24782.56,24753.14,24723.85,24752.85,24720.38,24720.28,24727.59,24714.27,24673.39,24702.99,24706.17,24693.32,24642.54,24727.75,24702.02,24665.97,24655.14,24711.71,24664.20,24711.45,24684.67,24653.64,24639.21,24615.97,24652.43,24697.95,24655.04,24706.79,24633.88,24709.76,24688.82,24725.55,24700.05,24675.48,24739.49,24743.35,24740.02,24686.75,24679.41,24670.60,24678.17,24576.41,24707.49,24712.97,24678.58,24674.93,24627.01,24726.22,24694.56,24661.47,24681.21,24698.67,24620.87,24605.05,24653.66,24625.66,24651.27,24597.38,24649.64,24689.28,24697.32,24715.52,24663.60
Spanish_10000_6.csv,6,6.8720,100.00,12550.98,12539.94,37.57,0.06,26.93,4.00,0.010000,790.33,790.33,790.33,791.67,792.00,791.33,obj,16626.12,14126.93,13655.03,13521.75,13284.25,13081.81,12956.45,12859.73,12898.04,12848.46,12733.87,12696.61,12653.18,12634.13,12633.68,12613.45,12612.69,12614.60,12604.33,12561.60,12571.10,12576.79,12579.01,12571.72,12551.03,12559.89,12569.34,12567.17,12575.28,12587.96,12535.29,12541.91,12551.77,12549.80,12534.16,12565.20,12565.03,12530.19,12550.14,12548.72,12548.83,12544.12,12559.86,12546.19,12564.01,12548.09,12541.94,12549.93,12558.77,12538.92,12548.40,12554.37,12561.58,12570.17,12553.56,12552.78,12532.27,12536.00,12553.55,12533.65,12542.73,12535.00,12534.25,12540.61,12533.28,12526.52,12543.35,12563.60,12520.20,12535.45,12519.61,12545.95,12541.20,12547.54,12537.20,12544.71,12557.75,12550.56,12560.54,12546.84,12521.00,12555.03,12520.82,12551.44,12549.31,12555.84,12532.75,12554.33,12547.57,12533.02,12543.57,12535.35,12528.56,12568.23,12542.59,12543.03,12542.29,12519.61,12534.28,12539.94
Spanish_10000_6.csv,6,6.8674,100.00,12559.33,12540.18,97.07,0.04,51.24,4.00,0.010000,789.33,789.67,791.33,791.00,793.00,791.67,obj,16619.49,14128.02,13663.61,13500.29,13285.69,13044.66,12929.00,12901.09,12877.08,12833.33,12762.84,12712.12,12655.04,12636.90,12628.87,12622.59,12606.17,12616.32,12610.45,12555.16,12567.46,12561.32,12584.16,12588.34,12555.55,12571.53,12563.95,12572.79,12555.34,12550.47,12541.83,12545.05,12562.80,12548.88,12536.95,12572.61,12557.33,12525.94,12561.66,12545.85,12551.52,12540.95,12565.33,12530.63,12559.87,12538.31,12549.28,12553.00,12537.37,12541.75,12540.41,12555.05,12554.85,12561.42,12554.76,12565.43,12544.80,12539.81,12556.64,12541.56,12539.67,12541.22,12530.79,12549.45,12535.92,12531.67,12541.80,12554.75,12517.03,12535.44,12523.83,12546.71,12539.90,12527.29,12560.58,12543.96,12549.30,12530.18,12563.39,12544.29,12531.43,12556.68,12523.61,12540.17,12538.73,12555.59,12514.95,12550.37,12540.19,12534.27,12539.32,12541.93,12526.61,12543.18,12538.03,12540.87,12549.00,12524.84,12537.15,12540.18
Spanish_10000_6.csv,6,6.7860,100.00,12539.88,12524.21,62.74,0.02,33.53,4.00,0.010000,790.67,788.67,792.33,790.00,792.67,791.67,obj,16619.47,14127.10,13655.26,13500.19,13275.10,13038.88,12939.25,12902.28,12867.41,12832.29,12768.68,12696.08,12669.12,12630.50,12622.29,12604.35,12598.34,12608.97,12595.18,12561.31,12563.81,12559.31,12572.87,12568.00,12551.87,12556.73,12585.21,12578.60,12575.05,12551.58,12536.84,12531.35,12559.77,12549.51,12546.47,12560.21,12570.68,12524.41,12568.70,12545.91,12547.99,12553.09,12546.62,12548.58,12574.96,12546.38,12540.38,12555.84,12542.95,12544.50,12556.88,12556.10,12540.44,12553.91,12562.42,12561.93,12550.98,12546.11,12561.86,12537.17,12541.91,12528.58,12532.51,12541.13,12527.77,12519.69,12533.15,12555.27,12524.05,12536.13,12520.66,12548.33,12547.21,12534.11,12554.59,12555.07,12542.63,12534.20,12576.29,12544.70,12531.22,12545.33,12520.55,12539.17,12535.45,12542.02,12522.01,12541.94,12547.97,12540.77,12553.46,12532.88,12532.33,12568.69,12551.57,12540.37,12545.25,12517.51,12528.80,12524.21
Spanish_10000_6.csv,6,6.8731,100.00,12547.79,12536.17,35.25,0.02,29.66,4.00,0.010000,790.00,790.00,792.33,790.00,792.33,791.33,obj,16619.93,14121.73,13673.79,13508.87,13256.48,13065.45,12943.82,12883.14,12878.10,12834.88,12797.80,12762.52,12668.35,12636.47,12627.25,12619.92,12592.63,12615.41,12596.68,12540.39,12571.01,12566.17,12552.91,12562.72,12543.03,12557.19,12555.34,12575.28,12558.69,12544.75,12545.46,12531.90,12560.17,12544.06,12537.17,12564.48,12575.81,12525.24,12570.79,12548.00,12554.61,12545.54,12538.83,12540.78,12570.80,12543.41,12548.10,12540.69,12532.38,12540.99,12557.12,12552.15,12554.96,12565.06,12555.24,12564.67,12527.07,12525.91,12555.34,12530.82,12549.70,12526.20,12530.73,12555.61,12526.80,12518.51,12542.04,12553.02,12523.70,12528.80,12521.36,12559.48,12535.39,12534.84,12538.67,12536.38,12543.42,12544.19,12576.18,12549.38,12529.04,12538.09,12514.47,12537.37,12545.58,12561.89,12514.37,12543.16,12544.09,12529.18,12559.26,12535.96,12538.10,12553.54,12542.06,12524.90,12541.75,12521.24,12525.11,12536.17
Spanish_10000_6.csv,6,6.8073,100.00,12548.46,12532.66,58.74,0.04,30.53,4.00,0.010000,789.67,791.33,791.00,790.00,791.67,792.33,obj,16619.93,14121.93,13667.23,13522.06,13278.93,13042.94,12944.38,12889.47,12865.36,12832.23,12796.00,12751.19,12665.37,12625.42,12629.71,12611.74,12626.42,12611.28,12604.63,12551.84,12566.22,12558.46,12576.15,12565.16,12555.45,12566.39,12560.56,12570.52,12569.61,12564.44,12549.84,12545.64,12541.81,12553.29,12530.79,12559.84,12577.69,12531.52,12555.80,12551.14,12554.20,12545.25,12552.11,12548.07,12580.86,12523.62,12544.08,12544.04,12546.04,12537.98,12545.76,12548.03,12547.15,12543.97,12547.88,12568.07,12542.75,12547.87,12550.53,12531.39,12540.92,12547.35,12540.47,12550.60,12533.56,12519.62,12533.21,12552.06,12516.40,12551.15,12512.23,12547.94,12538.79,12526.96,12542.05,12538.30,12551.73,12535.48,12561.44,12547.13,12514.80,12551.13,12525.05,12542.52,12532.47,12537.79,12523.13,12536.16,12536.41,12530.71,12554.10,12543.92,12521.49,12553.60,12539.29,12541.78,12536.55,12522.16,12527.63,12532.66
Spanish_10000_6.csv,6,6.8172,100.00,12555.62,12541.28,63.90,0.07,36.44,4.00,0.010000,790.00,791.33,791.67,789.33,792.33,791.33,obj,16619.93,14121.93,13667.23,13520.40,13273.07,13049.31,12932.57,12874.86,12869.61,12838.08,12788.18,12762.93,12651.60,12638.28,12622.69,12610.68,12614.58,12600.72,12589.44,12549.35,12584.34,12567.35,12572.46,12561.26,12554.04,12554.27,12573.05,12579.57,12572.82,12573.63,12532.65,12548.13,12565.34,12561.12,12540.99,12555.98,12566.85,12526.98,12563.11,12536.16,12555.19,12539.08,12549.41,12547.57,12562.48,12545.75,12555.96,12551.24,12554.10,12548.83,12540.15,12553.83,12545.50,12545.37,12545.63,12557.96,12541.15,12541.78,12563.20,12531.76,12545.66,12531.69,12525.64,12559.05,12533.63,12533.24,12535.53,12551.83,12518.56,12527.18,12527.70,12558.89,12533.65,12536.19,12541.61,12540.16,12554.00,12529.94,12561.03,12549.72,12529.04,12547.90,12514.80,12540.11,12547.13,12544.08,12526.21,12543.92,12533.11,12538.15,12552.42,12535.44,12516.87,12567.16,12550.19,12533.29,12546.44,12511.46,12533.46,12541.28
student_10000_6.csv,6,15.7535,100.00,8133.92,8147.92,19.78,0.28,568.20,4.00,0.010000,1664.00,1664.33,1668.33,1669.67,1667.67,1666.00,obj,13490.06,11737.40,9406.28,9444.52,9278.64,9303.03,9262.98,9209.01,9105.38,9343.50,9209.84,9364.45,9042.47,9208.19,9056.62,9150.33,9218.73,9006.29,9140.23,9150.08,9083.07,9059.07,9015.87,9217.63,8957.63,9094.67,8996.65,9081.72,9020.32,8954.99,9094.37,8883.94,9107.32,9049.58,8932.64,9104.82,8903.01,8968.37,8982.55,8989.99,8898.04,8843.39,8945.85,8850.40,8960.24,8823.25,8940.01,8894.17,8902.20,8771.94,8775.90,8804.13,8855.48,8854.87,8546.14,8857.24,8807.51,8695.42,8771.18,8692.12,8757.99,8700.07,8725.34,8628.91,8720.21,8586.97,8660.02,8646.62,8563.13,8560.77,8227.86,8255.81,8193.29,8159.15,8085.91,8162.00,8129.52,8178.39,8151.32,8113.49,8106.53,8142.18,8156.50,8178.34,8202.83,8134.52,8149.78,8144.62,8161.17,8182.88,8114.54,8170.09,8149.88,8126.59,8133.05,8181.64,8156.05,8162.64,8077.38,8147.92
student_10000_6.csv,6,15.7753,100.00,8020.45,8021.84,121.11,0.11,517.46,4.00,0.010000,1663.67,1670.33,1668.00,1667.33,1663.33,1667.33,obj,13506.15,11765.30,9403.90,9420.98,9297.54,9304.55,9237.63,9242.40,9132.97,9317.74,9194.16,9397.15,9084.04,9156.02,9093.65,9142.05,9178.07,8969.78,9142.77,9118.12,8981.96,9043.87,8970.60,9258.82,8959.11,9052.75,9005.64,9045.91,9077.90,8971.08,9076.04,8975.42,9035.22,8981.41,8944.38,9100.65,8823.92,9005.21,8930.29,8908.86,8950.24,8933.75,8931.07,8898.85,8928.42,8809.91,8857.71,8899.99,8832.14,8781.20,8797.75,8832.77,8820.93,8873.18,8607.38,8766.52,8684.41,8744.98,8814.60,8744.73,8709.26,8655.74,8685.82,8622.95,8648.56,8640.50,8611.44,8579.77,8562.00,8580.13,8561.96,8538.57,8344.38,8210.26,8235.76,8196.41,8191.96,8085.71,8133.04,8112.30,8101.72,8086.37,8091.39,8129.01,8183.89,8116.85,8151.56,8138.15,8138.23,8210.08,8116.08,8131.02,8131.28,8106.91,8156.21,8182.89,8118.34,8142.52,8098.68,8021.84
student_10000_6.csv,6,15.9965,100.00,8001.23,7987.93,109.11,0.07,547.72,4.00,0.010000,1668.33,1670.00,1669.00,1666.00,1655.33,1671.33,obj,13512.68,11772.48,9389.60,9397.20,9273.75,9329.06,9247.50,9233.10,9137.35,9395.10,9159.90,9346.70,9040.43,9209.53,9115.40,9163.80,9160.22,9040.17,9076.72,9159.54,9003.49,9075.58,9020.18,9283.15,8961.34,9048.35,9013.90,9043.86,9089.59,8954.40,9064.31,8906.62,9175.97,8997.57,8903.01,9163.21,8792.54,9003.15,8909.23,8896.53,8941.48,8927.36,8793.82,8963.09,8921.43,8800.24,8852.76,8859.92,8795.56,8767.98,8817.89,8760.64,8822.09,8865.89,8597.05,8785.24,8746.78,8689.04,8727.96,8645.34,8689.25,8652.98,8656.24,8626.15,8594.59,8556.39,8520.02,8531.43,8565.94,8554.06,8547.06,8504.53,8317.73,8200.97,8217.29,8218.07,8088.26,8063.32,8158.72,8139.89,8099.39,8131.47,8164.59,8119.63,8132.15,8121.02,8117.23,8166.88,8151.88,8164.62,8114.23,8180.95,8092.94,8108.59,8125.39,8227.69,8071.80,8132.16,8062.73,7987.93
student_10000_6.csv,6,15.8606,100.00,8103.41,8141.17,87.78,0.18,507.94,4.00,0.010000,1663.00,1667.00,1670.67,1667.00,1668.33,1664.00,obj,13503.54,11713.22,9408.99,9383.85,9330.32,9302.48,9287.91,9202.77,9123.25,9248.92,9209.89,9406.22,9076.05,9235.94,9032.76,9088.13,9185.31,9106.75,9021.92,9161.78,9036.37,9034.13,9048.99,9243.64,8947.67,9047.48,9049.93,9077.90,9001.23,9015.14,9052.68,9000.42,9123.40,9017.17,8957.11,9183.94,8850.65,9010.76,8871.05,8942.77,8951.01,9009.00,8841.16,8829.52,9007.82,8804.46,8865.46,8905.12,8806.95,8841.02,8732.60,8824.90,8770.80,8852.38,8567.46,8818.25,8700.50,8759.64,8676.93,8712.15,8704.45,8609.87,8625.60,8591.86,8621.93,8599.98,8525.31,8524.86,8520.52,8579.03,8536.69,8459.09,8186.09,8316.66,8220.51,8112.58,8053.05,8103.42,8141.79,8158.91,8092.87,8164.02,8121.25,8148.25,8140.19,8120.70,8158.44,8112.34,8150.70,8131.62,8155.32,8188.28,8096.38,8162.11,8131.40,8135.21,8081.93,8102.65,8121.60,8141.17
student_10000_6.csv,6,15.8259,100.00,8087.44,8069.33,22.44,0.26,572.76,4.00,0.010000,1662.67,1665.00,1670.67,1670.00,1665.00,1666.67,obj,13501.00,11709.87,9424.50,9380.91,9283.80,9300.24,9319.97,9198.46,9113.46,9336.43,9193.60,9317.03,9086.07,9210.96,9043.19,9183.82,9225.48,9020.98,9139.42,9161.73,9064.04,9033.58,9051.29,9279.71,8968.24,9111.21,8982.54,9079.82,9064.68,8986.01,9044.95,8953.59,9147.44,9042.28,8936.39,9139.67,8786.76,9080.18,8887.90,9050.47,8999.86,8906.86,8946.42,8897.33,8894.10,8838.70,8932.71,8848.11,8796.29,8851.16,8750.30,8860.13,8789.16,8844.81,8578.25,8824.70,8821.29,8718.81,8777.63,8708.77,8787.85,8613.65,8710.20,8705.27,8668.76,8637.96,8628.60,8599.38,8629.54,8587.22,8587.96,8430.17,8208.81,8280.81,8226.86,8074.53,8143.94,8157.81,8191.86,8181.92,8099.36,8155.88,8158.79,8163.21,8127.27,8137.19,8120.91,8153.16,8136.72,8164.86,8143.38,8162.28,8078.78,8157.62,8151.14,8167.73,8161.15,8104.72,8091.08,8069.33
student_10000_6.csv,6,15.2808,100.00,8143.12,8127.25,8.44,0.08,612.84,4.00,0.010000,1666.67,1667.00,1668.67,1666.00,1664.00,1667.67,obj,13504.22,11680.05,9424.84,9401.82,9307.45,9312.57,9278.41,9224.89,9160.88,9299.46,9231.41,9272.06,9099.68,9245.22,9086.93,9125.12,9156.69,8996.78,9099.56,9114.61,9026.23,9092.02,9047.41,9193.84,8973.71,9098.95,9037.16,8990.92,9036.47,9016.53,9089.26,8894.68,9128.89,9029.62,8943.62,9148.99,8890.73,8976.97,8954.56,8955.28,8924.52,8960.09,8872.73,8952.55,8902.25,8847.70,8824.06,8912.95,8830.90,8804.41,8739.06,8911.12,8805.93,8798.40,8588.14,8787.25,8666.36,8760.83,8757.86,8737.26,8723.51,8684.93,8653.18,8687.63,8690.20,8564.72,8573.36,8599.95,8582.98,8611.23,8512.01,8407.20,8207.97,8270.52,8151.01,8152.82,8114.33,8089.56,8146.93,8152.04,8093.98,8117.30,8157.69,8156.09,8157.63,8146.27,8127.43,8143.54,8138.22,8186.27,8124.26,8180.99,8157.94,8129.17,8122.45,8156.91,8124.86,8203.00,8120.75,8127.25
insurance_10000_6.csv,6,1.6998,100.00,3661.27,3668.65,28.30,0.02,89.16,4.00,0.010000,224.00,221.00,222.00,223.67,222.33,225.00,obj,4629.41,4024.89,3963.07,3784.36,3705.85,3702.38,3695.28,3708.56,3689.25,3720.53,3691.40,3683.34,3692.95,3665.92,3660.15,3667.93,3654.92,3662.78,3670.14,3658.17,3659.20,3659.44,3661.35,3668.03,3667.91,3657.75,3653.32,3672.71,3667.44,3668.78,3663.48,3669.14,3672.23,3657.09,3658.43,3677.02,3670.38,3656.24,3677.73,3661.52,3655.89,3653.47,3668.45,3657.47,3677.22,3666.02,3673.82,3670.96,3659.54,3663.79,3664.65,3666.14,3671.90,3672.89,3674.84,3679.77,3645.85,3667.48,3669.92,3668.42,3672.53,3663.31,3662.20,3665.30,3673.12,3670.35,3654.66,3677.71,3658.58,3668.60,3675.05,3668.44,3667.79,3661.49,3659.89,3672.40,3676.29,3667.40,3667.72,3664.45,3648.63,3673.29,3687.36,3666.54,3672.31,3654.88,3658.94,3657.89,3671.82,3677.59,3680.92,3666.91,3669.24,3679.66,3652.63,3680.56,3657.38,3671.17,3682.91,3668.65
insurance_10000_6.csv,6,1.6856,100.00,3665.10,3675.29,59.19,0.02,91.72,4.00,0.010000,223.00,223.33,220.00,223.67,222.00,226.00,obj,4630.45,4018.54,4006.22,3862.54,3694.75,3638.15,3637.86,3670.53,3679.07,3702.81,3689.87,3706.64,3688.71,3662.98,3658.13,3670.22,3661.84,3664.37,3664.82,3661.57,3655.19,3661.92,3665.47,3655.17,3657.50,3658.12,3647.12,3660.17,3670.83,3651.27,3670.69,3667.26,3663.21,3652.88,3657.91,3678.85,3666.84,3662.18,3672.92,3662.60,3655.84,3654.62,3667.68,3661.29,3667.08,3665.23,3679.97,3661.44,3656.72,3666.51,3673.02,3666.14,3671.65,3671.69,3669.59,3677.86,3667.16,3659.92,3672.42,3672.76,3665.73,3662.42,3668.79,3661.33,3666.42,3667.44,3662.71,3668.29,3661.42,3655.67,3682.77,3673.20,3661.53,3664.55,3664.86,3670.40,3674.65,3676.29,3670.38,3662.02,3661.57,3665.93,3677.50,3667.81,3669.08,3654.84,3660.27,3674.94,3669.74,3677.46,3655.84,3664.75,3670.65,3675.97,3661.52,3682.77,3661.06,3671.26,3673.77,3675.29
insurance_10000_6.csv,6,1.6873,100.00,3658.68,3655.00,8.97,0.02,95.07,4.00,0.010000,223.67,222.67,223.00,223.33,222.00,223.33,obj,4627.75,4017.80,3965.63,3783.95,3705.75,3703.29,3693.65,3695.63,3687.47,3718.48,3688.88,3681.45,3684.60,3669.19,3658.55,3671.59,3653.54,3664.05,3668.40,3656.48,3664.04,3659.60,3667.85,3655.63,3659.47,3654.62,3648.90,3681.38,3675.95,3669.56,3661.25,3669.50,3666.70,3660.57,3654.25,3676.98,3664.16,3653.57,3676.83,3663.59,3649.98,3653.70,3666.55,3659.54,3676.07,3663.74,3679.49,3670.64,3655.31,3669.51,3659.46,3664.98,3671.07,3670.12,3673.42,3682.30,3656.94,3664.89,3671.56,3668.97,3670.73,3658.87,3671.86,3659.71,3672.22,3681.91,3658.50,3672.57,3652.19,3667.50,3681.46,3671.64,3669.44,3660.64,3659.20,3671.52,3677.07,3673.12,3671.39,3662.67,3654.28,3667.26,3679.38,3670.93,3667.81,3667.76,3657.61,3662.62,3674.70,3682.97,3677.54,3664.27,3674.23,3676.59,3656.95,3673.68,3666.04,3685.60,3676.61,3655.00
insurance_10000_6.csv,6,1.6955,100.00,3657.47,3668.01,34.51,0.01,90.74,4.00,0.010000,223.00,222.33,221.00,224.00,222.67,225.00,obj,4628.02,4019.15,3960.64,3785.04,3702.33,3702.88,3695.03,3694.25,3685.44,3717.50,3690.49,3687.16,3689.73,3667.99,3654.62,3672.74,3657.89,3660.25,3670.19,3651.10,3663.57,3658.02,3663.34,3669.61,3659.10,3658.65,3648.73,3672.25,3675.10,3670.93,3667.52,3662.89,3667.41,3662.49,3652.71,3677.15,3663.89,3653.45,3670.15,3663.69,3650.36,3659.69,3662.62,3655.06,3674.77,3660.21,3674.94,3680.13,3649.29,3672.61,3655.39,3662.32,3670.22,3675.36,3678.85,3677.71,3649.37,3670.97,3664.09,3669.45,3662.98,3661.68,3669.41,3665.12,3675.05,3667.95,3659.56,3676.45,3658.96,3658.47,3681.36,3666.30,3672.84,3664.15,3664.05,3671.25,3674.20,3667.78,3677.02,3667.31,3658.53,3664.64,3682.66,3674.50,3671.48,3658.20,3661.09,3666.74,3666.18,3680.14,3675.64,3667.47,3673.56,3681.18,3656.34,3683.06,3658.66,3673.92,3681.76,3668.01
insurance_10000_6.csv,6,1.6757,100.00,3662.83,3664.54,42.76,0.01,94.74,4.00,0.010000,223.00,222.33,221.00,224.00,222.33,225.33,obj,4628.02,4019.15,3959.84,3787.05,3704.58,3702.49,3694.53,3693.87,3686.01,3719.56,3689.96,3686.76,3690.34,3666.68,3653.02,3673.41,3658.05,3658.35,3671.36,3650.32,3663.90,3658.20,3664.26,3669.44,3661.77,3656.07,3647.04,3674.51,3673.38,3668.33,3665.57,3662.26,3666.48,3663.78,3655.46,3675.51,3663.78,3653.45,3671.28,3665.00,3650.22,3659.12,3664.82,3655.03,3674.86,3660.62,3674.46,3675.28,3649.00,3672.38,3655.97,3663.64,3672.78,3673.55,3679.83,3671.83,3657.12,3663.68,3663.25,3667.21,3666.25,3662.82,3666.18,3666.10,3674.95,3668.27,3656.92,3676.18,3657.06,3661.31,3678.13,3668.96,3671.48,3672.38,3658.24,3670.46,3674.33,3671.84,3667.00,3669.37,3649.77,3668.40,3689.06,3670.98,3669.17,3656.70,3660.10,3663.38,3673.94,3680.65,3680.92,3664.38,3669.52,3676.76,3654.83,3683.66,3665.18,3680.95,3678.49,3664.54
insurance_10000_6.csv,6,1.6649,100.00,3661.19,3662.83,24.97,0.01,91.79,4.00,0.010000,223.67,222.33,221.67,223.67,222.00,224.67,obj,4628.02,4019.15,3959.84,3787.05,3704.58,3702.49,3694.53,3693.87,3686.01,3719.56,3689.96,3686.76,3690.34,3666.68,3653.02,3673.41,3658.05,3658.35,3671.36,3650.32,3663.90,3658.20,3664.26,3669.44,3661.77,3656.07,3647.04,3674.51,3673.38,3668.33,3665.57,3662.26,3666.48,3663.78,3655.46,3675.51,3663.78,3653.45,3671.28,3665.00,3650.22,3659.12,3664.82,3655.03,3674.86,3660.62,3674.46,3675.28,3649.00,3672.38,3655.97,3663.64,3672.78,3673.55,3679.83,3671.83,3657.12,3663.68,3663.25,3667.21,3666.25,3662.82,3666.18,3666.10,3674.95,3668.27,3656.92,3676.18,3657.06,3661.31,3678.13,3668.96,3671.48,3672.38,3658.24,3670.46,3674.33,3671.84,3667.00,3669.37,3649.77,3668.58,3686.61,3669.19,3669.87,3660.02,3658.94,3657.47,3677.86,3682.02,3683.09,3661.19,3671.90,3673.21,3658.02,3684.56,3665.46,3677.69,3677.15,3662.83
BreastCancerMETABRIC_10000_6.csv,6,3.4873,100.00,30416.67,30433.65,624.96,0.16,605.27,4.00,0.010000,407.67,428.67,433.33,422.67,393.67,423.00,obj,31953.42,30390.45,30674.31,30849.17,30751.08,30677.49,30647.94,30557.60,30444.97,30197.39,30164.46,30114.84,30128.92,30113.01,30240.81,30161.50,30193.96,30255.48,30406.42,30314.89,30407.97,30482.26,30527.45,30476.75,30396.92,30441.50,30451.25,30568.09,30429.30,30536.30,30436.57,30430.03,30551.23,30520.94,30537.41,30530.89,30589.60,30542.47,30457.79,30499.04,30554.31,30545.28,30529.85,30532.42,30437.77,30410.55,30404.39,30281.49,30055.63,30154.70,30115.81,30195.02,30207.48,30263.22,30236.00,30277.40,30362.09,30413.94,30498.93,30565.43,30458.49,30409.57,30405.04,30510.80,30466.84,30472.72,30553.59,30466.77,30652.03,30496.27,30565.64,30582.88,30454.60,30483.82,30615.83,30494.60,30552.75,30540.56,30541.27,30500.36,30478.19,30552.74,30540.39,30325.68,30672.91,30079.20,30044.90,30046.62,30051.12,29933.37,30260.86,30273.84,30366.04,30212.95,30250.95,30214.30,30311.68,30244.26,30390.79,30433.65
BreastCancerMETABRIC_10000_6.csv,6,3.6722,100.00,30359.62,30415.77,2580.94,0.10,641.18,4.00,0.010000,432.33,424.67,430.33,423.00,392.33,406.33,obj,31952.11,30390.45,30675.41,30836.31,30759.69,30679.22,30623.94,30540.29,30400.34,30192.72,30164.39,30128.05,30138.10,30110.04,30254.59,30168.47,30200.96,30281.81,30394.62,30342.31,30479.83,30510.05,30505.60,30467.49,30376.00,30450.88,30458.35,30598.59,30406.35,30548.15,30444.65,30472.21,30552.40,30532.54,30571.14,30622.09,30538.44,30593.63,30513.80,30543.33,30584.07,30633.05,30609.76,30569.43,30558.03,30514.05,30661.51,30631.10,30455.19,30558.42,30539.17,30568.07,30547.91,30522.70,30475.41,30463.37,30424.41,30107.19,30056.07,30112.36,30110.98,30144.47,30195.83,30335.00,30207.92,30243.12,30382.57,30393.16,30665.46,30485.09,30552.90,30522.01,30354.63,30380.13,30491.24,30433.58,30438.28,30435.44,30496.87,30444.15,30440.98,30594.24,30616.91,30500.85,30504.71,30462.28,30540.05,30465.28,30431.71,30200.73,30124.32,30008.76,30069.12,30067.42,30236.99,30179.31,30264.18,30220.55,30329.22,30415.77
BreastCancerMETABRIC_10000_6.csv,6,3.8168,100.00,30430.82,30452.01,564.96,0.24,588.53,4.00,0.010000,409.00,430.67,428.00,424.00,394.33,423.00,obj,31951.24,30385.76,30674.32,30836.06,30755.25,30678.36,30631.29,30540.14,30377.95,30189.63,30161.00,30109.23,30122.52,30127.01,30251.11,30155.19,30192.34,30285.64,30388.29,30417.57,30489.70,30491.21,30540.21,30459.09,30350.06,30416.43,30428.43,30578.66,30447.42,30559.38,30416.87,30435.72,30593.80,30521.23,30534.53,30508.19,30579.71,30499.76,30471.00,30503.81,30571.28,30526.85,30510.01,30525.31,30390.44,30287.45,30167.34,30172.91,30064.13,30172.34,30172.36,30218.56,30263.10,30279.74,30289.53,30399.39,30441.05,30460.74,30466.04,30498.53,30418.81,30424.85,30437.28,30509.94,30458.18,30430.05,30565.51,30488.21,30633.56,30526.92,30560.81,30573.32,30452.60,30469.79,30601.59,30496.16,30524.57,30530.37,30536.79,30499.82,30489.21,30566.53,30536.71,30324.47,30645.39,30087.58,30046.16,30035.25,30033.15,29938.59,30259.87,30254.04,30358.53,30203.78,30256.61,30220.25,30313.13,30270.06,30438.50,30452.01
BreastCancerMETABRIC_10000_6.csv,6,3.6142,100.00,30291.93,30286.34,26.17,0.02,860.12,4.00,0.010000,426.00,422.00,426.33,420.67,396.67,417.33,obj,31951.24,30384.46,30676.02,30827.62,30755.43,30678.10,30620.29,30535.66,30389.14,30185.93,30163.15,30116.70,30131.65,30125.55,30230.77,30168.49,30198.84,30286.05,30408.78,30381.14,30490.35,30503.42,30528.77,30459.47,30338.38,30426.60,30469.39,30591.56,30418.81,30564.05,30422.50,30452.28,30540.52,30550.68,30561.99,30621.61,30546.12,30587.05,30521.87,30551.31,30595.41,30597.32,30618.52,30569.95,30548.51,30512.91,30656.91,30635.63,30453.61,30570.79,30526.03,30571.92,30543.55,30511.17,30464.96,30450.06,30329.04,30113.32,30034.79,30121.28,30113.44,30159.12,30181.56,30325.50,30197.93,30251.34,30371.71,30423.47,30662.55,30477.64,30522.36,30509.71,30347.38,30373.75,30480.77,30439.16,30447.97,30435.48,30500.89,30454.29,30461.05,30589.00,30621.64,30503.00,30513.18,30471.25,30538.91,30465.43,30454.95,30196.48,30112.87,30014.78,30061.97,30037.81,30209.13,30244.48,30304.42,30206.68,30278.77,30286.34
BreastCancerMETABRIC_10000_6.csv,6,3.6301,100.00,30408.83,30424.09,657.98,0.10,619.28,4.00,0.010000,407.00,428.67,432.67,424.33,394.33,422.00,obj,31951.24,30384.46,30676.02,30827.62,30755.43,30678.10,30620.29,30532.57,30394.92,30169.76,30164.09,30110.15,30130.14,30130.16,30235.75,30181.53,30196.21,30265.13,30420.37,30380.53,30492.02,30496.03,30538.15,30426.16,30357.26,30427.27,30432.07,30584.65,30456.36,30547.63,30428.33,30437.40,30576.61,30505.95,30539.45,30505.02,30573.33,30519.47,30456.05,30511.76,30530.20,30538.92,30514.65,30513.39,30441.44,30412.56,30390.92,30382.08,30104.43,30132.32,30117.22,30162.92,30196.53,30215.00,30220.17,30249.42,30235.51,30352.98,30472.69,30567.36,30497.42,30425.61,30400.79,30492.01,30451.28,30419.35,30550.95,30428.32,30659.81,30490.79,30528.15,30573.66,30439.92,30481.44,30583.76,30484.45,30513.92,30536.21,30520.68,30505.59,30476.04,30547.22,30518.76,30363.34,30237.07,30042.53,30031.67,30025.95,30040.78,29963.94,30299.51,30274.85,30396.28,30230.38,30257.55,30213.04,30311.15,30252.19,30422.21,30424.09
BreastCancerMETABRIC_10000_6.csv,6,3.7060,100.00,30428.21,30437.35,399.00,0.03,599.39,4.00,0.010000,409.33,428.00,431.67,423.67,395.33,421.00,obj,31951.24,30384.46,30676.02,30827.62,30753.36,30678.00,30619.63,30532.38,30405.13,30170.99,30160.25,30111.11,30126.31,30128.37,30237.53,30175.75,30193.03,30265.59,30417.95,30392.82,30491.24,30511.97,30539.85,30453.93,30336.21,30416.52,30432.83,30576.41,30446.39,30546.47,30429.15,30432.61,30560.72,30508.77,30543.67,30520.12,30574.21,30516.94,30467.34,30504.64,30538.37,30527.46,30520.32,30518.43,30444.49,30385.98,30342.82,30235.00,30056.84,30140.35,30122.24,30177.16,30227.76,30293.55,30289.17,30382.92,30433.89,30455.78,30470.41,30507.19,30424.12,30448.78,30421.38,30521.02,30476.35,30452.80,30573.30,30454.26,30637.18,30531.00,30565.20,30580.49,30465.19,30477.54,30610.38,30508.47,30527.04,30526.52,30544.61,30493.85,30484.00,30554.81,30497.62,30388.94,30148.62,30041.72,30030.91,30029.71,30052.92,29971.01,30302.95,30282.17,30397.82,30227.36,30262.49,30213.40,30314.49,30257.69,30422.57,30437.35
diabetic_10000_6.csv,6,33.8557,100.00,47702.84,47707.46,107.78,0.42,814.69,4.00,0.010000,1660.00,1665.33,1672.33,1664.00,1669.67,1668.67,obj,53037.73,50997.60,49993.85,49430.00,49175.00,49125.17,49216.89,48924.10,48800.42,48678.34,48557.64,48451.93,48372.68,48287.58,48280.87,48244.85,48180.71,48263.95,48155.53,48272.20,48210.68,48167.61,48219.53,48158.56,48224.73,48191.95,48161.42,48128.45,48122.52,48121.13,48163.27,48195.56,48129.31,48020.30,48175.50,48072.60,48099.14,48074.84,48048.79,48025.80,48023.48,48031.88,48079.39,47952.58,48019.91,47986.27,48020.26,48019.24,48015.51,48007.89,48015.92,48010.28,48007.58,47969.41,47969.81,48055.30,47922.42,47956.68,47898.36,47910.15,47856.80,47907.21,47942.79,47889.47,47879.33,47931.16,47908.16,47824.36,47871.61,47861.21,47874.57,47802.55,47799.86,47832.01,47950.69,47836.84,47876.73,47820.37,47867.15,47885.23,47809.17,47834.63,47819.01,47739.24,47755.70,47762.68,47759.99,47782.66,47786.33,47744.68,47671.07,47708.00,47642.08,47605.76,47648.44,47723.26,47621.64,47700.72,47732.73,47707.46
diabetic_10000_6.csv,6,34.8133,100.00,47809.12,47811.90,93.11,0.77,895.84,4.00,0.010000,1659.00,1666.33,1672.33,1664.33,1668.00,1670.00,obj,53017.79,50997.68,50011.49,49432.05,49167.38,49101.12,49198.65,48932.73,48838.39,48690.27,48567.88,48462.67,48459.39,48288.58,48321.29,48294.18,48227.49,48339.57,48244.88,48371.84,48305.72,48281.38,48348.57,48270.74,48306.21,48263.76,48280.29,48220.16,48228.87,48224.72,48269.62,48279.30,48198.99,48102.31,48236.07,48151.76,48176.51,48150.32,48125.70,48091.93,48114.92,48098.59,48175.88,48047.17,48093.05,48056.72,48103.55,48130.61,48133.12,48136.70,48107.54,48111.96,48131.76,48036.06,48051.06,48116.50,48010.64,48044.78,47989.23,47942.66,47937.85,47952.11,48012.98,47961.21,47958.04,48000.20,47969.74,47858.73,47919.35,47928.76,47955.72,47905.56,47864.89,47906.68,47991.41,47937.04,47956.16,47885.81,47962.75,47981.98,47892.86,47943.81,47912.38,47838.40,47837.80,47853.50,47845.94,47861.83,47867.38,47837.54,47754.80,47794.46,47736.21,47690.80,47703.02,47793.77,47700.89,47808.07,47800.50,47811.90
diabetic_10000_6.csv,6,34.9140,100.00,47803.08,47803.96,117.78,0.08,898.05,4.00,0.010000,1660.00,1665.00,1672.33,1664.33,1667.33,1671.00,obj,53016.16,50992.31,50006.65,49425.89,49179.00,49120.18,49223.53,48934.66,48844.53,48709.29,48549.66,48484.18,48442.66,48282.27,48304.20,48303.65,48232.87,48340.75,48244.45,48353.14,48302.19,48270.65,48356.13,48288.23,48276.13,48271.86,48286.95,48215.22,48219.67,48235.31,48244.15,48260.39,48194.71,48089.40,48236.13,48158.28,48168.71,48146.53,48105.18,48083.55,48115.16,48091.59,48160.67,48043.14,48082.38,48065.63,48101.19,48136.67,48130.65,48131.70,48112.78,48091.16,48128.33,48040.05,48056.23,48134.33,48006.52,48054.58,47982.84,47945.80,47906.46,47962.05,48023.81,47961.53,47942.04,47985.06,47952.26,47870.51,47894.98,47922.37,47934.24,47889.05,47857.92,47895.01,48023.22,47952.57,47952.75,47892.46,47960.80,47969.53,47881.98,47916.01,47896.58,47834.75,47820.47,47845.22,47839.05,47824.27,47867.29,47818.52,47734.17,47794.96,47707.93,47684.73,47690.47,47762.71,47674.23,47776.94,47812.18,47803.96
diabetic_10000_6.csv,6,35.4207,100.00,47768.16,47773.88,110.44,0.70,882.90,4.00,0.010000,1660.67,1666.33,1673.33,1662.33,1668.67,1668.67,obj,53017.65,50986.40,49990.78,49417.28,49163.67,49107.65,49183.95,48926.33,48797.07,48683.92,48550.06,48465.99,48442.10,48296.66,48324.44,48304.23,48204.83,48317.03,48224.98,48350.80,48290.55,48258.20,48335.25,48266.88,48280.00,48239.88,48234.89,48179.41,48196.95,48190.72,48245.65,48235.46,48180.16,48090.30,48234.21,48126.84,48168.43,48119.06,48091.71,48061.84,48100.14,48077.81,48153.25,48042.47,48083.46,48036.88,48099.59,48117.73,48116.21,48137.67,48085.38,48073.52,48100.56,48041.31,48033.53,48119.19,47979.67,48045.10,47957.72,47962.06,47919.23,47940.80,48007.54,47952.93,47941.98,47990.01,47991.34,47875.14,47905.38,47914.89,47935.47,47887.34,47858.76,47881.66,47997.65,47898.95,47918.50,47874.55,47933.53,47952.78,47887.18,47924.87,47881.70,47805.62,47808.91,47830.38,47830.00,47846.26,47850.46,47841.34,47719.71,47777.02,47714.13,47678.00,47702.88,47758.96,47688.71,47770.92,47783.87,47773.88
diabetic_10000_6.csv,6,35.2969,100.00,47732.91,47738.66,126.44,0.45,861.59,4.00,0.010000,1660.00,1665.33,1672.67,1663.67,1669.67,1668.67,obj,53017.65,50986.40,49991.87,49416.08,49171.54,49108.01,49212.61,48912.49,48791.01,48660.95,48543.86,48433.07,48391.68,48290.46,48283.18,48285.65,48191.29,48277.56,48191.57,48326.08,48268.16,48234.23,48306.62,48247.52,48264.62,48232.87,48215.37,48139.24,48179.01,48183.82,48218.64,48225.93,48185.16,48056.55,48195.37,48105.93,48145.10,48110.53,48059.73,48043.60,48087.07,48069.85,48123.26,47982.42,48036.02,48001.26,48081.63,48106.91,48099.85,48114.13,48059.15,48054.42,48084.05,48017.10,48021.11,48108.71,47986.78,48019.56,47955.07,47915.24,47887.61,47932.68,47980.66,47927.57,47884.21,47958.13,47979.01,47870.95,47885.03,47904.13,47920.82,47869.69,47836.10,47841.86,47951.47,47902.03,47893.58,47863.23,47912.67,47920.88,47821.88,47868.32,47840.18,47789.83,47763.33,47803.65,47776.90,47783.72,47794.29,47777.99,47661.98,47742.05,47680.87,47636.17,47678.22,47743.57,47661.79,47739.90,47756.89,47738.66
diabetic_10000_6.csv,6,36.9426,100.00,47774.11,47776.42,96.44,1.42,858.74,4.00,0.010000,1660.00,1664.67,1672.67,1663.67,1669.33,1669.67,obj,53017.65,50986.40,49991.87,49416.08,49171.54,49108.01,49211.23,48908.34,48800.36,48662.52,48544.70,48449.09,48395.30,48286.27,48266.51,48302.73,48190.85,48301.14,48181.83,48350.10,48283.73,48250.51,48330.25,48266.49,48279.83,48243.01,48229.43,48149.70,48171.42,48187.30,48217.14,48239.54,48182.37,48075.50,48228.16,48128.78,48138.26,48119.42,48086.72,48059.63,48096.46,48055.85,48107.43,48000.07,48047.04,48029.62,48069.90,48113.94,48104.03,48102.31,48100.67,48068.54,48100.33,48022.36,48027.09,48101.79,47961.07,48021.07,47970.83,47934.63,47905.10,47956.40,47990.19,47938.89,47920.93,47987.38,47948.42,47844.29,47888.23,47920.75,47921.99,47863.43,47851.15,47874.73,47965.97,47893.89,47910.13,47864.11,47928.33,47955.18,47885.43,47895.21,47854.53,47787.47,47783.25,47796.35,47799.91,47800.26,47826.32,47795.09,47682.06,47747.61,47689.70,47655.78,47693.86,47761.74,47683.08,47750.11,47767.29,47776.42
BreastCancerWisconsin_10000_6.csv,6,1.9585,100.00,1032.22,1034.79,156.11,0.23,28.67,4.00,0.010000,94.33,96.00,94.67,97.67,92.33,94.00,obj,1131.09,1056.70,1056.78,1017.10,1030.70,1031.86,1030.95,1027.58,1038.52,1070.08,1018.72,1015.81,1025.13,1038.55,1027.37,1025.35,1067.57,1048.40,1033.60,1065.28,1046.81,1048.86,1044.08,1056.35,1028.82,1044.07,1051.02,1052.27,1045.81,1059.21,1019.69,1056.22,1025.84,1062.87,1042.09,1045.36,1055.16,1066.19,1030.07,1028.79,1029.78,1062.33,1050.40,1059.70,1047.83,1066.80,1038.44,1056.30,1039.55,1065.48,1037.98,1068.73,1041.30,1033.60,1062.35,1047.71,1036.28,1041.90,1010.75,1041.13,1047.87,1049.89,1050.99,1038.58,1036.01,1052.05,1036.14,1056.32,1021.47,1046.88,1021.28,1047.47,1075.69,1034.60,1043.13,1032.64,1042.45,1061.21,1042.82,1041.21,1035.72,1052.24,1024.23,1061.35,1061.18,1028.26,1051.90,1047.99,1033.64,1053.57,1020.66,1073.20,1035.85,1052.16,1064.46,1082.61,1040.62,1024.91,1036.56,1034.79
BreastCancerWisconsin_10000_6.csv,6,1.5024,100.00,1035.33,1037.18,85.82,0.22,23.14,4.00,0.010000,95.00,95.00,94.67,98.00,92.67,93.67,obj,1131.41,1057.63,1056.85,1016.07,1030.22,1029.69,1028.91,1032.41,1028.93,1053.68,1022.75,1022.87,1030.51,1036.42,1028.18,1026.58,1057.44,1043.65,1034.46,1062.21,1046.66,1046.77,1038.70,1051.49,1031.56,1045.60,1050.63,1053.50,1044.09,1064.62,1018.16,1053.78,1025.85,1059.02,1038.06,1042.11,1049.38,1066.63,1034.79,1035.12,1030.98,1063.34,1045.69,1069.51,1045.97,1062.91,1038.75,1053.94,1032.78,1065.96,1037.47,1055.19,1036.66,1033.91,1063.30,1045.29,1030.96,1042.12,1012.63,1040.27,1049.16,1054.29,1055.35,1035.81,1037.01,1048.44,1034.60,1047.03,1019.66,1046.22,1018.79,1042.67,1075.10,1038.10,1037.72,1031.33,1042.12,1056.53,1045.40,1036.37,1040.62,1045.80,1022.16,1060.45,1065.73,1030.44,1054.89,1048.72,1027.53,1051.48,1012.26,1066.11,1034.30,1049.25,1062.37,1067.17,1035.80,1022.59,1029.60,1037.18
BreastCancerWisconsin_10000_6.csv,6,1.8932,100.00,1033.23,1035.95,156.11,0.16,26.51,4.00,0.010000,94.00,95.00,95.67,98.00,92.33,94.00,obj,1131.41,1057.63,1052.74,1018.39,1030.14,1029.55,1031.72,1031.17,1031.74,1059.73,1017.60,1016.89,1031.11,1039.45,1023.68,1022.38,1065.06,1044.82,1034.15,1056.58,1046.46,1044.55,1048.34,1054.56,1032.46,1044.65,1055.64,1049.82,1040.16,1057.51,1019.87,1060.51,1028.56,1062.24,1038.92,1037.22,1057.88,1066.44,1032.81,1034.06,1024.85,1061.41,1048.26,1066.39,1048.59,1065.90,1041.84,1056.25,1032.61,1069.75,1041.34,1066.99,1040.19,1038.42,1063.62,1048.60,1034.41,1042.64,1013.08,1034.34,1054.70,1055.82,1060.72,1046.30,1035.78,1048.00,1029.12,1052.12,1019.86,1046.74,1023.52,1042.55,1072.65,1037.37,1036.04,1034.27,1036.98,1059.62,1049.27,1036.35,1033.82,1053.42,1021.14,1059.10,1062.57,1027.42,1055.50,1049.93,1030.76,1057.94,1011.64,1066.18,1032.49,1048.13,1066.22,1068.11,1046.02,1022.17,1037.60,1035.95
BreastCancerWisconsin_10000_6.csv,6,2.1824,100.00,1029.96,1032.22,109.82,0.29,26.77,4.00,0.010000,94.67,96.33,94.33,98.00,92.00,93.67,obj,1131.41,1057.63,1052.70,1018.15,1030.84,1029.39,1028.89,1033.36,1043.00,1061.52,1016.63,1018.78,1029.28,1037.87,1035.22,1022.09,1066.73,1045.11,1032.77,1067.38,1046.24,1047.29,1041.25,1054.15,1031.16,1041.16,1056.24,1055.52,1041.15,1065.34,1018.20,1058.56,1024.06,1060.89,1040.46,1041.25,1062.05,1065.45,1030.54,1033.22,1030.54,1063.00,1050.50,1062.24,1047.73,1064.38,1037.30,1055.93,1030.65,1065.86,1037.20,1068.06,1041.72,1038.75,1059.40,1049.31,1035.60,1041.05,1012.36,1029.72,1049.71,1044.47,1056.18,1042.28,1037.31,1049.78,1028.45,1051.91,1021.46,1045.37,1019.95,1040.41,1077.55,1039.57,1036.92,1027.02,1041.06,1055.72,1047.76,1036.40,1031.20,1053.34,1022.56,1059.85,1061.45,1027.58,1054.54,1049.03,1030.01,1055.63,1015.71,1066.09,1028.95,1052.39,1066.00,1074.10,1034.69,1026.80,1030.86,1032.22
BreastCancerWisconsin_10000_6.csv,6,2.0320,100.00,1031.98,1034.36,110.78,0.36,25.41,4.00,0.010000,95.00,96.33,94.33,97.33,92.67,93.33,obj,1131.41,1057.63,1052.70,1018.15,1030.84,1029.39,1028.89,1033.36,1038.90,1061.42,1016.69,1018.72,1025.01,1037.80,1035.22,1022.22,1067.71,1051.16,1032.57,1066.37,1047.21,1050.24,1041.95,1050.93,1030.78,1043.71,1052.56,1048.77,1036.31,1061.02,1019.42,1056.82,1024.37,1062.78,1039.91,1037.51,1062.84,1064.62,1034.71,1038.89,1030.17,1062.47,1051.45,1070.62,1050.12,1062.90,1036.89,1055.99,1029.44,1063.97,1036.19,1061.01,1033.37,1037.16,1060.91,1045.32,1034.98,1044.65,1012.11,1032.03,1049.59,1046.24,1049.84,1039.57,1025.18,1047.48,1037.91,1054.74,1022.79,1041.23,1018.07,1042.19,1073.32,1037.44,1038.32,1027.10,1040.14,1065.31,1039.67,1037.33,1034.41,1054.46,1022.33,1058.84,1057.73,1028.45,1055.19,1048.39,1029.31,1052.59,1006.93,1071.36,1032.81,1052.92,1058.19,1084.96,1042.63,1026.53,1033.34,1034.36
BreastCancerWisconsin_10000_6.csv,6,1.9009,100.00,1029.72,1033.02,139.73,0.15,23.82,4.00,0.010000,95.00,96.67,94.33,98.00,92.00,93.00,obj,1131.41,1057.63,1052.70,1018.15,1030.84,1029.39,1028.89,1033.36,1038.90,1061.42,1016.69,1018.72,1025.01,1037.80,1035.22,1022.22,1067.71,1051.16,1032.57,1066.37,1047.21,1050.24,1041.95,1050.93,1030.78,1043.71,1052.56,1048.77,1036.31,1061.02,1019.42,1056.82,1024.37,1062.78,1039.91,1037.51,1062.84,1064.47,1035.70,1036.30,1032.85,1062.93,1042.72,1071.05,1050.33,1061.69,1037.88,1056.06,1035.14,1063.94,1039.10,1061.00,1032.09,1037.28,1064.78,1041.94,1034.65,1046.06,1012.24,1031.44,1049.58,1046.20,1050.87,1039.53,1022.31,1047.80,1035.84,1051.54,1022.54,1044.74,1018.48,1047.06,1069.65,1037.71,1038.06,1033.21,1035.20,1057.37,1040.87,1039.52,1032.14,1054.48,1023.75,1058.80,1058.42,1027.57,1054.71,1048.11,1032.31,1051.74,1004.49,1071.93,1033.81,1053.10,1060.73,1086.08,1041.89,1022.20,1033.14,1033.02
pricerunner_10000_6.csv,6,33.0251,100.00,8415.25,8423.66,32.22,2.35,44.92,4.00,0.010000,1669.33,1667.67,1666.33,1666.00,1664.67,1666.00,obj,11679.62,11304.75,10315.83,9812.57,9464.67,9447.71,9206.61,9107.84,9022.07,9052.10,9054.43,9012.94,8979.02,9012.02,8980.43,8963.75,8910.70,8886.84,8823.71,8783.88,8763.38,8690.12,8683.00,8669.19,8620.29,8596.28,8611.14,8669.90,8630.70,8586.83,8553.62,8500.08,8486.03,8456.79,8429.36,8434.89,8459.70,8414.92,8383.74,8330.12,8361.53,8323.51,8336.11,8336.32,8369.93,8379.19,8314.77,8347.25,8310.39,8348.53,8416.51,8296.74,8342.46,8347.32,8359.41,8367.03,8361.40,8308.74,8336.33,8309.50,8327.64,8326.56,8415.08,8425.39,8358.31,8391.06,8379.74,8377.29,8327.29,8315.02,8313.44,8369.11,8364.14,8335.55,8428.69,8398.40,8383.47,8321.56,8316.85,8323.02,8372.20,8376.14,8352.10,8337.81,8352.05,8306.53,8338.42,8287.64,8391.48,8336.55,8354.83,8357.28,8351.87,8368.52,8336.68,8316.47,8367.49,8321.63,8363.07,8423.66
pricerunner_10000_6.csv,6,32.4877,100.00,8404.68,8412.67,10.12,1.88,25.87,4.00,0.010000,1668.33,1666.67,1667.33,1667.33,1665.33,1665.00,obj,11682.30,11287.83,10307.78,9810.69,9462.54,9441.29,9200.74,9106.52,9018.06,9064.26,9049.11,9006.40,8961.71,9020.27,8975.69,8954.97,8904.67,8877.23,8809.23,8773.53,8753.76,8692.26,8674.68,8660.71,8596.91,8597.41,8603.46,8651.03,8639.59,8582.17,8529.73,8484.99,8476.10,8464.10,8421.88,8426.30,8451.13,8413.88,8380.49,8336.06,8353.09,8332.28,8335.32,8334.55,8363.44,8384.51,8305.50,8362.83,8307.48,8346.50,8419.14,8304.32,8346.43,8354.23,8355.20,8362.29,8352.93,8307.89,8356.35,8312.28,8319.32,8327.79,8403.35,8411.16,8361.38,8386.41,8380.64,8365.81,8332.87,8314.54,8304.47,8359.77,8358.82,8337.46,8432.87,8411.27,8381.18,8318.49,8310.42,8313.52,8369.29,8382.96,8342.89,8319.24,8351.20,8302.84,8328.62,8286.74,8384.60,8349.37,8346.03,8355.27,8353.24,8370.68,8338.09,8328.83,8376.36,8321.07,8373.68,8412.67
pricerunner_10000_6.csv,6,35.8625,100.00,8422.63,8425.42,10.89,0.45,33.42,4.00,0.010000,1668.67,1666.67,1667.33,1667.33,1664.00,1666.00,obj,11686.42,11296.34,10301.76,9801.26,9467.51,9458.83,9200.02,9104.74,9023.80,9061.86,9051.74,8998.18,8965.02,9006.62,8980.26,8968.25,8899.98,8885.09,8804.19,8781.47,8769.42,8683.28,8679.54,8666.83,8620.38,8612.14,8611.35,8668.47,8631.46,8590.47,8565.66,8506.48,8478.99,8467.43,8422.41,8413.63,8457.92,8431.22,8383.03,8332.97,8357.05,8336.61,8335.03,8333.25,8365.94,8378.50,8309.57,8368.78,8310.58,8336.77,8436.37,8306.58,8333.39,8357.35,8350.65,8362.04,8358.60,8314.63,8332.81,8310.19,8323.76,8328.41,8393.89,8420.40,8360.73,8380.03,8384.36,8375.55,8317.71,8309.01,8314.06,8362.64,8357.71,8336.69,8441.11,8399.60,8395.80,8319.28,8304.70,8326.22,8375.19,8395.92,8339.97,8327.67,8350.06,8295.28,8334.13,8289.42,8389.89,8343.64,8338.72,8361.10,8358.06,8365.68,8345.13,8314.91,8371.74,8324.32,8357.83,8425.42
pricerunner_10000_6.csv,6,35.4604,100.00,8410.60,8421.56,25.56,0.24,40.58,4.00,0.010000,1667.67,1667.67,1666.00,1667.33,1666.00,1665.33,obj,11680.76,11285.30,10291.59,9797.36,9461.51,9442.76,9184.45,9090.58,9014.71,9058.83,9040.31,9002.11,8971.35,8998.90,8969.42,8954.55,8899.18,8886.06,8809.50,8782.16,8754.14,8692.62,8672.88,8648.25,8614.49,8593.53,8605.91,8652.55,8630.55,8588.83,8541.53,8486.26,8480.86,8443.59,8426.58,8415.19,8452.89,8418.51,8368.79,8336.84,8353.70,8319.29,8335.16,8332.72,8358.19,8388.29,8309.15,8369.90,8303.87,8348.41,8407.23,8299.27,8343.51,8347.25,8360.28,8363.87,8363.07,8307.93,8339.47,8313.62,8318.11,8328.93,8400.54,8416.23,8362.17,8376.40,8379.56,8378.11,8321.13,8306.19,8311.00,8358.75,8366.41,8338.03,8431.95,8403.96,8389.07,8312.40,8309.86,8329.22,8359.86,8380.03,8356.76,8327.27,8351.49,8290.02,8333.79,8288.92,8375.60,8351.08,8349.43,8356.48,8348.09,8356.45,8345.79,8328.88,8374.50,8318.63,8381.23,8421.56
pricerunner_10000_6.csv,6,34.1688,100.00,8406.36,8414.41,10.22,1.18,36.47,4.00,0.010000,1667.67,1668.00,1666.33,1667.33,1665.67,1665.00,obj,11680.69,11285.28,10292.09,9794.32,9460.20,9444.48,9189.01,9089.90,9015.95,9045.22,9039.79,9005.59,8981.53,9013.93,8968.58,8953.01,8910.07,8877.59,8808.36,8769.78,8749.13,8687.90,8680.69,8651.98,8603.58,8610.29,8602.81,8637.03,8628.89,8583.53,8537.40,8488.43,8471.79,8465.82,8415.22,8418.57,8446.59,8419.82,8371.84,8335.57,8354.98,8326.93,8336.21,8346.17,8360.35,8379.79,8314.91,8369.19,8304.95,8349.45,8424.53,8300.31,8349.40,8344.33,8356.37,8360.73,8361.84,8305.69,8340.93,8310.16,8335.10,8321.00,8411.71,8424.67,8360.31,8380.48,8382.79,8366.00,8325.90,8313.99,8313.41,8353.58,8357.63,8332.39,8444.27,8403.45,8382.07,8321.98,8314.66,8323.73,8368.49,8387.40,8346.72,8320.89,8347.79,8319.24,8331.76,8293.68,8375.30,8341.96,8335.57,8353.06,8345.86,8365.71,8342.19,8326.81,8366.47,8329.34,8360.47,8414.41
pricerunner_10000_6.csv,6,34.8087,100.00,8411.29,8422.15,20.89,0.86,26.28,4.00,0.010000,1667.33,1667.33,1666.33,1668.33,1665.67,1665.00,obj,11680.69,11285.28,10292.09,9794.42,9459.07,9442.96,9184.60,9096.21,9010.35,9051.75,9048.93,8999.91,8981.09,9009.32,8975.54,8945.10,8917.92,8885.25,8812.51,8779.86,8753.66,8688.70,8687.38,8651.13,8607.86,8597.49,8609.31,8652.87,8628.55,8591.55,8551.84,8489.13,8495.02,8464.26,8415.99,8419.82,8448.55,8411.44,8378.66,8336.19,8353.00,8336.96,8331.81,8330.54,8365.97,8382.47,8316.35,8345.36,8310.82,8347.47,8416.88,8303.59,8333.82,8355.21,8361.21,8356.49,8356.39,8297.09,8346.48,8314.52,8323.82,8331.45,8407.14,8407.35,8365.06,8373.54,8387.28,8383.48,8331.39,8314.82,8312.06,8353.92,8348.15,8341.79,8426.95,8410.94,8379.78,8314.79,8321.57,8310.06,8384.68,8376.62,8351.95,8326.84,8344.76,8303.12,8332.53,8292.61,8379.47,8333.02,8350.39,8360.29,8360.55,8363.17,8344.86,8314.14,8359.40,8326.45,8369.20,8422.15
cohort_10000_6.csv,6,35.3443,100.00,13717.23,13709.63,216.44,0.27,1645.20,4.00,0.010000,1666.00,1668.00,1666.67,1667.67,1661.33,1670.33,obj,17205.44,16058.35,15057.19,14555.60,14349.42,14017.03,13917.93,13758.63,13713.86,13730.91,13714.72,13702.23,13716.44,13724.52,13708.55,13715.11,13739.12,13718.53,13705.50,13737.59,13732.32,13712.68,13729.95,13740.75,13748.35,13736.42,13693.79,13724.26,13720.54,13716.81,13739.10,13724.51,13738.34,13728.25,13724.70,13743.74,13734.13,13718.24,13709.95,13727.19,13727.57,13697.59,13723.99,13722.98,13746.78,13717.71,13717.18,13703.01,13718.50,13706.10,13723.42,13724.88,13725.28,13736.48,13745.96,13702.82,13738.81,13715.69,13722.36,13710.20,13709.80,13718.68,13716.18,13727.23,13712.28,13747.89,13722.31,13721.57,13691.47,13732.79,13739.66,13724.87,13737.31,13735.01,13719.03,13724.50,13730.68,13726.41,13728.44,13737.82,13722.19,13710.57,13688.12,13712.99,13719.60,13717.69,13726.03,13741.53,13717.95,13731.58,13728.88,13710.40,13719.28,13709.71,13699.86,13754.72,13754.18,13719.76,13716.58,13709.63
cohort_10000_6.csv,6,35.0592,100.00,13721.03,13730.07,126.44,0.92,1678.19,4.00,0.010000,1668.33,1667.67,1667.33,1666.33,1664.33,1666.00,obj,17213.51,16075.94,15077.92,14569.40,14399.83,14141.82,13985.60,13829.98,13781.96,13730.51,13699.93,13707.52,13741.79,13737.40,13715.55,13727.38,13719.72,13700.65,13727.20,13707.94,13731.82,13737.78,13725.70,13734.64,13712.11,13711.26,13724.50,13726.71,13712.95,13743.91,13736.17,13716.49,13724.41,13721.50,13728.97,13749.04,13720.49,13718.25,13713.91,13732.72,13725.16,13717.10,13701.61,13731.17,13732.49,13727.64,13728.33,13727.11,13739.47,13730.86,13689.68,13724.65,13730.68,13712.93,13722.43,13740.99,13729.28,13715.73,13716.41,13715.99,13717.41,13737.05,13726.98,13719.28,13713.23,13725.70,13712.68,13717.89,13718.22,13713.68,13719.74,13740.45,13745.63,13720.96,13724.78,13738.64,13727.24,13720.90,13736.39,13712.62,13723.84,13719.58,13726.06,13721.53,13725.46,13731.72,13710.10,13736.62,13716.34,13727.63,13718.72,13716.58,13715.50,13733.59,13712.27,13751.80,13723.79,13732.86,13708.87,13730.07
cohort_10000_6.csv,6,35.2838,100.00,13732.51,13730.07,33.11,0.33,1649.86,4.00,0.010000,1667.33,1667.33,1666.33,1665.67,1664.00,1669.33,obj,17203.25,16110.30,15097.37,14598.67,14403.85,14119.01,13988.48,13842.57,13747.53,13717.64,13725.13,13712.29,13723.91,13720.74,13717.14,13716.13,13719.21,13712.90,13730.12,13729.38,13712.42,13711.84,13741.43,13730.44,13739.28,13714.56,13700.69,13713.63,13714.08,13729.14,13726.09,13731.98,13717.80,13718.23,13742.86,13741.22,13723.89,13726.26,13717.01,13711.87,13727.97,13687.47,13725.26,13720.47,13726.05,13734.64,13727.80,13727.20,13718.67,13732.79,13718.51,13730.51,13716.07,13697.80,13710.80,13727.22,13755.53,13711.91,13721.46,13716.72,13716.40,13739.98,13694.56,13708.56,13703.30,13739.76,13706.91,13722.48,13718.58,13731.77,13728.53,13704.49,13746.63,13733.73,13715.74,13735.90,13721.98,13722.00,13726.87,13741.83,13722.88,13712.37,13720.20,13715.38,13733.41,13733.77,13731.48,13737.66,13716.82,13714.33,13714.15,13716.51,13714.82,13723.83,13740.51,13728.71,13746.12,13716.69,13710.16,13730.07
cohort_10000_6.csv,6,34.6843,100.00,13697.14,13692.34,77.78,0.43,1685.01,4.00,0.010000,1664.67,1668.67,1668.67,1663.33,1665.00,1669.67,obj,17206.10,16002.30,15044.66,14559.60,14379.54,14086.50,13971.60,13803.00,13715.69,13713.82,13696.03,13707.11,13738.01,13733.38,13712.93,13709.18,13736.69,13704.56,13713.33,13737.30,13709.75,13708.70,13738.07,13740.20,13718.63,13731.62,13701.58,13738.61,13718.45,13718.51,13706.38,13740.81,13722.67,13734.89,13727.99,13731.52,13727.11,13730.80,13700.12,13743.43,13716.25,13724.06,13708.30,13717.99,13722.23,13725.18,13732.91,13730.52,13716.22,13722.66,13724.56,13728.66,13715.46,13705.23,13728.95,13729.54,13736.69,13716.77,13736.63,13719.67,13732.57,13703.10,13717.13,13695.86,13713.83,13724.28,13705.28,13705.81,13737.47,13728.82,13718.02,13728.30,13729.47,13706.14,13727.02,13735.53,13704.94,13719.76,13720.53,13720.73,13740.35,13706.29,13743.15,13732.10,13709.06,13726.86,13725.01,13732.82,13720.17,13725.88,13749.99,13709.65,13728.15,13721.90,13732.02,13751.88,13739.83,13715.69,13719.99,13692.34
cohort_10000_6.csv,6,35.7019,100.00,13715.25,13717.89,44.44,0.17,1680.09,4.00,0.010000,1669.67,1666.33,1666.67,1666.67,1664.33,1666.33,obj,17217.66,15998.08,15058.94,14541.13,14275.35,14030.96,13944.98,13748.19,13736.97,13701.12,13708.49,13696.35,13711.10,13740.95,13717.52,13709.11,13728.82,13706.55,13742.81,13716.98,13700.62,13729.58,13725.01,13729.70,13745.11,13710.30,13724.37,13728.35,13718.94,13722.95,13724.49,13723.76,13711.33,13736.08,13719.41,13732.08,13714.71,13724.81,13715.84,13731.91,13727.99,13724.96,13707.58,13730.31,13715.44,13715.26,13740.90,13730.58,13712.36,13704.27,13697.95,13713.95,13748.85,13724.24,13713.61,13750.45,13727.91,13714.94,13716.84,13716.86,13737.93,13700.16,13732.71,13730.12,13736.38,13729.75,13740.03,13721.99,13700.90,13739.99,13718.27,13717.71,13718.71,13750.62,13730.83,13732.34,13731.53,13716.07,13718.63,13740.69,13735.00,13700.23,13704.31,13725.97,13720.04,13720.15,13718.40,13742.56,13701.36,13726.48,13708.43,13727.94,13716.83,13725.93,13729.43,13739.28,13740.21,13726.03,13721.85,13717.89
cohort_10000_6.csv,6,35.2837,100.00,13708.73,13710.61,29.78,0.14,1677.11,4.00,0.010000,1667.67,1669.33,1666.67,1664.00,1667.33,1665.00,obj,17217.66,16001.22,15100.13,14568.88,14302.54,14019.78,13956.08,13797.71,13752.50,13711.30,13708.43,13702.81,13719.81,13747.78,13707.80,13728.00,13730.37,13736.07,13725.45,13726.54,13695.90,13723.22,13731.98,13735.12,13732.35,13735.80,13709.70,13730.90,13694.11,13729.70,13741.10,13723.27,13726.84,13724.75,13714.67,13727.82,13732.02,13735.40,13717.43,13708.04,13715.56,13723.39,13740.02,13717.71,13727.51,13724.91,13701.90,13733.73,13719.55,13733.41,13733.94,13707.02,13747.34,13726.65,13707.88,13715.77,13748.20,13719.65,13703.12,13703.84,13729.90,13694.12,13738.34,13718.21,13711.38,13719.09,13724.88,13721.08,13718.06,13732.74,13732.52,13736.17,13723.87,13717.95,13737.97,13709.13,13750.35,13699.84,13736.03,13703.01,13734.87,13705.72,13725.85,13727.97,13719.41,13718.72,13699.93,13740.31,13723.04,13737.11,13710.51,13716.75,13708.29,13725.24,13727.22,13739.29,13723.37,13715.44,13735.58,13710.61
diabeteshealthindicators1_10000_6.csv,6,36.5783,100.00,165751.24,165777.80,149.56,0.48,455.89,4.00,0.010000,1666.67,1670.67,1665.33,1666.33,1661.00,1670.00,obj,177953.98,173167.87,171077.17,169702.91,169367.83,169027.50,168668.63,168099.45,167941.38,167411.61,167178.87,166956.62,166931.45,166655.83,166886.53,166650.13,166616.27,166632.08,166658.42,166675.61,166263.76,166143.59,166005.13,165815.00,166115.16,165911.20,166074.15,165893.37,165956.97,165867.50,165844.52,165770.78,165846.51,165820.27,165870.84,165891.94,165769.97,165744.12,165960.59,165707.37,165808.66,165931.30,165886.11,165845.76,165683.71,165813.25,165943.97,165644.23,165931.36,165823.51,165743.16,165744.62,165805.98,165793.69,165769.67,165793.04,165965.95,165617.38,165819.44,165821.77,165816.76,165814.37,165832.12,165828.48,165676.87,165828.88,165882.28,165834.29,165799.39,165856.82,165694.08,165777.43,165706.29,165867.29,165715.06,165731.54,165867.91,165710.15,165733.30,165688.61,165801.51,165724.54,165709.65,165791.69,165762.36,165623.04,165747.96,165860.50,165786.65,165788.76,165694.21,165716.82,165730.60,165715.48,165813.73,165778.99,165763.07,165735.29,165813.56,165777.80
diabeteshealthindicators1_10000_6.csv,6,36.7296,100.00,165725.72,165760.26,225.10,0.27,454.93,4.00,0.010000,1666.33,1670.33,1666.33,1667.00,1659.00,1671.00,obj,177953.46,173164.76,171073.78,169717.57,169388.83,168994.82,168633.94,168104.71,167899.40,167428.55,167179.32,166961.75,166907.86,166639.59,166885.06,166647.68,166623.46,166626.87,166682.73,166657.79,166265.23,166120.16,166003.81,165796.85,166127.40,165923.17,166091.71,165844.93,165931.27,165812.38,165830.17,165759.94,165797.91,165835.62,165898.24,165894.21,165790.30,165775.43,165904.34,165720.01,165826.94,165928.26,165858.37,165825.69,165691.28,165814.56,165939.28,165661.71,165897.65,165836.82,165698.75,165741.62,165778.85,165793.97,165758.91,165768.59,166003.26,165611.59,165772.17,165845.69,165820.04,165814.34,165803.84,165842.06,165673.64,165801.22,165867.54,165825.39,165820.59,165852.49,165681.18,165794.14,165723.51,165872.44,165718.56,165722.26,165877.36,165720.71,165734.21,165678.65,165791.11,165677.10,165680.57,165816.62,165749.10,165641.76,165719.00,165836.13,165775.97,165771.02,165684.05,165663.49,165725.65,165720.63,165795.55,165790.68,165738.53,165745.53,165797.38,165760.26
diabeteshealthindicators1_10000_6.csv,6,34.3046,100.00,165719.96,165754.25,218.89,0.12,418.80,4.00,0.010000,1665.67,1670.67,1667.00,1665.33,1660.67,1670.67,obj,177930.42,173143.96,171073.95,169697.62,169386.79,169017.47,168593.46,168117.60,167942.15,167447.58,167179.10,166958.99,166916.81,166649.63,166816.59,166603.39,166608.71,166549.44,166644.08,166667.65,166192.59,166063.44,165998.95,165823.34,166166.46,165937.70,166055.42,165860.61,165935.13,165839.12,165868.56,165755.26,165792.83,165805.21,165880.79,165876.25,165776.58,165763.26,165904.77,165699.67,165839.59,165936.03,165841.24,165837.41,165711.75,165817.17,165927.86,165672.70,165904.71,165825.00,165693.83,165732.70,165785.94,165800.64,165734.77,165778.01,166001.65,165596.58,165753.55,165847.75,165792.15,165777.90,165813.47,165797.41,165667.20,165807.90,165902.82,165800.19,165773.97,165861.86,165680.98,165765.93,165691.44,165872.54,165699.36,165681.49,165897.33,165684.97,165718.54,165683.96,165777.58,165675.27,165697.25,165790.64,165759.47,165624.72,165719.78,165836.78,165801.11,165753.67,165663.58,165693.47,165712.67,165720.42,165790.93,165773.46,165757.74,165723.59,165797.18,165754.25
diabeteshealthindicators1_10000_6.csv,6,35.1950,100.00,165748.69,165770.66,147.61,0.47,461.58,4.00,0.010000,1665.67,1669.67,1666.00,1666.33,1661.33,1671.00,obj,177939.09,173143.11,171080.92,169727.12,169378.78,169013.16,168637.30,168116.86,167899.07,167436.91,167189.01,166943.89,166917.72,166621.97,166870.37,166642.30,166560.72,166573.59,166651.61,166643.02,166237.25,166126.68,165991.59,165784.34,166116.28,165904.89,166023.67,165858.39,165945.68,165837.11,165828.66,165778.54,165820.45,165810.61,165881.32,165875.00,165782.08,165732.10,165890.25,165713.84,165776.02,165894.30,165869.70,165812.07,165698.70,165789.91,165949.89,165644.91,165893.91,165813.00,165720.90,165723.53,165788.52,165765.52,165753.82,165746.54,165971.35,165571.87,165741.81,165827.35,165812.05,165783.89,165799.39,165771.82,165659.18,165812.96,165854.70,165794.39,165766.32,165824.06,165705.07,165755.56,165699.70,165840.73,165683.43,165694.27,165845.02,165685.21,165718.98,165687.02,165811.53,165688.66,165691.13,165785.92,165738.84,165641.43,165695.93,165817.67,165795.54,165761.25,165647.20,165660.76,165704.09,165718.49,165784.10,165765.11,165783.96,165724.84,165799.89,165770.66
diabeteshealthindicators1_10000_6.csv,6,36.2890,100.00,165710.39,165751.16,190.22,0.19,450.72,4.00,0.010000,1665.33,1669.67,1668.67,1665.67,1661.00,1669.67,obj,177938.20,173140.13,171090.48,169751.68,169399.66,168995.48,168669.15,168134.90,167918.98,167450.01,167190.96,166981.19,166915.73,166667.33,166903.93,166643.04,166608.48,166585.68,166620.25,166651.35,166280.62,166157.21,165981.92,165806.60,166121.75,165907.11,166068.23,165871.76,165949.44,165850.31,165869.27,165759.50,165816.11,165799.00,165866.98,165904.12,165771.35,165736.16,165913.33,165722.69,165840.81,165932.18,165865.46,165815.27,165680.46,165821.93,165991.79,165679.26,165909.34,165845.80,165711.72,165735.34,165799.41,165812.10,165734.50,165774.35,165958.58,165584.61,165765.79,165847.46,165810.23,165818.67,165823.16,165799.72,165698.99,165811.52,165875.13,165815.40,165762.97,165820.79,165665.44,165770.80,165673.68,165844.40,165733.38,165719.28,165849.71,165707.65,165737.96,165678.72,165829.97,165703.61,165692.38,165781.80,165729.23,165660.32,165724.75,165812.37,165770.88,165784.85,165691.50,165677.93,165689.23,165723.50,165791.44,165780.96,165765.59,165730.68,165820.34,165751.16
diabeteshealthindicators1_10000_6.csv,6,35.4492,100.00,165713.07,165731.37,149.33,0.31,444.30,4.00,0.010000,1667.33,1668.00,1666.00,1666.33,1661.67,1670.67,obj,177938.20,173140.13,171090.48,169744.39,169396.48,169001.34,168666.92,168133.49,167891.52,167476.16,167173.27,166976.59,166903.37,166683.80,166872.27,166656.17,166598.91,166547.73,166681.82,166667.07,166302.40,166157.56,166006.63,165806.87,166119.87,165905.99,166058.65,165919.84,165973.41,165843.12,165862.03,165760.61,165813.57,165823.57,165849.96,165896.93,165766.83,165750.88,165898.29,165710.05,165815.52,165907.67,165856.64,165819.64,165676.83,165820.05,165915.24,165643.45,165892.94,165826.77,165747.66,165730.91,165770.73,165788.37,165733.15,165746.76,165968.88,165593.41,165795.36,165836.33,165790.55,165777.18,165789.86,165772.28,165690.55,165767.70,165889.72,165804.73,165764.56,165862.93,165704.85,165725.26,165682.53,165853.65,165683.16,165714.47,165858.30,165668.14,165721.49,165652.24,165805.02,165676.40,165670.74,165767.57,165743.65,165624.67,165715.20,165818.40,165747.97,165737.24,165679.14,165683.72,165696.44,165712.20,165779.35,165764.20,165748.84,165711.18,165795.48,165731.37
NHANES_10000_6.csv,6,3.1936,100.00,11972.61,11971.29,77.12,0.06,46.87,4.00,0.010000,379.33,380.00,382.67,378.00,380.00,378.00,obj,14344.09,12964.93,12978.37,12526.00,12292.40,12004.04,11982.92,12020.76,11966.93,12011.84,11973.77,11997.00,11984.95,12016.31,12021.63,11995.27,11989.27,12030.83,12009.31,12021.98,11966.96,12005.93,12009.46,11993.38,12008.64,11963.57,11996.17,11950.19,11978.11,11975.27,11980.96,11991.50,11980.62,11962.74,12026.05,11990.06,11973.92,11975.16,11981.29,12013.85,11964.19,11995.63,11995.29,11965.66,12024.84,12005.03,11974.49,11967.73,11987.36,12008.07,11960.00,11987.04,11986.65,12003.28,11981.87,11993.69,12010.51,11953.50,12003.02,11993.35,11980.40,11973.97,11955.08,11985.54,11945.33,11993.50,12002.03,11982.61,11965.71,11990.61,12006.57,11984.55,11963.28,11976.80,11962.66,11960.77,11996.14,11969.62,11993.53,11978.21,12009.82,11993.67,12012.19,11996.50,11990.98,11985.31,11975.56,11968.85,11956.81,11971.54,11970.74,11984.40,11993.58,11991.80,11993.08,11945.05,11973.76,12013.93,11982.23,11971.29
NHANES_10000_6.csv,6,3.3024,100.00,11971.81,11970.72,74.94,0.02,46.75,4.00,0.010000,379.00,380.67,382.33,377.67,380.00,378.33,obj,14344.09,12962.24,12985.31,12496.13,12281.31,12010.11,11990.88,12023.30,11967.19,12005.14,11970.00,11998.56,11980.56,12023.33,12013.55,11985.78,11993.83,12029.03,12008.41,12012.48,11974.58,11999.81,12015.11,11980.73,12003.82,11957.96,12000.09,11947.53,11983.05,11975.86,11974.82,11989.46,11980.77,11963.74,12026.58,11980.57,11970.41,11975.96,11978.86,12017.51,11961.39,11995.29,11995.40,11964.79,12025.90,12004.44,11976.46,11972.40,11991.13,12012.23,11953.03,11989.32,11979.10,12004.23,11976.12,11999.34,12005.19,11953.37,12000.76,11990.94,11980.90,11981.95,11953.62,11983.39,11945.95,11995.11,12005.77,11989.01,11965.63,11985.69,12002.25,11979.89,11962.01,11974.54,11961.97,11956.71,11999.30,11966.51,11992.65,11976.06,12011.76,11996.34,12009.61,11997.20,11993.67,11983.05,11976.38,11971.56,11955.92,11974.20,11975.20,11984.66,11987.31,11995.68,11989.79,11942.77,11972.98,12008.83,11982.53,11970.72
NHANES_10000_6.csv,6,3.2598,100.00,11970.53,11969.86,52.75,0.01,48.96,4.00,0.010000,379.33,380.00,381.33,378.00,380.67,378.67,obj,14344.09,12960.31,12996.90,12512.33,12288.78,12007.40,11984.02,12024.43,11970.78,12006.76,11971.98,11993.28,11978.62,12027.61,12016.35,11994.53,11983.74,12040.04,11997.81,12023.56,11972.31,12000.11,12021.16,11969.59,12002.77,11951.03,11999.38,11949.18,11987.64,11974.50,11983.80,11990.00,11979.09,11967.34,12026.88,11981.79,11972.39,11975.10,11978.87,12019.35,11962.12,11996.99,11996.08,11964.20,12026.24,12006.34,11972.18,11969.97,11987.59,12011.81,11957.13,11989.57,11980.83,12000.25,11982.95,11990.94,12007.02,11953.89,12004.36,11990.16,11984.18,11977.47,11953.76,11982.52,11946.78,11995.27,12001.29,11985.47,11962.95,11986.57,12001.71,11985.66,11962.50,11978.40,11960.42,11956.53,11996.60,11967.36,11996.23,11973.28,12010.26,11994.91,12006.83,11997.93,12001.06,11982.88,11975.19,11967.71,11959.27,11976.21,11967.32,11982.17,11993.76,11992.76,11992.87,11942.84,11969.15,12007.41,11978.96,11969.86
NHANES_10000_6.csv,6,3.2843,100.00,11968.82,11967.85,74.94,0.07,56.57,4.00,0.010000,379.33,379.67,382.00,378.00,380.67,378.33,obj,14342.77,12959.76,13000.42,12517.77,12289.15,12008.84,11986.65,12019.57,11966.98,12005.33,11974.44,11993.00,11976.95,12016.18,12018.86,11992.95,11988.31,12042.56,11994.16,12020.40,11978.40,11988.39,12018.15,11972.09,11999.14,11955.16,11993.49,11951.22,11979.13,11978.74,11973.73,11988.33,11981.88,11963.76,12027.99,11984.18,11967.27,11975.69,11979.61,12014.66,11961.88,11994.61,11992.55,11966.33,12027.03,12002.80,11978.69,11962.17,11989.48,12007.81,11954.18,11984.21,11982.91,12005.54,11980.09,11991.98,12002.56,11952.94,11999.29,11989.81,11981.64,11976.55,11952.39,11985.75,11943.30,11996.83,12000.38,11986.75,11965.49,11986.82,12002.54,11985.68,11963.76,11976.72,11960.39,11959.10,11997.94,11967.39,11996.97,11976.27,12009.94,11994.54,12005.40,11990.58,11999.13,11982.14,11977.22,11969.83,11957.18,11976.66,11967.05,11984.31,11989.61,11996.71,11992.70,11941.70,11969.01,12007.65,11980.21,11967.85
NHANES_10000_6.csv,6,3.3427,100.00,11968.40,11967.85,76.75,0.05,50.75,4.00,0.010000,379.00,380.00,382.67,377.67,380.00,378.67,obj,14337.26,12961.14,12988.90,12506.96,12292.21,12008.67,11980.12,12024.58,11969.74,11999.66,11974.71,11992.85,11981.24,12017.59,12024.29,11983.88,11992.38,12031.67,11993.37,12018.00,11973.33,12005.78,12004.12,11995.39,12007.86,11959.54,11998.18,11952.62,11978.07,11975.13,11975.91,11990.42,11984.08,11962.93,12025.66,11985.70,11970.45,11974.27,11979.80,12014.54,11962.95,11992.72,11996.72,11963.13,12022.84,12007.80,11973.10,11968.45,11986.63,12011.89,11957.83,11985.96,11980.79,12003.90,11981.68,11992.81,11997.00,11954.66,12004.00,11993.62,11976.08,11979.19,11954.65,11985.48,11945.29,11997.58,11997.88,11986.33,11967.33,11985.07,12005.78,11984.92,11964.62,11978.33,11959.83,11959.83,12000.96,11968.11,11997.48,11975.65,12011.89,11994.60,12005.42,11998.09,12002.10,11981.91,11975.64,11971.19,11957.56,11973.40,11970.22,11982.21,11989.24,11996.95,11992.63,11941.41,11969.52,12006.15,11981.25,11967.85
NHANES_10000_6.csv,6,3.2272,100.00,11970.38,11969.81,76.75,0.06,50.14,4.00,0.010000,379.33,380.00,383.00,377.33,379.67,378.67,obj,14337.26,12961.14,12988.90,12506.96,12292.21,12008.67,11980.12,12024.58,11969.74,11999.66,11974.71,11992.85,11981.24,12017.59,12024.29,11983.88,11992.38,12031.67,11993.37,12018.00,11973.33,12005.78,12004.12,11995.39,12007.86,11959.54,11998.18,11952.62,11978.07,11975.13,11975.91,11990.42,11984.08,11962.93,12025.66,11985.70,11970.45,11974.27,11979.80,12014.54,11962.95,11992.72,11996.72,11963.13,12022.84,12007.80,11973.10,11968.45,11986.63,12011.89,11957.83,11985.96,11980.79,12003.90,11981.68,11991.07,12002.93,11953.37,12002.94,11995.27,11977.26,11978.04,11954.81,11986.00,11945.25,11996.73,11996.71,11986.37,11967.70,11985.81,12007.37,11984.78,11965.53,11976.97,11961.56,11960.21,11999.22,11968.74,11997.94,11975.26,12009.32,11994.52,12005.47,11998.47,12001.58,11981.91,11976.35,11971.13,11956.98,11976.06,11975.79,11981.88,11989.44,11993.97,11993.32,11941.38,11971.55,12006.05,11981.01,11969.81
athlete_10000_4.csv,4,10.8080,100.00,18154.52,18155.25,19.67,0.24,31.67,4.00,0.010000,2493.00,2506.00,2498.00,2503.00,obj,20175.21,19828.97,20145.37,20206.45,20462.48,20529.18,20327.97,20458.88,20208.64,20215.96,20076.44,19968.92,20060.51,19847.70,19850.24,19839.82,19768.22,19779.42,19745.71,19565.96,19536.54,19497.87,19420.48,19413.88,19307.64,19245.83,19182.56,19204.33,19115.53,19089.27,19042.15,19043.86,18873.28,18918.20,18837.82,18879.16,18802.77,18756.59,18725.08,18615.90,18640.21,18575.22,18570.22,18489.34,18555.85,18406.73,18390.20,18365.50,18384.46,18343.59,18289.94,18258.25,18244.72,18249.48,18343.96,18308.82,18244.11,18256.96,18287.35,18213.36,18276.14,18197.87,18205.43,18284.17,18166.12,18205.22,18212.94,18144.89,18161.58,18153.39,18158.22,18159.22,18139.82,18151.02,18143.42,18113.66,18134.92,18136.15,18101.40,18142.33,18142.22,18116.45,18122.30,18145.50,18116.27,18157.05,18127.18,18129.32,18193.74,18165.91,18080.58,18096.64,18112.05,18150.66,18115.20,18039.20,18142.05,18112.63,18128.93,18155.25
athlete_10000_4.csv,4,10.8008,100.00,18140.47,18140.33,14.33,0.01,36.48,4.00,0.010000,2492.67,2506.67,2498.00,2502.67,obj,20173.77,19824.04,20134.77,20207.35,20469.87,20551.59,20321.45,20462.77,20197.06,20210.95,20090.63,19981.89,20059.51,19837.90,19843.25,19841.59,19750.10,19780.72,19740.44,19577.79,19528.53,19503.87,19423.37,19412.72,19286.37,19253.85,19182.86,19192.83,19087.80,19094.37,19040.48,19034.81,18866.75,18911.15,18821.40,18862.23,18809.02,18744.49,18705.25,18603.57,18622.05,18566.86,18570.86,18485.41,18521.73,18392.44,18382.04,18353.95,18385.22,18337.83,18293.17,18262.38,18243.93,18245.13,18327.37,18306.73,18241.47,18252.62,18266.11,18192.02,18270.82,18199.06,18192.26,18268.42,18144.88,18205.94,18209.52,18130.81,18145.17,18171.06,18161.99,18167.90,18122.76,18141.08,18154.19,18110.31,18126.27,18127.73,18100.54,18142.52,18133.55,18131.18,18127.18,18146.52,18116.58,18136.50,18128.51,18131.21,18158.29,18149.22,18076.21,18092.44,18121.82,18139.91,18100.68,18036.51,18126.48,18092.50,18109.04,18140.33
athlete_10000_4.csv,4,14.9297,100.00,18143.83,18145.99,57.00,4.58,40.40,4.00,0.010000,2493.33,2504.67,2497.67,2504.33,obj,20171.18,19822.83,20136.70,20198.07,20458.77,20551.89,20327.90,20453.56,20175.59,20212.11,20069.92,19974.76,20046.46,19844.01,19841.03,19829.57,19744.64,19772.27,19734.41,19571.04,19517.07,19493.71,19403.70,19397.71,19292.47,19243.61,19188.72,19202.53,19105.63,19097.91,19025.64,19032.74,18869.03,18902.43,18818.91,18858.41,18804.63,18737.06,18715.11,18617.78,18620.60,18564.70,18566.47,18487.64,18520.72,18395.00,18388.61,18329.53,18373.90,18329.19,18302.45,18249.08,18217.38,18216.79,18305.79,18298.25,18250.16,18265.62,18266.54,18190.59,18264.55,18189.59,18199.14,18258.95,18179.65,18204.17,18209.04,18140.07,18138.66,18178.54,18145.19,18153.84,18126.25,18154.41,18126.95,18100.24,18123.47,18125.60,18105.20,18149.56,18134.21,18138.06,18110.32,18141.71,18117.89,18142.95,18109.51,18145.68,18169.87,18162.59,18083.17,18095.32,18120.47,18151.93,18124.59,18046.85,18139.00,18110.39,18118.71,18145.99
athlete_10000_4.csv,4,20.1138,100.00,18152.17,18151.67,19.67,0.31,26.53,4.00,0.010000,2493.67,2505.67,2498.00,2502.67,obj,20168.50,19822.71,20141.83,20202.85,20470.88,20543.29,20314.62,20456.59,20192.83,20194.77,20075.98,19977.03,20042.84,19829.67,19834.69,19829.86,19742.44,19767.52,19746.95,19571.72,19526.35,19494.36,19406.41,19414.72,19270.15,19248.42,19182.62,19201.92,19105.70,19086.73,19022.13,19026.65,18869.17,18907.22,18829.75,18858.58,18795.87,18738.03,18709.83,18620.14,18626.86,18581.52,18563.95,18488.87,18534.07,18396.53,18380.27,18355.41,18356.61,18319.38,18279.87,18248.04,18226.07,18244.14,18321.46,18286.75,18230.25,18234.32,18256.82,18199.65,18265.98,18186.43,18184.05,18256.03,18156.24,18201.58,18188.25,18124.45,18127.05,18171.28,18148.80,18150.85,18113.53,18133.01,18134.22,18095.03,18115.95,18126.24,18089.89,18133.49,18116.69,18108.86,18112.42,18124.39,18095.90,18126.27,18129.88,18138.76,18152.90,18161.31,18074.93,18110.33,18124.31,18152.15,18128.51,18040.50,18137.22,18117.45,18122.94,18151.67
athlete_10000_4.csv,4,21.3163,100.00,18145.67,18145.62,27.67,1.27,28.66,4.00,0.010000,2494.00,2505.33,2497.33,2503.33,obj,20168.50,19822.03,20141.95,20206.38,20463.80,20533.82,20318.84,20455.79,20203.60,20196.03,20071.25,19973.69,20035.42,19837.75,19833.34,19829.42,19737.58,19761.88,19746.11,19567.54,19518.47,19494.08,19406.12,19399.77,19284.73,19244.30,19174.60,19196.26,19102.77,19082.35,19022.89,19018.45,18867.80,18912.52,18821.48,18861.23,18786.15,18737.98,18709.89,18605.63,18626.66,18562.93,18561.53,18477.28,18534.86,18387.77,18368.27,18342.22,18381.64,18320.89,18287.95,18247.93,18228.80,18228.18,18310.68,18259.56,18240.40,18240.50,18279.54,18193.26,18263.78,18185.62,18177.91,18266.26,18155.28,18188.41,18195.36,18138.78,18141.12,18174.33,18169.00,18156.45,18111.03,18148.80,18153.65,18117.88,18123.80,18122.76,18103.72,18143.18,18138.87,18118.91,18118.30,18147.87,18109.35,18136.14,18126.43,18131.30,18156.05,18172.29,18069.92,18086.41,18097.50,18148.77,18112.95,18039.07,18126.07,18100.25,18115.79,18145.62
athlete_10000_4.csv,4,20.5485,100.00,18161.73,18161.94,9.00,0.67,32.29,4.00,0.010000,2493.67,2505.67,2498.33,2502.33,obj,20168.50,19822.03,20141.95,20201.38,20462.00,20533.71,20314.40,20454.92,20212.27,20195.17,20063.79,19955.77,20052.04,19838.39,19817.52,19830.25,19739.80,19763.81,19730.26,19566.94,19522.66,19500.32,19414.86,19400.05,19281.96,19251.68,19188.86,19192.73,19101.18,19090.52,19028.74,19034.89,18860.86,18904.37,18835.84,18857.16,18787.27,18750.59,18713.88,18623.24,18611.19,18565.15,18552.73,18486.31,18524.66,18385.29,18380.09,18352.30,18378.15,18325.81,18277.67,18244.07,18226.13,18228.63,18312.81,18269.32,18239.13,18249.63,18268.27,18206.88,18269.51,18193.63,18198.71,18261.69,18185.15,18202.85,18210.42,18146.54,18153.81,18158.26,18144.73,18161.40,18121.01,18135.14,18153.26,18121.41,18117.86,18130.92,18104.36,18141.42,18127.76,18131.79,18131.99,18142.40,18115.85,18157.42,18135.19,18151.79,18179.56,18182.06,18078.06,18099.41,18109.95,18151.46,18119.75,18051.77,18150.38,18101.08,18124.23,18161.94
census_10000_4.csv,4,21.2559,100.00,27775.72,27778.82,19.67,0.59,120.86,4.00,0.010000,2499.67,2503.00,2501.33,2496.00,obj,32628.25,31797.44,31342.04,30900.72,30636.91,30343.33,30155.73,30017.84,29805.01,29660.49,29502.80,29398.99,29218.12,29041.00,28848.37,28681.45,28566.09,28480.10,28281.24,28199.51,28146.21,28104.30,28023.85,27923.75,27826.24,27784.55,27782.16,27779.27,27737.59,27674.66,27737.59,27737.51,27748.66,27709.56,27704.00,27642.07,27640.32,27610.47,27632.05,27695.94,27675.42,27661.92,27672.69,27661.62,27725.65,27682.08,27707.05,27606.90,27670.15,27669.38,27611.91,27636.03,27667.54,27636.02,27647.69,27635.19,27650.33,27666.22,27654.42,27665.50,27628.25,27641.19,27642.08,27644.32,27676.30,27789.32,27737.11,27745.13,27748.41,27683.29,27728.57,27748.27,27762.22,27781.24,27782.79,27784.79,27795.71,27765.73,27828.24,27815.17,27784.71,27781.55,27803.82,27764.58,27824.68,27809.13,27772.04,27796.80,27835.87,27805.20,27806.69,27777.57,27820.99,27831.15,27806.22,27833.28,27835.06,27792.13,27813.42,27778.82
census_10000_4.csv,4,21.8521,100.00,27762.86,27772.48,91.67,0.39,139.44,4.00,0.010000,2498.67,2503.33,2504.33,2493.67,obj,32628.22,31795.29,31339.95,30899.33,30626.91,30339.79,30154.37,30003.68,29808.51,29660.94,29492.59,29400.59,29202.61,28981.38,28733.78,28598.68,28453.53,28394.72,28186.33,28124.79,28117.35,28037.56,27954.83,27910.00,27848.21,27810.21,27782.09,27829.66,27827.94,27773.83,27793.68,27770.63,27716.14,27729.29,27733.83,27702.79,27707.66,27694.34,27664.88,27657.84,27662.37,27674.17,27625.35,27645.27,27686.10,27620.44,27610.86,27569.58,27605.30,27581.89,27521.04,27570.41,27612.73,27534.09,27565.59,27575.87,27556.48,27597.34,27603.57,27602.24,27568.61,27564.22,27637.88,27617.27,27653.75,27751.05,27792.86,27756.82,27705.87,27681.26,27706.17,27713.88,27733.39,27729.60,27723.90,27721.93,27740.26,27737.16,27782.96,27733.63,27728.64,27725.09,27747.51,27725.22,27768.23,27773.62,27710.93,27756.28,27791.82,27777.38,27779.14,27741.55,27776.20,27795.47,27760.43,27791.94,27779.83,27785.52,27778.60,27772.48
census_10000_4.csv,4,20.8114,100.00,27740.24,27745.52,43.67,0.60,153.69,4.00,0.010000,2497.33,2501.67,2505.67,2495.33,obj,32628.17,31792.96,31334.62,30897.68,30629.47,30335.39,30152.37,30002.69,29810.77,29655.08,29472.28,29346.18,29113.56,28863.87,28643.71,28529.41,28392.29,28334.92,28115.95,28055.51,28058.18,27987.72,27897.00,27864.29,27816.80,27771.82,27764.76,27812.65,27794.96,27760.07,27787.08,27751.32,27708.37,27727.68,27734.67,27691.33,27706.02,27689.28,27661.78,27654.00,27675.29,27665.02,27619.52,27650.80,27641.65,27623.95,27611.81,27567.31,27610.40,27607.48,27512.04,27566.71,27611.45,27533.00,27579.06,27572.15,27562.18,27594.01,27597.60,27613.26,27556.28,27561.06,27594.36,27595.45,27634.58,27754.34,27745.67,27717.14,27685.15,27660.71,27680.69,27706.78,27714.01,27718.99,27695.18,27705.66,27721.58,27709.84,27760.95,27715.46,27713.70,27710.70,27727.40,27704.29,27748.90,27752.83,27693.34,27738.54,27757.56,27753.62,27746.20,27708.07,27759.43,27775.66,27744.09,27758.78,27764.78,27748.95,27755.47,27745.52
census_10000_4.csv,4,21.8841,100.00,27751.40,27754.44,46.33,0.41,101.66,4.00,0.010000,2498.33,2503.67,2502.67,2495.33,obj,32627.89,31795.34,31344.50,30904.51,30637.28,30342.44,30143.49,29997.98,29799.66,29642.15,29468.13,29357.87,29146.40,28919.04,28738.37,28591.02,28458.08,28383.38,28211.35,28084.12,28121.48,28038.87,27944.11,27847.23,27774.70,27755.93,27757.09,27742.04,27701.25,27658.25,27716.72,27732.59,27717.01,27699.50,27665.06,27605.05,27657.45,27664.03,27639.31,27699.38,27693.46,27676.05,27660.15,27664.08,27697.66,27659.36,27678.41,27580.19,27635.64,27648.19,27582.82,27613.39,27634.44,27610.81,27614.15,27623.13,27619.29,27641.43,27639.94,27647.76,27611.95,27611.61,27638.42,27630.39,27664.43,27781.71,27724.01,27702.90,27738.42,27667.15,27707.26,27690.17,27730.57,27741.84,27752.59,27751.36,27762.58,27755.82,27794.57,27794.80,27751.67,27753.17,27773.66,27724.04,27798.40,27789.25,27736.38,27769.32,27809.27,27797.39,27778.45,27756.36,27795.67,27798.88,27782.87,27790.30,27829.19,27766.85,27785.44,27754.44
census_10000_4.csv,4,20.6523,100.00,27771.79,27775.30,33.00,0.43,136.11,4.00,0.010000,2499.67,2502.00,2503.00,2495.33,obj,32628.13,31794.24,31342.65,30903.94,30634.60,30338.41,30142.77,30001.13,29785.62,29626.35,29441.95,29300.36,29066.49,28857.34,28667.64,28543.66,28396.50,28337.51,28151.39,28050.97,28087.24,28017.17,27912.79,27816.58,27767.29,27739.49,27742.04,27736.98,27693.53,27665.52,27737.61,27740.66,27691.87,27682.52,27677.31,27602.58,27665.49,27671.82,27668.25,27726.62,27689.98,27686.42,27651.84,27673.82,27709.18,27647.70,27675.14,27574.89,27639.52,27650.77,27584.47,27614.37,27621.80,27608.84,27612.88,27622.28,27616.07,27638.94,27640.03,27645.41,27611.77,27616.72,27648.15,27610.83,27663.56,27769.09,27749.72,27739.56,27745.52,27681.28,27728.57,27734.91,27746.32,27760.75,27783.67,27771.48,27794.15,27764.49,27801.33,27817.04,27764.49,27777.12,27781.44,27747.52,27816.30,27801.27,27746.25,27781.27,27809.03,27798.70,27798.13,27748.42,27817.18,27814.54,27787.80,27804.69,27824.76,27775.10,27802.45,27775.30
census_10000_4.csv,4,21.2954,100.00,27794.63,27800.51,38.33,0.64,121.49,4.00,0.010000,2499.33,2502.67,2503.33,2494.67,obj,32629.07,31792.35,31338.41,30910.69,30634.36,30342.99,30138.37,29995.52,29799.25,29638.25,29482.04,29365.15,29176.85,28973.47,28776.26,28609.72,28500.38,28419.23,28229.87,28122.15,28135.70,28068.55,27970.43,27872.78,27783.97,27762.99,27760.85,27759.05,27692.69,27654.27,27731.01,27728.46,27725.00,27704.46,27662.39,27617.56,27637.27,27651.30,27624.99,27684.62,27667.21,27656.29,27647.31,27668.02,27692.88,27669.93,27677.59,27574.29,27639.00,27648.31,27588.47,27602.67,27643.53,27622.88,27620.14,27626.30,27622.68,27630.23,27644.95,27656.80,27611.90,27613.76,27643.63,27632.46,27665.61,27774.40,27732.66,27746.04,27739.96,27685.29,27728.99,27730.40,27747.85,27766.47,27775.09,27754.76,27789.29,27761.92,27813.40,27810.47,27768.69,27777.42,27791.39,27747.47,27824.54,27811.66,27762.98,27793.41,27823.54,27819.39,27808.44,27784.80,27819.69,27834.39,27800.95,27829.25,27832.83,27785.59,27812.07,27800.51
Spanish_10000_4.csv,4,10.8827,100.00,15345.83,15347.44,228.41,0.36,232.15,4.00,0.010000,1190.67,1186.67,1186.33,1182.33,obj,18164.87,17271.46,16782.09,16394.83,16081.47,15731.54,15605.51,15492.53,15435.09,15421.95,15374.70,15406.82,15391.44,15397.00,15313.19,15363.20,15346.04,15310.64,15289.33,15277.96,15334.85,15345.43,15375.34,15320.96,15320.10,15357.66,15364.07,15350.15,15313.67,15383.21,15356.45,15335.74,15372.64,15322.57,15354.55,15374.84,15345.11,15371.21,15296.77,15378.63,15329.15,15322.77,15322.92,15352.80,15349.12,15319.47,15329.90,15382.38,15347.23,15357.30,15364.44,15317.33,15388.90,15298.66,15346.98,15333.46,15337.67,15327.57,15290.05,15328.78,15385.25,15304.37,15343.03,15345.36,15360.14,15340.39,15320.24,15331.60,15308.33,15353.08,15374.53,15350.35,15315.84,15301.19,15364.71,15339.59,15325.03,15355.08,15310.43,15336.02,15353.65,15331.93,15336.36,15332.28,15368.00,15354.49,15324.55,15382.62,15347.59,15340.16,15346.53,15351.09,15347.35,15337.65,15355.68,15382.38,15339.46,15366.71,15330.33,15347.44
Spanish_10000_4.csv,4,10.6534,100.00,15346.97,15349.84,242.43,0.59,228.79,4.00,0.010000,1189.67,1187.00,1188.33,1181.00,obj,18167.81,17272.63,16777.46,16392.46,16074.14,15741.64,15590.20,15484.96,15423.95,15409.99,15368.54,15394.55,15386.01,15379.86,15307.69,15362.36,15347.21,15305.23,15267.54,15208.47,15253.50,15268.02,15306.50,15255.66,15321.51,15363.62,15361.44,15349.48,15316.80,15366.66,15325.06,15339.06,15379.05,15327.28,15357.51,15385.32,15347.39,15370.51,15301.49,15382.29,15338.37,15316.12,15331.88,15364.52,15344.34,15319.51,15337.32,15380.66,15352.17,15351.85,15361.64,15318.57,15376.49,15299.85,15347.05,15334.35,15339.40,15328.20,15301.16,15330.10,15390.11,15302.20,15340.73,15343.18,15362.60,15340.35,15322.92,15335.18,15307.10,15365.47,15376.15,15345.96,15322.28,15304.52,15368.66,15348.71,15311.63,15363.10,15311.82,15321.60,15361.13,15342.59,15340.14,15339.07,15368.50,15360.66,15332.41,15381.23,15344.05,15348.93,15344.79,15350.50,15351.60,15342.23,15350.35,15379.71,15338.74,15371.73,15330.94,15349.84
Spanish_10000_4.csv,4,10.5011,100.00,15352.54,15354.46,217.93,0.24,230.14,4.00,0.010000,1190.67,1187.33,1187.33,1180.67,obj,18166.57,17272.29,16779.87,16377.96,16076.14,15732.57,15601.40,15484.59,15440.93,15411.36,15370.08,15395.24,15390.21,15384.97,15323.38,15365.51,15347.53,15314.12,15270.18,15211.31,15246.24,15267.48,15300.75,15264.34,15264.65,15377.80,15366.39,15352.80,15319.71,15384.63,15350.94,15341.13,15376.45,15324.84,15356.58,15379.33,15354.82,15370.80,15297.88,15382.15,15328.86,15328.51,15327.02,15358.76,15347.60,15317.55,15326.67,15374.36,15350.44,15354.46,15360.59,15316.76,15380.44,15305.40,15353.69,15329.34,15343.84,15325.74,15296.77,15325.20,15389.51,15307.45,15340.90,15342.46,15363.56,15338.88,15330.49,15338.51,15308.70,15361.35,15371.14,15352.14,15324.22,15305.68,15371.71,15354.23,15320.19,15354.82,15300.14,15327.55,15355.77,15336.31,15342.62,15335.29,15365.39,15360.80,15325.06,15375.79,15346.70,15346.65,15339.29,15350.39,15356.21,15342.17,15348.85,15380.28,15337.65,15376.04,15328.75,15354.46
Spanish_10000_4.csv,4,10.1964,100.00,15350.78,15352.59,246.09,0.11,228.65,4.00,0.010000,1189.67,1186.67,1188.00,1181.67,obj,18166.57,17270.93,16776.76,16381.71,16079.43,15734.24,15597.74,15488.29,15442.02,15414.56,15379.52,15401.23,15399.52,15393.73,15316.59,15361.93,15342.47,15305.92,15267.70,15212.70,15253.06,15274.24,15300.87,15259.98,15305.86,15367.33,15363.31,15346.57,15313.89,15370.47,15320.73,15344.41,15375.34,15321.97,15354.91,15387.32,15352.82,15366.65,15304.27,15379.32,15328.29,15315.60,15328.93,15365.35,15352.08,15320.07,15334.88,15378.26,15358.29,15354.50,15366.36,15313.53,15375.18,15301.89,15354.13,15326.78,15349.33,15322.95,15302.44,15326.59,15388.76,15307.60,15341.89,15345.07,15358.02,15337.74,15321.90,15323.50,15305.56,15355.91,15373.51,15344.76,15321.08,15308.06,15380.05,15350.19,15322.66,15353.95,15298.69,15322.35,15359.24,15334.62,15334.59,15332.03,15367.28,15357.46,15338.50,15382.62,15349.98,15344.86,15342.16,15354.21,15342.19,15339.21,15349.36,15381.50,15334.08,15367.36,15324.76,15352.59
Spanish_10000_4.csv,4,10.3959,100.00,15343.23,15344.92,226.43,0.31,226.38,4.00,0.010000,1191.00,1185.67,1188.33,1181.00,obj,18166.57,17270.93,16776.76,16381.47,16078.84,15733.30,15601.07,15483.35,15435.95,15410.76,15382.64,15394.03,15396.17,15392.18,15313.80,15355.31,15341.59,15305.39,15262.94,15208.30,15247.68,15263.09,15300.63,15269.26,15328.65,15365.03,15359.09,15346.38,15316.21,15367.21,15318.86,15333.54,15377.02,15324.25,15362.16,15382.79,15347.01,15368.98,15300.75,15378.96,15321.13,15321.56,15326.61,15361.16,15349.56,15321.16,15340.21,15384.76,15350.22,15356.71,15362.02,15313.10,15382.02,15298.49,15350.70,15334.27,15349.57,15325.49,15294.66,15327.66,15390.86,15311.08,15340.04,15339.82,15354.21,15336.44,15317.01,15326.45,15302.49,15345.91,15370.05,15343.82,15314.27,15303.21,15365.80,15350.32,15317.62,15359.52,15300.61,15326.49,15357.10,15339.25,15345.71,15335.11,15360.36,15360.57,15330.08,15378.07,15347.33,15345.46,15338.92,15347.56,15348.09,15337.31,15349.00,15382.73,15333.42,15354.69,15326.24,15344.92
Spanish_10000_4.csv,4,10.6731,100.00,15347.31,15349.32,226.43,0.59,227.98,4.00,0.010000,1189.00,1187.67,1188.33,1181.00,obj,18166.57,17270.93,16776.76,16381.47,16078.84,15731.83,15603.74,15484.24,15438.01,15412.20,15378.75,15395.81,15395.09,15391.74,15319.86,15362.05,15340.20,15299.32,15266.83,15214.14,15255.76,15276.80,15306.98,15253.80,15276.44,15367.61,15368.03,15354.88,15312.21,15367.15,15323.95,15339.68,15364.60,15324.93,15354.94,15382.03,15348.58,15367.01,15296.13,15372.53,15332.93,15320.25,15328.31,15363.61,15346.83,15311.73,15328.55,15374.96,15351.90,15352.75,15361.97,15320.03,15377.74,15302.34,15349.89,15331.51,15337.08,15327.86,15288.61,15326.61,15392.73,15306.65,15343.01,15336.46,15356.30,15343.08,15317.37,15331.54,15301.49,15352.48,15369.65,15347.74,15313.48,15304.88,15369.27,15355.00,15309.36,15359.15,15309.11,15322.08,15366.05,15335.65,15335.57,15333.60,15367.76,15358.27,15322.46,15378.08,15342.70,15349.19,15341.97,15344.59,15346.49,15334.54,15347.62,15380.08,15331.71,15368.06,15329.38,15349.32
student_10000_4.csv,4,21.5378,100.00,11573.42,11588.14,118.33,0.42,50.57,4.00,0.010000,2505.33,2503.00,2495.67,2496.00,obj,14601.80,13294.23,12925.41,12869.12,12527.51,12551.60,12440.78,12440.44,12481.95,12480.67,12426.34,12488.91,12413.61,12392.82,12351.03,12325.96,12256.84,12208.61,12166.72,12176.53,12106.73,12115.23,12092.92,12027.56,11998.89,11998.69,11914.48,11882.05,11867.03,11807.62,11762.06,11714.21,11661.39,11649.37,11608.55,11630.16,11609.56,11590.76,11612.46,11596.13,11604.58,11602.44,11625.95,11607.09,11601.12,11585.92,11592.22,11595.52,11569.10,11584.53,11587.43,11593.45,11589.98,11587.64,11586.57,11594.56,11603.81,11586.63,11574.13,11587.56,11595.82,11588.13,11579.22,11593.43,11568.69,11571.91,11582.46,11589.52,11579.58,11599.31,11576.50,11613.99,11600.08,11580.45,11575.10,11573.99,11570.68,11565.26,11598.91,11577.05,11587.44,11570.57,11591.03,11565.09,11592.10,11585.38,11610.10,11555.40,11554.50,11577.30,11570.44,11571.39,11587.81,11562.45,11566.92,11563.07,11568.67,11586.47,11576.53,11588.14
student_10000_4.csv,4,21.5344,100.00,11586.32,11585.17,1.00,0.45,8.81,4.00,0.010000,2501.67,2498.33,2499.00,2501.00,obj,14611.65,13300.18,12955.54,12859.32,12535.36,12562.10,12427.00,12444.64,12501.55,12431.25,12378.76,12463.55,12409.86,12349.45,12332.16,12273.95,12220.67,12187.68,12179.37,12164.96,12090.29,12048.09,12052.99,11985.57,11944.54,11959.37,11876.19,11873.93,11851.53,11831.72,11743.85,11706.07,11649.06,11663.53,11613.46,11643.42,11627.06,11582.38,11619.42,11604.63,11600.95,11601.31,11612.85,11599.77,11596.16,11607.43,11602.87,11592.85,11591.91,11586.33,11606.38,11580.84,11602.84,11600.66,11585.43,11596.59,11579.28,11594.39,11612.00,11603.46,11584.37,11603.81,11599.79,11596.06,11598.04,11591.89,11587.37,11585.48,11605.57,11604.17,11597.15,11623.13,11610.43,11586.60,11605.42,11601.54,11606.13,11589.94,11599.81,11602.71,11602.89,11614.61,11598.49,11592.28,11604.92,11610.31,11629.63,11594.89,11615.78,11561.37,11596.45,11589.74,11587.30,11586.72,11589.45,11596.43,11593.79,11603.55,11604.29,11585.17
student_10000_4.csv,4,20.8548,100.00,11576.30,11584.52,17.00,0.33,8.22,4.00,0.010000,2503.33,2499.00,2498.00,2499.67,obj,14602.08,13275.53,12938.86,12866.71,12539.67,12524.77,12421.78,12462.41,12471.26,12438.79,12412.67,12436.29,12377.08,12374.47,12292.52,12302.72,12231.60,12195.30,12167.71,12144.64,12112.26,12075.67,12042.99,11980.06,11953.56,11898.06,11847.11,11811.40,11772.44,11753.17,11692.72,11674.52,11649.37,11649.71,11607.68,11616.03,11605.67,11588.48,11612.01,11599.32,11608.31,11585.88,11605.81,11615.01,11614.05,11602.93,11602.64,11602.35,11581.36,11597.47,11594.52,11583.48,11598.96,11592.28,11613.17,11585.20,11588.66,11606.73,11587.54,11606.31,11597.95,11607.82,11583.98,11606.11,11586.29,11586.03,11589.04,11597.56,11610.00,11587.64,11591.51,11606.86,11608.38,11576.33,11593.43,11576.27,11577.29,11596.00,11582.95,11588.02,11602.66,11597.19,11607.45,11602.23,11596.10,11597.30,11610.53,11577.59,11596.06,11578.10,11615.04,11584.85,11602.38,11583.39,11584.36,11578.17,11597.23,11588.44,11589.63,11584.52
student_10000_4.csv,4,19.7237,100.00,11595.50,11593.92,145.00,0.40,8.02,4.00,0.010000,2506.00,2499.00,2490.67,2504.33,obj,14603.24,13292.47,12932.76,12866.39,12551.92,12523.78,12412.66,12443.48,12451.00,12450.51,12428.23,12485.68,12412.13,12383.43,12316.02,12280.53,12229.93,12200.23,12168.89,12166.42,12083.66,12097.53,12082.68,12012.49,11976.21,11947.10,11870.48,11805.99,11742.81,11742.48,11707.86,11662.28,11644.31,11638.83,11603.28,11635.03,11612.98,11601.89,11603.83,11610.05,11609.58,11599.27,11620.15,11607.04,11570.55,11579.00,11598.56,11596.23,11576.28,11585.53,11595.29,11591.08,11620.51,11591.04,11572.75,11577.32,11575.02,11595.43,11575.31,11603.81,11582.18,11587.02,11588.35,11598.92,11574.27,11587.75,11576.39,11576.35,11604.01,11594.20,11600.89,11615.00,11593.77,11577.94,11588.50,11580.31,11591.04,11603.21,11597.48,11595.83,11608.66,11598.62,11623.79,11587.81,11606.86,11589.19,11623.65,11560.26,11579.87,11615.48,11588.45,11607.76,11600.14,11628.61,11590.27,11585.53,11609.03,11616.99,11614.07,11593.92
student_10000_4.csv,4,19.3178,100.00,11594.54,11589.37,121.00,0.32,11.37,4.00,0.010000,2503.67,2499.67,2498.67,2498.00,obj,14608.70,13277.78,12936.30,12847.88,12553.06,12526.99,12394.51,12412.54,12488.26,12420.06,12399.43,12446.80,12381.86,12345.35,12308.05,12280.89,12222.69,12211.28,12167.79,12178.78,12115.04,12083.27,12046.93,12022.24,11959.94,11929.90,11900.95,11845.48,11787.45,11734.67,11701.21,11675.81,11661.97,11657.22,11614.99,11636.43,11622.04,11596.85,11613.05,11605.31,11603.08,11592.97,11608.79,11605.98,11620.51,11613.08,11618.69,11609.75,11590.31,11605.99,11593.21,11587.89,11602.02,11594.21,11590.58,11596.03,11611.48,11598.19,11621.11,11606.26,11589.66,11586.80,11596.99,11607.17,11612.09,11600.15,11593.12,11610.69,11597.20,11590.78,11577.63,11624.73,11641.29,11584.44,11592.10,11596.00,11588.57,11581.84,11592.90,11617.57,11613.09,11620.15,11648.98,11598.19,11600.76,11606.51,11630.73,11597.72,11602.98,11605.34,11580.52,11606.38,11601.24,11601.29,11595.03,11605.68,11596.45,11592.05,11615.69,11589.37
student_10000_4.csv,4,19.2830,100.00,11596.52,11607.03,22.33,0.12,23.42,4.00,0.010000,2502.67,2499.33,2497.33,2500.67,obj,14605.72,13273.51,12930.73,12885.90,12522.18,12518.73,12418.21,12378.72,12450.72,12407.47,12371.96,12432.12,12385.42,12347.55,12286.67,12256.89,12199.95,12184.70,12169.80,12127.77,12080.85,12034.58,12018.82,11978.51,11938.41,11913.25,11871.60,11843.23,11803.74,11747.73,11720.05,11689.19,11640.66,11642.26,11607.08,11627.26,11619.95,11597.57,11613.10,11609.21,11615.32,11595.04,11620.56,11604.13,11619.83,11592.13,11603.00,11617.76,11590.71,11613.90,11598.83,11580.98,11613.44,11614.69,11590.55,11604.54,11609.68,11603.39,11611.68,11584.85,11608.73,11587.00,11586.05,11595.14,11605.82,11581.62,11587.59,11585.39,11592.71,11609.55,11630.68,11609.20,11597.60,11593.13,11603.57,11586.45,11588.92,11592.27,11590.68,11599.33,11610.25,11625.36,11594.95,11595.82,11599.81,11595.45,11630.42,11598.98,11567.00,11588.62,11578.71,11580.31,11599.95,11600.31,11598.09,11585.90,11594.23,11601.99,11620.00,11607.03
insurance_10000_4.csv,4,1.1979,100.00,4843.85,4842.56,43.68,0.04,74.67,4.00,0.010000,334.33,334.33,335.67,333.67,obj,5320.74,4878.56,4870.58,4838.21,4832.98,4847.57,4886.83,4909.79,4953.95,4925.52,4968.63,4949.27,4890.50,4896.57,4917.85,4950.82,4914.75,4942.21,4907.08,4947.01,4927.74,4925.08,4935.04,4894.87,4925.72,4951.59,4948.67,4913.50,4942.35,4937.27,4912.21,4923.00,4913.88,4887.59,4922.47,4922.13,4919.56,4882.82,4937.49,4908.04,4919.84,4916.79,4884.89,4911.02,4918.79,4937.46,4937.28,4874.24,4908.70,4901.36,4895.97,4911.11,4928.62,4924.34,4886.14,4894.90,4919.91,4846.56,4924.59,4910.39,4911.37,4903.60,4884.72,4877.84,4890.52,4901.10,4907.45,4898.06,4895.41,4917.35,4875.92,4914.70,4915.21,4871.00,4925.08,4868.00,4921.50,4867.96,4878.32,4877.75,4891.01,4886.28,4905.87,4863.44,4877.36,4853.50,4877.64,4880.95,4867.33,4877.02,4882.74,4906.65,4869.88,4880.46,4867.85,4847.13,4879.58,4851.49,4910.38,4842.56
insurance_10000_4.csv,4,1.2216,100.00,4850.37,4849.09,49.01,0.02,69.17,4.00,0.010000,334.00,334.00,336.33,333.67,obj,5320.82,4877.49,4868.20,4839.10,4832.81,4853.17,4891.27,4906.10,4944.85,4925.16,4957.90,4916.75,4866.37,4904.26,4922.89,4954.11,4919.62,4947.05,4917.92,4951.35,4922.54,4929.38,4928.28,4905.21,4915.00,4955.91,4944.96,4916.87,4936.18,4928.35,4915.02,4922.57,4909.44,4889.36,4922.35,4913.52,4935.04,4874.83,4944.80,4903.05,4910.57,4923.83,4889.20,4906.21,4920.79,4930.19,4923.53,4881.84,4910.97,4901.10,4897.46,4895.47,4929.54,4930.96,4882.65,4892.20,4929.20,4840.05,4920.95,4921.32,4905.50,4894.20,4879.96,4879.01,4885.50,4909.00,4909.54,4891.04,4905.97,4914.55,4873.35,4921.60,4905.69,4866.71,4927.55,4866.25,4916.51,4858.36,4872.17,4872.63,4883.05,4884.99,4903.25,4865.00,4878.10,4852.80,4874.33,4884.35,4865.27,4879.14,4880.58,4897.62,4865.14,4887.34,4869.80,4841.49,4885.71,4854.75,4903.96,4849.09
insurance_10000_4.csv,4,1.2810,100.00,4842.64,4842.06,34.79,0.07,71.35,4.00,0.010000,333.33,335.33,335.33,334.00,obj,5320.82,4880.82,4864.44,4830.11,4833.99,4849.31,4875.54,4913.26,4944.01,4924.74,4969.47,4934.45,4853.82,4896.61,4919.90,4954.97,4915.30,4942.03,4913.70,4950.09,4926.25,4925.34,4928.10,4897.58,4913.70,4958.42,4949.01,4904.31,4934.23,4935.45,4917.40,4913.82,4907.94,4885.97,4919.70,4915.42,4930.94,4875.12,4942.26,4901.26,4913.89,4914.75,4882.73,4907.78,4919.04,4928.87,4929.47,4874.34,4917.31,4892.28,4903.25,4902.17,4925.00,4924.46,4885.59,4891.92,4925.84,4837.16,4918.31,4923.19,4906.00,4896.15,4881.51,4878.33,4888.60,4899.97,4912.84,4895.50,4904.66,4918.53,4874.72,4921.68,4905.53,4862.57,4936.20,4859.45,4914.30,4857.79,4874.15,4873.44,4890.63,4890.05,4896.94,4867.42,4880.03,4857.84,4881.80,4881.04,4872.90,4870.21,4894.25,4897.65,4866.43,4883.22,4864.30,4848.19,4882.33,4854.91,4905.39,4842.06
insurance_10000_4.csv,4,1.2655,100.00,4846.39,4844.98,43.68,0.06,75.21,4.00,0.010000,333.67,335.33,335.33,333.67,obj,5319.55,4874.77,4858.29,4834.61,4830.98,4851.92,4888.31,4908.59,4948.62,4926.75,4955.95,4950.20,4878.77,4894.99,4923.49,4953.29,4915.77,4946.37,4909.85,4951.79,4921.76,4922.11,4930.44,4887.97,4921.97,4953.46,4954.20,4903.97,4927.75,4927.36,4920.37,4917.41,4909.21,4891.75,4919.59,4920.23,4920.48,4889.42,4933.79,4906.47,4915.65,4917.29,4888.74,4901.35,4922.16,4930.87,4926.17,4874.64,4916.54,4896.11,4891.22,4902.34,4927.48,4930.18,4877.94,4887.81,4927.55,4845.24,4927.52,4915.98,4911.10,4893.74,4884.73,4872.93,4890.69,4903.31,4910.97,4896.70,4904.47,4911.53,4872.96,4922.17,4907.64,4863.59,4927.55,4864.82,4901.82,4865.68,4870.97,4873.33,4886.07,4885.67,4905.44,4863.04,4877.62,4858.56,4880.74,4866.16,4875.71,4874.06,4877.27,4908.34,4861.68,4886.72,4866.41,4841.28,4892.99,4852.77,4899.82,4844.98
insurance_10000_4.csv,4,1.2342,100.00,4849.98,4847.88,55.24,0.03,72.56,4.00,0.010000,334.00,335.33,335.33,333.33,obj,5319.55,4874.77,4858.29,4834.61,4830.98,4851.70,4888.75,4902.55,4957.03,4920.51,4958.95,4945.87,4876.26,4897.61,4927.21,4948.57,4917.30,4945.75,4907.38,4953.11,4923.36,4918.47,4925.04,4890.93,4914.04,4960.42,4948.60,4907.98,4928.64,4926.06,4918.85,4917.25,4905.06,4897.21,4929.64,4906.31,4923.06,4888.29,4940.29,4902.18,4910.37,4920.00,4884.21,4902.45,4925.08,4924.57,4936.24,4869.86,4918.06,4903.46,4894.94,4906.88,4929.03,4923.55,4879.90,4892.39,4920.37,4848.03,4924.65,4915.69,4911.60,4890.33,4885.48,4875.18,4888.56,4901.87,4907.81,4897.55,4910.20,4911.35,4870.37,4919.57,4909.93,4868.10,4925.73,4858.67,4906.75,4856.97,4877.41,4871.92,4895.76,4883.36,4912.79,4860.95,4877.77,4856.61,4881.08,4865.44,4876.11,4872.79,4879.15,4904.97,4864.13,4886.22,4871.86,4844.51,4886.36,4848.14,4904.50,4847.88
insurance_10000_4.csv,4,1.2417,100.00,4849.98,4847.88,55.24,0.04,72.56,4.00,0.010000,334.00,335.33,335.33,333.33,obj,5319.55,4874.77,4858.68,4834.61,4830.98,4851.70,4888.75,4902.55,4957.03,4920.51,4958.95,4945.87,4876.26,4896.87,4921.46,4950.86,4917.79,4945.02,4918.53,4946.56,4922.67,4918.63,4926.57,4899.22,4916.78,4957.58,4940.55,4913.18,4924.45,4933.18,4915.72,4919.01,4910.46,4888.83,4928.44,4914.43,4927.40,4886.23,4940.86,4903.54,4915.46,4924.64,4879.72,4907.97,4918.00,4924.17,4928.47,4875.94,4910.82,4907.46,4898.49,4901.71,4925.03,4921.08,4888.64,4904.18,4922.30,4846.76,4927.51,4916.64,4909.49,4895.61,4888.21,4872.85,4886.24,4905.05,4904.36,4901.56,4907.42,4914.72,4869.26,4923.06,4907.64,4865.46,4929.42,4862.09,4897.51,4865.57,4876.97,4870.11,4894.04,4885.56,4910.22,4864.50,4874.05,4852.89,4884.66,4867.13,4876.81,4873.82,4877.77,4905.30,4864.13,4886.22,4871.86,4844.51,4886.36,4848.14,4904.50,4847.88
BreastCancerMETABRIC_10000_4.csv,4,2.5982,100.00,31943.21,31941.17,48.76,0.05,330.37,4.00,0.010000,627.67,632.00,623.33,626.00,obj,34475.16,33427.80,33189.65,33321.36,32738.11,32281.32,32079.79,32014.41,31983.26,31966.43,31999.66,31967.71,32006.00,32017.50,31990.99,32010.88,32009.35,31904.59,32005.30,32024.87,32021.78,31942.66,31977.48,31961.20,31997.45,31963.54,32048.34,32015.31,31979.11,31957.06,31977.05,31921.59,31938.67,31957.31,31953.05,32011.82,31943.39,31960.26,31877.05,31995.50,32018.39,32002.31,31925.54,32011.69,31919.45,31974.18,31995.29,31935.19,31926.60,31952.89,32033.99,31941.79,31943.92,31936.31,32010.92,31961.74,31966.08,32017.20,32029.80,31952.75,31997.46,32002.78,31938.84,31984.66,31942.34,31944.96,32002.63,31954.12,31962.99,31943.22,31925.04,31945.33,31911.74,31880.14,31954.88,31951.59,31914.70,31889.89,31935.17,31988.88,31969.47,31982.09,31967.61,31992.57,31950.63,31991.53,31912.06,31968.39,31940.53,31982.06,31958.07,31937.62,31966.33,31965.85,31975.41,31993.03,31955.77,31952.57,31960.66,31941.17
BreastCancerMETABRIC_10000_4.csv,4,2.6253,100.00,31930.95,31929.48,37.09,0.06,318.82,4.00,0.010000,628.00,632.33,622.33,626.33,obj,34473.47,33410.69,33182.42,33329.18,32730.41,32223.90,32086.42,32012.49,31978.13,31965.69,31977.69,31967.28,32016.51,32020.72,32001.16,32004.44,32019.46,31902.41,32005.03,32019.51,32025.02,31944.98,31980.96,31969.41,31989.25,31978.20,32043.70,32010.24,31980.84,31950.41,31973.80,31929.58,31940.02,31963.13,31956.40,32007.52,31945.64,31968.26,31878.70,31999.29,32012.90,31998.21,31924.54,32004.84,31921.11,31965.60,31993.10,31947.00,31923.15,31947.99,32031.69,31936.64,31943.30,31934.83,32014.39,31947.25,31969.37,32010.83,32016.25,31949.28,31995.83,32001.10,31944.27,31980.01,31943.86,31947.57,31999.71,31960.52,31960.70,31943.00,31927.97,31955.36,31903.25,31879.21,31961.93,31952.27,31913.97,31898.45,31943.60,31977.48,31965.92,31982.79,31958.50,31989.12,31949.26,31986.05,31903.13,31963.41,31941.70,31983.89,31954.04,31938.92,31953.15,31965.89,31974.03,31991.24,31959.35,31953.58,31967.85,31929.48
BreastCancerMETABRIC_10000_4.csv,4,2.6449,100.00,31937.06,31935.60,37.09,0.06,336.37,4.00,0.010000,627.00,631.33,624.33,626.33,obj,34473.47,33410.69,33178.22,33323.66,32734.99,32257.47,32074.56,32015.86,31977.94,31964.67,31981.05,31968.51,32004.75,32004.63,31996.28,32002.71,31998.70,31908.01,32002.71,32025.13,32028.28,31939.65,31978.15,31967.95,31994.73,31964.70,32040.06,32010.46,31972.24,31961.18,31969.55,31938.15,31931.99,31958.31,31948.43,31997.66,31938.84,31962.20,31879.76,31992.87,32006.14,32001.54,31916.68,32006.47,31918.29,31965.76,31998.62,31942.58,31916.11,31944.13,32022.45,31939.57,31941.13,31932.23,32013.69,31953.48,31968.12,32014.09,32018.62,31960.09,31976.34,32003.72,31945.58,31989.17,31937.83,31941.05,32003.90,31951.53,31959.73,31945.26,31932.41,31942.78,31915.74,31875.54,31958.30,31954.40,31919.67,31892.55,31928.54,31982.24,31963.67,31977.05,31967.79,31994.35,31939.75,31985.94,31907.98,31956.18,31928.61,31975.32,31957.38,31927.61,31972.03,31960.52,31978.63,31990.53,31953.79,31950.34,31972.12,31935.60
BreastCancerMETABRIC_10000_4.csv,4,2.5561,100.00,31936.84,31934.64,42.42,0.11,332.96,4.00,0.010000,628.00,632.00,622.67,626.33,obj,34473.47,33410.69,33178.22,33323.66,32733.46,32260.77,32074.56,32008.66,31975.43,31958.56,31975.75,31969.32,32006.19,32010.47,31996.86,32011.10,31998.38,31908.66,32012.14,32020.51,32030.42,31936.46,31978.14,31967.91,31995.54,31968.26,32039.43,32010.56,31971.02,31952.94,31968.34,31929.40,31938.27,31953.76,31947.74,32002.70,31933.91,31962.75,31879.79,31991.56,32016.16,32002.65,31935.10,32006.06,31919.60,31978.10,31996.09,31942.38,31914.45,31946.08,32026.38,31933.00,31946.28,31940.09,32012.52,31949.25,31966.08,32005.00,32029.27,31954.15,31989.59,32005.04,31935.67,31999.40,31943.45,31942.30,32005.08,31945.62,31958.35,31945.60,31930.84,31935.67,31916.06,31875.90,31949.99,31955.72,31907.71,31900.42,31934.44,31977.32,31966.79,31979.28,31953.98,31991.29,31944.40,31987.12,31915.28,31958.78,31926.05,31973.31,31948.75,31942.30,31960.43,31957.84,31976.06,31988.19,31956.64,31951.50,31960.58,31934.64
BreastCancerMETABRIC_10000_4.csv,4,2.6872,100.00,31933.11,31930.94,42.42,0.13,335.56,4.00,0.010000,627.00,631.67,624.00,626.33,obj,34473.47,33410.69,33178.22,33323.66,32733.46,32260.77,32074.56,32008.66,31975.43,31958.56,31975.75,31969.32,32006.19,32010.47,31996.86,32011.10,31998.38,31908.66,32012.14,32020.51,32030.42,31936.46,31978.14,31967.91,31995.54,31968.26,32039.43,32010.56,31971.02,31952.94,31968.34,31929.40,31938.27,31952.31,31949.41,32003.64,31933.42,31962.20,31872.97,31982.68,32012.37,31999.33,31936.67,32008.16,31926.28,31976.82,31996.20,31942.78,31908.60,31943.38,32023.47,31933.98,31945.44,31941.83,32010.05,31950.45,31972.35,32005.64,32035.10,31950.29,31988.44,31999.80,31937.86,31999.40,31941.22,31943.53,32009.10,31944.24,31961.99,31943.90,31927.31,31940.31,31903.43,31878.57,31951.27,31947.81,31919.79,31887.48,31942.25,31968.38,31961.33,31978.54,31957.53,31994.69,31945.02,31993.83,31910.87,31959.79,31922.32,31984.48,31946.86,31937.25,31968.45,31957.38,31973.98,31990.35,31957.84,31949.69,31964.20,31930.94
BreastCancerMETABRIC_10000_4.csv,4,2.5963,100.00,31933.11,31930.94,42.42,0.05,335.56,4.00,0.010000,627.00,631.67,624.00,626.33,obj,34473.47,33410.69,33178.22,33323.66,32733.46,32260.77,32074.56,32008.66,31975.43,31958.56,31975.75,31969.32,32006.19,32010.47,31996.86,32011.10,31998.38,31908.66,32012.14,32020.51,32030.42,31936.46,31978.14,31967.91,31995.54,31968.26,32039.43,32010.56,31971.02,31952.94,31968.34,31929.40,31938.27,31952.31,31949.41,32003.64,31933.42,31962.20,31872.97,31982.68,32012.37,31999.33,31936.67,32008.16,31926.28,31976.82,31996.20,31942.78,31908.60,31943.38,32023.47,31933.98,31945.44,31941.83,32008.93,31954.20,31971.08,32010.18,32039.88,31951.05,31995.02,32000.54,31937.08,32002.50,31936.27,31938.99,32006.79,31943.90,31961.99,31943.90,31927.31,31940.31,31903.43,31879.85,31951.27,31943.93,31921.44,31888.62,31939.78,31971.73,31965.91,31972.85,31958.83,31994.69,31945.02,31993.83,31910.87,31959.79,31922.32,31984.48,31946.86,31937.25,31968.45,31957.38,31973.98,31990.35,31957.84,31949.69,31964.20,31930.94
diabetic_10000_4.csv,4,20.2358,100.00,53089.01,53087.98,340.17,0.54,103.90,4.00,0.010000,2500.33,2501.33,2498.00,2500.33,obj,60079.71,58184.47,57214.41,56671.40,56174.13,55845.21,55594.89,55458.93,55296.43,55215.34,55208.57,55106.60,54893.57,54837.89,54725.74,54659.31,54579.07,54536.56,54512.55,54406.55,54359.62,54276.84,54303.75,54326.50,54215.68,54198.39,54163.61,54178.07,54153.23,54196.81,54044.19,54048.81,53971.02,53926.48,53893.27,53903.17,53806.30,53709.38,53713.10,53615.23,53682.65,53532.33,53597.19,53514.45,53481.36,53570.78,53469.08,53566.39,53398.49,53476.99,53461.77,53496.31,53516.52,53463.11,53507.23,53442.51,53463.61,53428.73,53457.51,53351.64,53314.88,53311.20,53223.35,53325.64,53279.69,53264.59,53266.26,53264.55,53203.42,53234.94,53230.02,53311.06,53338.70,53239.75,53310.93,53245.63,53179.58,53109.64,53148.30,53115.64,53171.54,53187.57,53092.64,53144.79,53107.67,53093.76,53119.31,53078.45,53054.34,53070.71,53050.81,53011.98,53055.06,53104.71,53069.49,53079.91,53037.50,53067.81,52984.23,53087.98
diabetic_10000_4.csv,4,20.2662,100.00,53090.33,53088.68,307.67,1.95,141.51,4.00,0.010000,2500.33,2502.00,2497.67,2500.00,obj,60081.11,58177.45,57216.32,56670.92,56172.80,55849.10,55595.66,55442.85,55300.41,55218.00,55211.34,55097.91,54891.71,54842.18,54729.48,54662.09,54566.35,54531.88,54516.95,54386.42,54358.68,54254.78,54287.25,54319.00,54214.85,54191.59,54143.39,54169.92,54164.56,54186.14,54034.33,54035.08,53956.54,53916.07,53877.82,53888.41,53809.20,53703.16,53711.42,53584.01,53700.14,53507.60,53584.96,53507.16,53447.65,53559.04,53459.55,53541.09,53399.99,53451.17,53447.38,53487.58,53515.50,53444.64,53490.45,53435.09,53444.56,53408.38,53426.47,53308.60,53294.37,53285.03,53199.99,53299.68,53259.70,53220.54,53265.48,53251.08,53187.62,53226.74,53222.04,53263.19,53306.75,53204.85,53311.31,53216.88,53156.75,53089.15,53140.53,53085.99,53147.91,53177.32,53073.48,53133.37,53085.82,53058.70,53098.90,53061.50,53053.26,53061.37,53056.56,52970.97,53033.22,53094.65,53053.19,53070.27,53026.36,53081.26,52978.85,53088.68
diabetic_10000_4.csv,4,20.0781,100.00,53084.23,53083.23,345.00,0.80,122.59,4.00,0.010000,2501.33,2501.00,2496.67,2501.00,obj,60079.38,58183.04,57204.29,56665.36,56173.46,55847.31,55587.96,55434.36,55293.62,55198.09,55196.70,55073.50,54879.36,54810.70,54719.69,54650.18,54540.49,54521.30,54506.00,54377.22,54348.70,54251.47,54289.56,54312.30,54212.76,54185.38,54144.85,54162.29,54146.52,54183.34,54026.65,54014.76,53959.14,53892.73,53877.37,53881.81,53784.35,53687.88,53696.36,53588.31,53662.97,53524.47,53572.59,53500.89,53463.67,53551.16,53454.57,53527.37,53407.23,53452.54,53436.36,53482.15,53510.97,53421.50,53496.56,53429.99,53436.29,53413.98,53448.03,53328.11,53298.55,53301.02,53216.93,53313.16,53263.62,53256.26,53262.58,53230.75,53197.00,53220.10,53233.31,53297.01,53303.11,53221.76,53306.73,53252.62,53188.65,53101.57,53164.33,53110.63,53167.70,53187.67,53083.21,53145.12,53099.65,53084.99,53109.31,53080.01,53070.25,53069.78,53063.56,52995.24,53043.52,53109.18,53037.97,53063.09,53033.62,53081.83,52982.18,53083.23
diabetic_10000_4.csv,4,21.0015,100.00,53077.50,53076.93,310.33,0.36,91.97,4.00,0.010000,2501.67,2500.67,2497.00,2500.67,obj,60079.68,58177.66,57213.25,56663.05,56169.44,55849.85,55591.12,55444.03,55293.52,55201.63,55200.68,55076.66,54879.43,54833.39,54719.10,54634.18,54567.98,54521.11,54507.52,54371.42,54348.98,54262.20,54307.78,54305.34,54205.62,54179.59,54149.05,54160.08,54150.91,54200.50,54025.06,54035.76,53946.02,53899.69,53875.76,53886.65,53791.35,53681.75,53705.74,53574.68,53689.88,53485.73,53569.72,53501.43,53453.46,53564.34,53456.16,53548.49,53398.71,53462.28,53417.27,53487.56,53529.44,53434.21,53505.45,53426.60,53450.20,53420.54,53423.44,53328.56,53297.37,53262.12,53219.45,53287.91,53257.71,53244.17,53251.10,53251.82,53168.11,53197.47,53218.48,53279.82,53296.25,53215.98,53287.07,53225.07,53152.67,53077.35,53124.59,53079.79,53154.14,53158.38,53059.83,53128.36,53078.26,53048.44,53085.44,53060.78,53023.54,53050.86,53022.35,52962.84,53020.58,53068.75,53048.15,53080.31,53006.79,53069.23,52977.73,53076.93
diabetic_10000_4.csv,4,20.9030,100.00,53085.75,53085.01,332.83,0.31,129.67,4.00,0.010000,2501.67,2501.33,2497.67,2499.33,obj,60079.64,58177.72,57213.95,56662.10,56175.38,55845.91,55593.87,55440.87,55289.00,55203.93,55206.31,55083.55,54888.37,54832.91,54721.69,54636.94,54549.57,54514.18,54509.09,54371.24,54347.13,54244.88,54283.73,54317.92,54206.66,54183.53,54133.43,54135.54,54148.44,54172.46,54021.86,54019.68,53950.65,53904.11,53860.18,53886.52,53779.41,53681.27,53688.24,53571.75,53658.60,53510.94,53576.13,53486.12,53464.41,53568.43,53463.47,53531.97,53391.95,53460.93,53432.57,53489.04,53507.98,53446.76,53500.70,53427.70,53444.39,53423.36,53425.15,53326.05,53300.92,53263.73,53209.36,53301.75,53243.57,53223.73,53256.43,53244.40,53191.08,53206.05,53208.16,53265.66,53304.94,53221.36,53281.74,53216.40,53151.70,53084.33,53119.64,53065.83,53150.34,53169.42,53058.30,53114.26,53089.55,53081.00,53078.09,53059.93,53026.02,53055.17,53015.70,52973.15,53022.79,53055.23,53039.35,53073.04,53019.13,53055.38,52969.04,53085.01
diabetic_10000_4.csv,4,20.9522,100.00,53087.61,53086.35,291.67,0.81,91.50,4.00,0.010000,2501.33,2501.67,2497.00,2500.00,obj,60079.64,58182.40,57214.37,56661.23,56180.96,55837.38,55584.66,55444.61,55296.87,55190.24,55198.43,55082.71,54876.12,54835.07,54717.15,54650.14,54557.65,54528.33,54507.23,54376.86,54346.29,54249.48,54284.84,54304.47,54209.71,54172.74,54127.94,54149.11,54146.75,54188.06,54012.21,54037.29,53947.44,53912.00,53866.02,53887.09,53786.72,53692.28,53692.17,53581.60,53661.26,53522.38,53572.09,53495.52,53466.47,53567.89,53468.96,53540.50,53405.59,53474.35,53451.76,53485.69,53517.34,53441.16,53498.66,53445.86,53448.70,53435.67,53450.73,53326.63,53302.57,53262.31,53226.97,53307.53,53250.26,53245.13,53240.30,53241.87,53183.29,53204.63,53203.60,53290.98,53288.83,53201.78,53292.27,53246.09,53168.86,53090.58,53137.08,53085.00,53164.01,53183.34,53072.29,53146.49,53080.66,53043.25,53103.88,53049.52,53024.99,53053.27,53018.84,52976.24,53031.89,53064.05,53053.42,53068.54,53012.98,53072.45,52974.85,53086.35
BreastCancerWisconsin_10000_4.csv,4,0.5568,100.00,1276.71,1278.17,73.76,0.01,4.61,4.00,0.010000,141.33,145.00,139.33,143.33,obj,1364.73,1288.82,1280.33,1288.80,1274.82,1282.14,1289.76,1279.61,1271.73,1290.57,1285.76,1282.80,1273.63,1281.38,1280.85,1286.84,1285.74,1292.01,1276.93,1302.10,1290.67,1271.66,1263.23,1289.46,1282.33,1274.53,1287.13,1284.11,1290.36,1278.02,1287.61,1292.25,1269.76,1283.52,1284.12,1285.82,1275.67,1295.94,1269.94,1298.39,1267.76,1277.86,1289.45,1288.62,1281.19,1284.14,1286.53,1282.56,1281.01,1273.97,1283.86,1281.73,1273.37,1274.46,1282.11,1276.99,1277.53,1266.14,1290.60,1268.98,1285.18,1285.97,1285.40,1278.06,1271.24,1293.39,1291.28,1280.18,1272.43,1296.24,1272.69,1271.69,1285.98,1291.21,1288.25,1288.78,1274.06,1298.38,1290.59,1291.98,1296.82,1280.46,1267.92,1295.21,1275.62,1269.79,1308.15,1283.53,1297.15,1260.93,1294.17,1277.48,1277.02,1290.32,1294.82,1270.50,1252.09,1279.16,1279.28,1278.17
BreastCancerWisconsin_10000_4.csv,4,0.5493,100.00,1270.42,1271.52,17.76,0.01,12.80,4.00,0.010000,142.67,144.33,138.67,143.33,obj,1364.73,1286.61,1280.42,1286.77,1277.56,1281.53,1293.47,1278.64,1268.61,1290.75,1282.07,1276.54,1281.85,1281.35,1279.64,1281.24,1288.19,1291.23,1271.63,1299.78,1285.84,1287.45,1260.66,1292.18,1282.39,1277.64,1288.57,1279.31,1292.29,1281.15,1286.16,1294.54,1267.10,1286.94,1283.00,1289.54,1272.84,1291.04,1265.96,1288.56,1272.28,1279.89,1289.62,1292.29,1275.72,1288.46,1291.36,1282.65,1282.79,1275.76,1280.99,1282.83,1266.81,1276.78,1278.81,1276.59,1277.47,1267.66,1293.75,1271.37,1280.34,1291.17,1283.16,1279.56,1269.83,1295.76,1292.75,1278.95,1270.94,1296.26,1273.82,1273.64,1281.27,1293.49,1286.91,1290.57,1270.08,1291.91,1287.14,1291.91,1299.40,1278.92,1271.14,1289.59,1278.01,1273.42,1302.55,1275.36,1295.40,1258.10,1298.71,1278.68,1275.31,1287.41,1291.87,1265.73,1249.32,1276.72,1284.85,1271.52
BreastCancerWisconsin_10000_4.csv,4,0.5108,100.00,1272.20,1274.23,29.01,0.01,11.95,4.00,0.010000,141.00,145.00,139.00,144.00,obj,1368.22,1283.30,1280.42,1286.77,1277.56,1281.53,1293.47,1278.64,1267.24,1289.37,1282.08,1276.67,1281.08,1280.51,1282.60,1280.76,1287.69,1291.74,1278.95,1301.90,1288.68,1273.38,1262.35,1291.73,1287.05,1275.75,1285.94,1278.80,1287.58,1283.67,1282.64,1294.87,1263.09,1284.24,1283.18,1280.74,1274.35,1287.53,1267.15,1294.53,1274.29,1278.15,1290.23,1287.83,1280.69,1287.62,1290.29,1279.83,1279.86,1278.19,1280.33,1280.62,1271.11,1275.39,1279.62,1278.91,1277.67,1265.15,1290.72,1267.55,1280.03,1285.00,1283.53,1277.68,1270.37,1291.07,1289.90,1281.60,1277.65,1298.52,1268.74,1278.14,1282.02,1291.31,1291.51,1291.11,1272.60,1289.02,1291.57,1290.93,1296.20,1283.17,1268.79,1293.48,1271.30,1271.27,1302.88,1280.91,1292.12,1259.59,1293.89,1282.28,1270.34,1287.27,1292.86,1262.31,1251.16,1276.03,1279.85,1274.23
BreastCancerWisconsin_10000_4.csv,4,0.5405,100.00,1272.94,1275.50,61.29,0.03,3.16,4.00,0.010000,141.00,144.67,139.00,144.33,obj,1368.38,1282.59,1279.02,1286.77,1277.56,1281.53,1293.47,1278.64,1266.80,1289.42,1282.58,1277.47,1281.28,1280.82,1279.46,1280.63,1287.97,1291.63,1276.10,1299.11,1288.61,1274.36,1260.78,1293.31,1284.81,1274.11,1285.30,1280.09,1288.22,1281.70,1287.75,1293.32,1265.05,1290.67,1284.58,1292.20,1272.37,1292.37,1267.57,1300.51,1269.45,1280.18,1286.09,1292.10,1279.46,1287.51,1291.77,1279.39,1283.90,1279.05,1282.68,1278.63,1266.14,1272.78,1275.67,1278.61,1279.18,1264.70,1287.53,1271.37,1278.65,1291.66,1283.20,1277.55,1267.50,1294.27,1290.96,1283.81,1270.01,1297.77,1270.21,1276.61,1282.77,1294.71,1287.39,1293.17,1270.94,1289.48,1288.87,1288.41,1296.06,1283.06,1267.14,1291.45,1272.70,1275.93,1301.03,1280.65,1294.14,1260.57,1294.56,1278.63,1274.41,1287.99,1294.88,1265.06,1256.19,1273.26,1280.44,1275.50
BreastCancerWisconsin_10000_4.csv,4,0.5612,100.00,1273.01,1275.56,61.29,0.05,1.88,4.00,0.010000,141.00,144.67,139.00,144.33,obj,1368.38,1282.59,1279.02,1286.77,1277.56,1281.53,1293.47,1278.64,1266.80,1289.42,1276.66,1281.33,1278.85,1284.31,1278.85,1285.48,1284.20,1289.18,1270.62,1299.30,1288.42,1276.40,1264.23,1292.52,1287.20,1275.80,1287.04,1280.56,1293.71,1282.66,1281.52,1292.20,1264.54,1291.31,1285.67,1292.61,1271.94,1292.39,1268.79,1296.06,1271.58,1277.87,1287.17,1290.69,1279.20,1287.71,1290.69,1278.54,1283.67,1280.05,1279.85,1280.02,1265.35,1274.78,1276.80,1276.18,1281.11,1264.00,1291.04,1270.75,1281.56,1293.27,1283.13,1277.66,1267.49,1297.99,1290.52,1283.81,1270.01,1297.77,1271.89,1272.34,1282.08,1294.63,1287.48,1293.57,1268.54,1292.00,1288.63,1286.63,1297.40,1284.60,1267.00,1292.80,1272.86,1276.56,1300.17,1278.27,1294.29,1258.20,1294.01,1278.30,1273.32,1290.28,1291.95,1267.01,1253.60,1275.33,1280.48,1275.56
BreastCancerWisconsin_10000_4.csv,4,0.5497,100.00,1266.57,1268.52,29.01,0.06,9.73,4.00,0.010000,142.33,144.00,138.67,144.00,obj,1368.38,1282.59,1279.02,1286.77,1277.56,1281.53,1293.47,1278.64,1266.80,1289.42,1276.66,1281.33,1278.85,1284.31,1278.85,1285.48,1284.20,1289.18,1270.62,1299.30,1288.42,1276.40,1264.23,1292.52,1287.20,1275.80,1287.04,1280.56,1293.71,1282.66,1281.52,1292.20,1264.54,1291.31,1285.67,1292.61,1271.94,1292.39,1268.79,1296.06,1271.58,1277.87,1287.17,1290.69,1279.20,1287.71,1290.69,1278.54,1283.67,1280.05,1279.85,1280.02,1265.35,1274.78,1276.80,1276.18,1281.11,1264.00,1291.04,1270.75,1281.56,1293.27,1283.13,1277.66,1267.49,1297.99,1290.52,1283.48,1268.54,1297.11,1271.89,1272.34,1282.08,1294.63,1287.48,1293.57,1268.54,1292.00,1288.63,1286.63,1297.40,1284.60,1267.00,1292.80,1272.86,1276.79,1299.57,1277.79,1294.29,1258.20,1294.01,1278.30,1270.54,1284.87,1298.40,1267.73,1253.19,1276.36,1280.96,1268.52
pricerunner_10000_4.csv,4,20.9719,100.00,13179.09,13214.84,222.33,0.11,71.74,4.00,0.010000,2497.33,2495.00,2499.67,2508.00,obj,15745.49,14772.64,14137.68,13998.22,14050.06,13826.56,13807.82,13894.24,13985.54,13956.63,13745.19,13674.33,13690.50,13672.46,13593.57,13432.88,13405.06,13266.42,13316.35,13175.95,13270.79,13156.91,13080.69,13245.01,13218.55,13054.90,13160.02,13211.64,13141.40,13094.23,13102.67,13071.26,13072.19,13064.36,13050.28,13038.68,13168.81,13105.52,13071.58,13055.20,12996.19,13221.35,13127.17,13189.61,13052.18,13094.49,13038.15,13016.56,13072.17,13070.79,13100.59,13163.82,13187.52,13020.26,13170.92,13152.95,13119.44,13056.39,13079.72,13098.45,13055.05,13016.51,13047.18,13107.44,13013.03,13133.28,12983.39,13065.23,13116.89,13179.94,13123.22,13005.33,13109.23,13053.60,13050.44,13102.07,13078.61,13039.42,13160.30,13105.59,13099.13,12952.53,13000.57,13104.18,13027.81,13129.81,13016.22,13094.69,13044.88,13068.08,13040.09,13158.16,13044.83,13103.68,13031.14,13011.53,13057.69,13044.90,13153.58,13214.84
pricerunner_10000_4.csv,4,20.5325,100.00,13188.13,13222.35,198.33,0.13,68.67,4.00,0.010000,2497.33,2496.00,2499.00,2507.67,obj,15740.63,14767.49,14127.24,13989.87,14027.75,13836.89,13810.98,13891.91,13995.69,13945.21,13707.23,13663.79,13677.24,13641.28,13579.27,13436.57,13411.10,13288.28,13303.10,13150.64,13265.00,13154.57,13076.52,13251.76,13180.99,13062.91,13141.59,13207.02,13147.47,13075.05,13095.61,13102.00,13066.54,13069.60,13045.62,13035.33,13158.67,13128.98,13064.44,13042.58,13003.07,13232.88,13123.88,13189.49,13074.60,13114.19,13037.12,13024.69,13066.29,13093.11,13109.28,13177.19,13199.85,13013.51,13193.96,13105.29,13135.24,13065.74,13078.21,13081.09,13060.72,13021.96,13064.64,13117.83,13013.55,13136.69,12998.16,13100.45,13141.77,13156.23,13125.72,13037.72,13111.39,13054.57,13047.05,13102.46,13060.39,13085.82,13164.26,13122.27,13135.71,12942.14,13023.82,13127.59,13060.29,13102.96,13012.03,13127.42,13065.08,13072.46,13026.31,13152.09,13027.88,13115.78,13045.57,13010.75,13063.65,13095.32,13125.71,13222.35
pricerunner_10000_4.csv,4,20.0309,100.00,13179.93,13213.77,198.33,0.62,42.83,4.00,0.010000,2497.00,2495.67,2499.67,2507.67,obj,15738.37,14757.55,14128.50,13991.15,14045.92,13833.14,13840.38,13900.17,14005.71,13915.93,13728.54,13629.90,13667.26,13640.06,13575.76,13428.66,13391.15,13286.55,13296.61,13160.08,13213.01,13151.68,13032.05,13251.21,13161.67,13045.41,13152.97,13220.07,13131.06,13087.55,13118.98,13084.14,13071.95,13055.21,13046.10,13032.89,13131.35,13114.69,13047.21,13043.68,12971.34,13188.94,13118.61,13172.05,13052.45,13107.07,13000.26,13010.78,13034.45,13094.43,13086.81,13140.05,13154.18,13020.46,13170.66,13141.70,13114.43,13029.24,13056.17,13078.79,13053.10,12986.44,13068.61,13062.14,13009.06,13106.12,12969.83,13039.12,13105.42,13114.91,13065.47,13023.03,13089.23,13020.12,13033.55,13057.46,13050.72,13035.65,13098.82,13074.42,13130.62,12937.04,12982.30,13098.78,13038.81,13141.13,13007.55,13088.75,13039.76,13054.45,13024.60,13141.82,13011.84,13086.50,13010.96,13018.18,13036.64,13045.59,13126.52,13213.77
pricerunner_10000_4.csv,4,20.9706,100.00,13157.23,13186.48,147.67,0.66,51.70,4.00,0.010000,2498.67,2495.33,2499.33,2506.67,obj,15732.36,14758.01,14141.63,13989.72,14051.61,13847.79,13813.81,13876.96,13992.43,13927.00,13699.00,13668.40,13675.95,13640.16,13581.88,13434.49,13398.09,13300.41,13310.44,13163.22,13223.42,13127.44,13039.15,13230.23,13198.11,13026.32,13149.91,13179.81,13109.18,13083.29,13079.25,13055.67,13057.49,13047.31,13030.82,13023.46,13116.77,13136.64,13040.98,13029.82,12988.76,13174.92,13098.25,13183.72,13046.61,13079.10,13028.52,13015.11,13049.96,13062.28,13088.77,13110.87,13163.85,13037.17,13166.73,13093.67,13112.86,13032.62,13072.10,13065.85,13023.71,13023.52,13046.87,13082.18,13011.60,13112.74,12978.89,13013.98,13095.27,13125.38,13077.85,12996.25,13049.04,13010.87,13018.47,13069.82,13048.52,13017.70,13097.66,13083.93,13080.82,12930.58,12985.24,13100.30,13014.47,13109.88,13003.12,13078.49,13028.38,13055.29,12988.62,13116.80,12973.55,13067.53,13019.34,12978.48,13026.27,13031.27,13127.77,13186.48
pricerunner_10000_4.csv,4,20.1194,100.00,13176.56,13215.13,243.67,0.43,94.57,4.00,0.010000,2495.67,2495.67,2500.33,2508.33,obj,15732.36,14760.45,14143.74,13982.68,14047.54,13829.35,13807.32,13876.99,13977.50,13920.99,13710.84,13662.49,13672.19,13656.24,13568.32,13439.01,13416.48,13271.72,13287.40,13142.08,13241.33,13142.66,13061.60,13228.09,13180.15,13046.15,13140.08,13212.20,13117.84,13063.29,13089.81,13052.58,13052.92,13066.03,13019.94,13018.49,13118.85,13108.72,13066.43,13022.68,12995.24,13178.04,13110.13,13167.07,13042.16,13083.47,13020.24,13000.35,13015.48,13054.67,13103.39,13112.83,13156.51,13010.08,13152.81,13118.09,13098.31,13019.97,13045.07,13060.34,13031.15,12975.28,13051.59,13075.54,13013.85,13126.78,12977.12,13023.71,13090.94,13128.55,13068.72,12987.58,13070.37,13003.95,13049.05,13056.27,13027.78,13024.99,13127.21,13088.48,13087.61,12928.66,12970.39,13107.92,13017.42,13080.30,13048.75,13062.49,13023.63,13054.68,13005.93,13118.71,13000.66,13070.18,13000.44,12994.14,13001.11,13016.08,13121.37,13215.13
pricerunner_10000_4.csv,4,20.2423,100.00,13162.13,13197.78,222.33,0.63,77.99,4.00,0.010000,2497.33,2496.00,2498.67,2508.00,obj,15732.36,14760.45,14143.74,13982.68,14047.54,13829.35,13804.63,13886.12,13976.00,13924.20,13704.14,13675.24,13678.94,13646.36,13588.52,13430.72,13401.97,13267.28,13280.68,13140.69,13245.04,13139.86,13045.02,13217.88,13173.60,13038.88,13126.00,13216.64,13086.63,13076.73,13099.06,13075.58,13064.56,13044.48,13049.47,13009.51,13122.01,13103.78,13079.54,13043.13,13011.06,13195.22,13110.16,13174.71,13052.04,13088.69,13009.42,13006.50,13029.69,13100.43,13083.39,13139.54,13151.80,13046.50,13170.14,13114.30,13102.30,13047.48,13062.90,13085.89,13096.00,12978.71,13054.19,13090.61,12985.60,13102.30,12977.20,13016.21,13119.95,13173.46,13065.48,13039.58,13068.51,12992.14,13042.34,13059.92,13062.81,13023.04,13144.43,13075.21,13118.25,12933.02,12982.60,13105.23,13007.05,13124.74,12993.26,13092.42,13039.76,13029.76,13002.97,13144.74,12997.76,13092.74,13018.68,13006.63,13051.71,13043.79,13109.30,13197.78
cohort_10000_4.csv,4,20.2095,100.00,17940.14,17942.94,3.67,0.65,435.41,4.00,0.010000,2503.00,2498.33,2495.67,2503.00,obj,18570.73,18284.75,18173.89,18158.21,18090.15,18038.96,18038.77,18043.28,18081.75,18104.59,18079.61,18017.74,18018.63,18043.12,18016.38,18014.04,18027.70,18025.14,18009.92,18010.10,18014.31,18032.18,18017.90,18030.16,18004.84,17987.59,18017.22,17998.65,18002.14,17998.56,18013.06,17999.05,17985.90,17982.97,18018.49,17994.69,17972.72,17966.18,17978.03,17974.46,17957.60,17933.15,17952.10,17934.90,17925.78,17948.09,17970.09,17940.40,17943.85,17948.54,17965.51,17934.20,17947.98,17933.91,17930.23,17925.94,17944.12,17929.80,17938.28,17927.60,17936.09,17938.99,17955.71,17956.15,17913.66,17955.72,17926.30,17931.65,17959.13,17939.35,17946.92,17934.21,17959.72,17935.99,17958.20,17945.42,17937.73,17955.80,17953.66,17914.98,17929.61,17946.35,17950.14,17932.33,17925.55,17947.90,17958.21,17958.61,17936.41,17947.09,17945.13,17906.89,17912.35,17928.90,17956.16,17933.99,17928.92,17951.31,17952.67,17942.94
cohort_10000_4.csv,4,20.5034,100.00,17960.62,17950.89,91.67,0.43,448.93,4.00,0.010000,2501.33,2505.00,2495.00,2498.67,obj,18569.52,18274.91,18182.08,18156.89,18094.81,18046.14,18044.69,18057.15,18077.15,18101.36,18050.80,18020.36,18003.53,18033.89,18026.10,18018.41,18027.18,18019.80,18008.97,18006.87,18016.74,18034.15,18018.22,18016.06,18012.07,17997.31,18017.87,18015.91,18014.73,18015.88,18006.19,18015.79,17996.17,17996.71,18022.56,18013.06,17987.71,17988.26,18008.42,17986.41,17979.06,17950.82,17992.37,17974.47,17953.53,17964.08,17958.19,17942.25,17949.19,17940.78,17958.01,17932.26,17952.93,17927.28,17923.07,17949.72,17934.06,17938.27,17936.50,17921.81,17937.15,17956.23,17950.56,17961.08,17916.52,17952.98,17930.11,17933.97,17948.03,17944.31,17952.34,17939.01,17954.32,17939.74,17945.47,17946.14,17921.96,17958.98,17946.51,17917.56,17939.04,17946.93,17939.45,17938.14,17915.99,17938.23,17949.58,17948.66,17936.55,17927.48,17930.10,17904.11,17917.70,17941.93,17953.99,17934.68,17933.39,17948.18,17952.00,17950.89
cohort_10000_4.csv,4,19.0529,100.00,17940.37,17948.44,25.00,0.25,445.74,4.00,0.010000,2502.00,2497.67,2495.67,2504.67,obj,18570.49,18286.06,18181.40,18165.62,18103.90,18045.09,18042.42,18044.94,18086.42,18087.16,18052.86,18019.56,18024.66,18030.08,18018.58,18009.86,18026.50,18036.64,18013.52,18000.15,18006.30,18037.21,18023.23,18020.54,18013.52,17988.87,18024.83,18012.91,18015.55,18010.00,18023.23,18006.10,17995.63,18000.04,18024.10,18015.65,17987.58,17998.43,18006.01,17996.66,17987.02,17969.25,17987.09,17980.27,17978.88,17964.59,17993.41,17967.67,17966.55,17937.39,17953.24,17938.85,17960.21,17939.51,17928.79,17945.45,17920.32,17966.78,17936.32,17929.75,17930.86,17943.94,17945.63,17960.62,17914.46,17955.34,17919.20,17929.76,17955.28,17950.79,17949.17,17946.17,17955.54,17933.03,17945.22,17953.99,17931.37,17944.41,17951.07,17914.03,17938.69,17954.47,17940.19,17928.88,17920.92,17935.28,17946.19,17960.82,17945.22,17939.30,17949.77,17922.94,17916.98,17938.99,17946.51,17934.71,17931.54,17953.39,17955.97,17948.44
cohort_10000_4.csv,4,19.2043,100.00,17970.45,17961.76,65.00,0.14,432.07,4.00,0.010000,2499.67,2501.00,2498.33,2501.00,obj,18570.62,18273.65,18186.48,18164.28,18098.90,18042.67,18053.50,18047.91,18077.19,18087.12,18064.73,18016.72,18019.12,18024.66,18017.29,18017.27,18031.00,18019.43,18013.55,18000.67,18023.03,18034.54,18014.48,18026.67,18000.55,17992.18,18022.41,18002.42,18002.55,18013.92,18017.31,18001.04,17996.22,17992.20,18028.63,18006.39,17984.53,17981.85,18008.10,18004.64,17969.23,17957.48,17984.89,17974.04,17964.80,17964.42,17974.30,17951.40,17955.11,17933.33,17958.51,17941.54,17949.29,17932.38,17928.21,17942.04,17933.85,17939.93,17931.36,17936.18,17938.77,17945.13,17955.14,17950.74,17921.58,17958.79,17918.24,17941.79,17956.26,17932.04,17949.02,17944.60,17963.52,17928.74,17959.48,17952.98,17918.06,17942.86,17951.25,17911.36,17935.77,17957.02,17950.45,17926.46,17935.07,17934.56,17947.70,17950.52,17940.50,17933.66,17952.02,17899.11,17911.79,17928.56,17964.21,17925.25,17933.87,17957.62,17950.88,17961.76
cohort_10000_4.csv,4,19.8709,100.00,17949.16,17947.21,6.33,0.52,430.25,4.00,0.010000,2499.67,2502.00,2496.00,2502.33,obj,18569.17,18317.30,18189.43,18153.27,18086.74,18035.53,18046.85,18048.35,18075.73,18094.69,18074.19,18031.33,18006.92,18031.48,18039.21,18022.48,18037.99,18022.93,18016.63,18004.66,18017.42,18035.23,18023.26,18027.21,18004.36,17998.45,18029.83,18016.58,18009.68,18012.19,18018.11,18021.98,18011.47,17993.05,18022.79,18028.86,17995.72,18005.97,18003.74,18009.64,18002.31,17991.48,18000.42,17991.91,17966.97,18004.93,18003.61,17984.11,17978.30,17964.26,17988.38,17960.54,17955.19,17954.72,17919.40,17937.82,17937.50,17948.82,17940.19,17933.98,17943.53,17944.73,17953.20,17949.12,17906.18,17952.14,17938.19,17946.15,17960.94,17947.84,17950.91,17932.47,17958.66,17933.01,17949.91,17955.64,17928.17,17950.91,17960.48,17899.15,17933.65,17951.12,17951.76,17918.41,17931.28,17939.78,17935.99,17954.95,17942.09,17930.86,17947.72,17898.54,17901.56,17943.24,17946.64,17936.55,17932.56,17951.98,17953.30,17947.21
cohort_10000_4.csv,4,19.5540,100.00,17959.46,17958.69,9.00,0.23,433.79,4.00,0.010000,2501.67,2500.33,2496.00,2502.00,obj,18569.17,18317.30,18189.43,18153.27,18086.74,18036.23,18045.78,18048.22,18079.78,18096.07,18069.15,18025.53,18007.97,18036.74,18027.88,18013.44,18032.94,18026.32,18013.46,18003.27,18002.50,18037.31,18020.36,18022.93,18011.57,18000.00,18019.16,18008.88,18009.00,18026.76,18013.27,17997.43,17997.68,17991.20,18023.16,18005.87,17986.44,17993.94,17999.71,18004.52,17982.48,17960.46,17986.35,17969.29,17963.86,17977.37,17985.00,17946.53,17960.36,17935.44,17958.11,17935.68,17953.76,17934.50,17937.91,17938.77,17941.99,17951.32,17931.23,17944.10,17935.42,17946.26,17951.85,17951.73,17921.53,17962.98,17912.40,17931.22,17965.63,17939.70,17941.35,17942.49,17946.04,17931.05,17947.43,17962.76,17931.73,17949.14,17952.69,17902.74,17945.84,17950.06,17951.60,17925.68,17930.57,17939.32,17957.04,17958.30,17926.34,17936.17,17957.22,17907.60,17909.42,17925.28,17955.34,17936.17,17942.88,17953.31,17956.76,17958.69
diabeteshealthindicators1_10000_4.csv,4,21.4463,100.00,175155.51,175175.60,115.67,0.84,349.67,4.00,0.010000,2498.33,2496.33,2499.00,2506.33,obj,185664.65,183113.55,180762.51,179502.02,179041.47,178585.79,178337.39,177868.27,177602.42,177365.94,177013.89,176688.48,176436.01,176132.78,176127.23,176120.17,175955.59,175877.86,175760.10,175715.91,175548.19,175717.14,175645.15,175667.68,175439.57,175482.99,175399.50,175322.51,175411.72,175373.41,175280.04,175286.08,175296.42,175197.38,175194.31,175277.13,175133.56,175225.27,175218.69,175184.05,175192.07,175115.32,175125.71,175199.49,175074.48,175140.44,175129.83,175094.70,175094.23,175125.51,175207.83,175141.69,175162.82,175178.77,175192.52,175101.00,175116.35,175198.50,175129.10,175082.65,175121.12,175048.75,175165.57,175207.19,175098.77,175215.71,175095.41,175140.47,175149.47,175219.74,175112.85,175119.98,175154.58,175103.95,175050.09,175175.87,175119.04,175144.91,175062.44,175230.82,175247.74,175260.48,175155.63,175082.78,175161.41,174990.20,174979.43,175250.53,175112.02,175149.65,175124.99,175137.50,175142.11,175149.56,175115.19,175198.01,175059.89,175136.62,175192.92,175175.60
diabeteshealthindicators1_10000_4.csv,4,20.3199,100.00,175135.62,175160.14,118.33,0.81,380.12,4.00,0.010000,2497.67,2494.00,2501.00,2507.33,obj,185667.21,183121.32,180766.61,179469.00,179045.73,178572.41,178315.68,177871.26,177602.77,177374.43,177006.76,176641.39,176484.11,176141.23,176119.11,176102.53,176000.08,175853.20,175780.05,175711.81,175575.34,175733.31,175677.18,175701.30,175458.70,175516.67,175383.38,175300.91,175420.60,175366.26,175324.86,175304.30,175317.30,175204.18,175212.68,175268.74,175147.59,175241.50,175208.79,175197.48,175189.64,175128.18,175120.79,175210.48,175102.43,175167.72,175155.12,175110.99,175101.88,175128.85,175188.44,175164.90,175197.12,175188.51,175196.34,175100.09,175130.04,175212.27,175127.58,175097.66,175102.09,175059.90,175186.11,175208.75,175096.97,175205.29,175114.07,175140.92,175159.93,175230.88,175127.65,175128.93,175169.96,175105.33,175034.17,175171.87,175124.79,175150.49,175048.00,175231.89,175248.46,175252.26,175184.93,175084.90,175150.24,175024.82,174972.14,175245.69,175122.85,175156.78,175116.79,175169.97,175128.30,175153.99,175108.99,175167.48,175090.04,175112.39,175184.67,175160.14
diabeteshealthindicators1_10000_4.csv,4,20.5774,100.00,175125.13,175139.48,99.67,0.77,363.08,4.00,0.010000,2498.00,2496.00,2501.00,2505.00,obj,185660.41,183097.43,180770.04,179493.95,179066.40,178534.73,178326.23,177876.05,177623.42,177390.56,177006.28,176654.53,176467.61,176157.02,176117.14,176129.14,175971.00,175877.05,175775.71,175700.42,175547.02,175741.22,175622.76,175672.27,175450.53,175483.51,175359.62,175309.38,175410.35,175359.30,175308.43,175291.92,175272.74,175193.53,175208.96,175252.30,175149.32,175236.80,175197.89,175185.71,175186.30,175105.57,175117.17,175198.60,175101.06,175150.07,175145.78,175100.53,175087.33,175087.67,175165.66,175169.37,175178.36,175186.55,175192.46,175079.12,175107.92,175214.43,175131.66,175075.53,175117.92,175019.21,175158.73,175193.95,175107.74,175209.54,175118.86,175113.97,175139.60,175209.99,175129.68,175114.94,175146.16,175086.32,175018.77,175176.66,175087.69,175104.96,175047.85,175219.63,175233.69,175251.59,175170.13,175087.17,175126.14,174996.31,174980.29,175246.51,175113.68,175167.27,175125.24,175153.29,175122.86,175145.09,175102.59,175186.34,175076.81,175104.00,175192.03,175139.48
diabeteshealthindicators1_10000_4.csv,4,21.0538,100.00,175151.65,175165.23,67.67,0.74,373.11,4.00,0.010000,2500.00,2496.00,2499.00,2505.00,obj,185658.15,183098.33,180759.68,179494.77,179063.13,178573.18,178331.26,177895.02,177628.88,177403.94,177030.41,176658.55,176438.63,176148.10,176111.30,176105.70,175999.28,175869.41,175777.27,175707.44,175536.18,175738.78,175651.43,175687.37,175479.65,175483.36,175379.63,175313.39,175411.86,175351.13,175314.68,175317.26,175306.12,175213.46,175178.33,175272.91,175136.57,175242.60,175220.41,175201.45,175188.60,175123.68,175116.46,175214.71,175071.10,175167.37,175152.24,175106.87,175102.37,175128.70,175178.56,175174.37,175193.02,175193.48,175210.96,175102.89,175125.45,175219.94,175121.91,175078.19,175130.53,175063.35,175165.33,175205.80,175113.47,175221.35,175115.43,175132.47,175137.36,175226.95,175132.24,175120.37,175137.01,175081.32,175057.50,175190.33,175122.18,175139.28,175060.34,175229.69,175258.49,175250.09,175165.53,175085.98,175144.00,174999.61,174973.81,175237.18,175121.12,175156.41,175134.56,175176.25,175126.18,175133.97,175098.70,175192.22,175072.42,175117.38,175199.37,175165.23
diabeteshealthindicators1_10000_4.csv,4,20.7969,100.00,175141.37,175159.07,83.67,0.32,359.58,4.00,0.010000,2499.33,2495.33,2499.33,2506.00,obj,185658.15,183101.04,180751.33,179469.68,179012.18,178546.22,178265.33,177826.78,177593.48,177360.31,176965.15,176621.41,176418.40,176130.44,176132.44,176113.35,175966.20,175825.00,175776.42,175701.79,175546.37,175699.25,175636.71,175671.00,175468.55,175483.51,175400.84,175301.78,175434.46,175357.11,175309.11,175318.19,175270.12,175203.27,175197.32,175271.44,175161.82,175251.49,175232.32,175184.94,175207.15,175108.32,175140.90,175208.72,175051.68,175141.02,175148.62,175083.89,175085.01,175140.20,175178.58,175163.26,175196.04,175190.49,175200.50,175094.07,175111.07,175204.10,175108.10,175084.42,175113.11,175038.50,175191.28,175181.63,175116.24,175197.00,175126.21,175145.45,175167.63,175212.12,175114.58,175106.82,175162.10,175108.70,175050.90,175177.01,175116.09,175126.79,175062.29,175241.01,175227.80,175242.99,175180.78,175090.00,175146.61,175016.27,174952.28,175238.44,175125.71,175161.73,175122.73,175155.28,175125.45,175108.92,175122.26,175173.40,175101.27,175119.96,175176.78,175159.07
diabeteshealthindicators1_10000_4.csv,4,21.0309,100.00,175117.12,175131.12,97.00,0.21,320.24,4.00,0.010000,2498.67,2494.33,2502.00,2505.00,obj,185658.15,183101.04,180751.33,179469.68,179014.87,178557.20,178300.95,177837.55,177596.70,177368.11,176981.28,176622.97,176427.12,176131.01,176126.59,176102.21,175971.80,175830.70,175760.47,175690.06,175538.41,175719.23,175635.26,175696.79,175479.20,175485.34,175373.36,175298.34,175448.02,175368.14,175306.51,175282.08,175272.53,175202.45,175182.15,175272.37,175156.12,175233.18,175206.67,175187.84,175188.48,175116.13,175139.98,175219.74,175068.73,175139.86,175136.62,175094.46,175089.83,175105.96,175177.48,175157.70,175186.98,175186.60,175195.01,175108.41,175087.63,175225.39,175104.88,175086.91,175095.27,175033.52,175157.31,175194.96,175112.53,175209.00,175110.86,175151.34,175138.19,175190.62,175097.92,175107.33,175165.75,175102.13,175011.52,175162.87,175118.09,175127.29,175049.56,175227.44,175207.75,175243.60,175170.28,175076.77,175122.29,174999.37,174959.56,175241.38,175112.21,175149.94,175103.18,175159.93,175115.52,175116.06,175111.36,175187.69,175071.90,175105.80,175186.62,175131.12
NHANES_10000_4.csv,4,2.2878,100.00,15212.35,15226.59,238.98,0.05,58.72,4.00,0.010000,569.00,569.67,569.00,570.33,obj,16444.10,15785.86,15634.12,15178.96,15008.23,15052.04,15156.70,15208.04,15179.14,15196.49,15190.29,15129.74,15115.13,15107.25,15132.76,15146.53,15124.62,15149.96,15133.34,15101.67,15164.94,15125.43,15119.06,15119.05,15161.63,15151.14,15216.09,15209.35,15165.82,15144.03,15180.44,15162.70,15132.92,15152.74,15198.93,15157.09,15112.32,15211.98,15106.37,15169.23,15170.28,15178.02,15211.12,15210.68,15182.97,15160.92,15232.84,15178.07,15193.39,15162.68,15174.25,15221.80,15196.86,15199.25,15241.31,15190.71,15194.60,15210.91,15191.00,15215.42,15175.26,15192.51,15180.90,15256.01,15141.79,15223.30,15188.82,15221.76,15235.92,15193.70,15208.99,15234.38,15159.62,15203.15,15246.84,15238.13,15267.21,15237.52,15247.52,15229.22,15233.63,15227.75,15226.45,15249.93,15203.32,15272.97,15207.47,15255.66,15215.21,15256.65,15239.34,15196.10,15268.00,15264.23,15251.07,15260.49,15214.54,15230.34,15235.44,15226.59
NHANES_10000_4.csv,4,2.4029,100.00,15201.84,15218.93,270.61,0.04,71.67,4.00,0.010000,568.67,569.00,570.67,569.67,obj,16444.10,15783.44,15630.70,15170.77,15016.46,15049.58,15148.83,15209.53,15181.11,15195.63,15193.27,15128.10,15116.67,15120.49,15128.82,15143.85,15124.96,15148.29,15122.25,15106.25,15159.59,15127.88,15118.44,15118.65,15165.14,15146.10,15225.25,15187.05,15166.48,15129.03,15174.75,15171.47,15120.24,15150.05,15188.26,15156.32,15107.01,15217.50,15093.95,15163.39,15162.33,15179.42,15194.88,15201.39,15173.59,15152.83,15227.75,15178.43,15198.41,15165.83,15179.07,15218.65,15193.61,15203.17,15227.20,15187.52,15191.16,15213.81,15176.35,15212.82,15171.02,15188.82,15177.70,15249.21,15141.58,15215.35,15182.60,15224.89,15236.62,15197.63,15198.44,15231.60,15156.40,15200.97,15246.71,15232.07,15250.67,15243.09,15239.78,15230.54,15233.70,15213.25,15214.30,15263.65,15205.43,15272.60,15209.89,15250.60,15203.59,15258.74,15227.95,15194.83,15255.72,15248.57,15247.00,15250.43,15214.00,15241.68,15245.45,15218.93
NHANES_10000_4.csv,4,2.3164,100.00,15207.60,15221.90,238.66,0.11,57.41,4.00,0.010000,569.00,569.00,570.00,570.00,obj,16442.92,15788.50,15628.19,15184.40,15014.33,15050.09,15153.14,15221.48,15182.60,15189.04,15187.47,15122.59,15114.90,15107.29,15131.58,15138.78,15124.81,15162.52,15126.96,15097.89,15160.74,15130.50,15121.30,15119.60,15155.05,15146.34,15216.74,15189.15,15164.87,15134.97,15175.92,15163.78,15111.05,15151.43,15189.08,15151.17,15103.31,15208.88,15101.25,15172.74,15154.91,15179.90,15196.14,15191.84,15178.21,15145.94,15227.26,15183.82,15184.79,15168.49,15166.54,15225.48,15195.98,15209.63,15236.96,15184.70,15198.96,15214.73,15179.92,15215.43,15175.94,15190.86,15177.13,15244.30,15143.24,15218.31,15189.39,15217.76,15233.61,15183.66,15203.89,15228.07,15158.68,15192.36,15248.51,15231.60,15258.26,15244.61,15251.49,15226.27,15225.09,15219.41,15215.00,15257.52,15211.07,15271.22,15207.71,15253.74,15209.15,15263.53,15242.02,15197.98,15266.15,15252.54,15250.48,15259.96,15204.63,15233.93,15233.69,15221.90
NHANES_10000_4.csv,4,2.2782,100.00,15206.42,15219.46,172.75,0.06,54.59,4.00,0.010000,570.33,569.00,569.33,569.33,obj,16442.92,15788.50,15628.19,15183.17,15014.98,15048.13,15142.16,15215.64,15178.00,15194.91,15189.62,15122.32,15109.84,15108.31,15120.05,15154.90,15119.34,15154.10,15126.19,15100.37,15154.12,15128.48,15116.13,15111.05,15164.92,15144.27,15214.65,15192.54,15158.22,15130.81,15166.44,15153.84,15122.59,15151.45,15182.00,15159.82,15102.49,15201.01,15104.49,15159.30,15157.31,15169.95,15201.00,15195.98,15173.41,15140.79,15232.94,15191.56,15183.22,15165.83,15162.87,15221.77,15190.24,15206.86,15238.54,15184.04,15194.80,15211.26,15180.87,15211.49,15169.20,15180.51,15176.25,15258.94,15136.65,15218.75,15178.28,15224.68,15232.39,15185.92,15189.67,15228.97,15155.10,15205.77,15251.63,15225.61,15258.09,15237.05,15239.37,15223.31,15230.93,15214.49,15223.61,15253.99,15204.97,15269.90,15202.57,15252.79,15211.96,15255.16,15235.19,15190.51,15257.70,15252.19,15258.39,15249.10,15207.35,15243.57,15236.81,15219.46
NHANES_10000_4.csv,4,2.2149,100.00,15205.13,15218.97,216.59,0.07,55.68,4.00,0.010000,569.33,570.33,568.33,570.00,obj,16442.92,15788.50,15628.19,15183.17,15014.98,15048.13,15142.16,15215.64,15178.00,15194.91,15189.62,15122.32,15109.84,15108.31,15120.05,15154.90,15119.34,15154.10,15126.19,15100.37,15154.12,15128.48,15116.13,15111.56,15164.16,15143.99,15222.70,15187.44,15162.20,15130.79,15170.49,15155.08,15121.28,15141.85,15182.41,15150.80,15102.72,15207.62,15093.90,15173.39,15153.01,15176.26,15200.10,15195.57,15168.91,15145.99,15228.11,15182.52,15196.82,15159.49,15170.86,15216.52,15187.98,15202.18,15229.04,15182.39,15194.07,15222.24,15162.08,15214.04,15173.66,15185.88,15177.12,15253.67,15140.40,15219.27,15172.33,15221.52,15229.86,15182.39,15200.75,15217.75,15152.65,15196.89,15242.38,15225.38,15257.42,15232.34,15236.69,15223.28,15226.59,15225.13,15209.68,15259.05,15213.21,15265.34,15203.52,15249.16,15210.45,15257.85,15233.89,15182.30,15261.62,15257.25,15242.65,15248.77,15215.10,15236.52,15242.08,15218.97
NHANES_10000_4.csv,4,2.3355,100.00,15204.09,15219.61,238.70,0.08,66.27,4.00,0.010000,569.67,569.33,569.67,569.33,obj,16442.92,15788.50,15628.19,15183.17,15014.98,15048.13,15142.16,15215.64,15178.00,15194.91,15189.62,15122.32,15109.84,15108.31,15120.05,15154.90,15119.34,15154.10,15126.19,15100.37,15154.12,15128.48,15116.13,15111.56,15164.16,15143.99,15222.70,15187.44,15162.20,15130.79,15170.49,15155.08,15121.28,15141.85,15182.41,15150.80,15102.72,15207.62,15093.90,15173.39,15153.01,15176.26,15200.10,15195.57,15168.91,15143.00,15228.49,15180.74,15197.42,15161.17,15170.84,15218.52,15186.95,15202.45,15235.45,15180.18,15198.03,15223.19,15164.84,15215.79,15172.08,15191.47,15178.09,15254.09,15133.46,15218.83,15174.74,15213.90,15235.44,15188.02,15213.51,15227.69,15150.99,15202.67,15246.80,15228.91,15255.94,15230.93,15236.40,15227.59,15229.63,15220.84,15212.40,15267.96,15202.52,15278.93,15200.18,15256.35,15215.62,15256.91,15235.78,15183.58,15265.17,15254.15,15246.37,15249.96,15213.40,15235.11,15232.43,15219.61
