data_name,Clusters num,Average time,iterations,sse,obj,balance loss,Time Std,Obj Std,num-thr,t,Average clusters size
athlete_10000_3.csv,3,7.5268,100.00,26701.32,26704.26,163.73,0.04,116.20,4.00,0.010000,3334.20,3335.80,3330.00,obj,28481.91,27317.62,27257.83,27056.83,27016.50,26951.39,26882.88,26806.00,26869.82,26862.75,26704.68,26816.78,26798.24,26706.16,26655.58,26767.90,26852.74,26724.74,26806.15,26724.90,26625.65,26717.49,26654.02,26602.25,26654.29,26738.33,26711.64,26797.49,26823.70,26755.42,26619.28,26668.03,26707.92,26736.81,26655.42,26654.04,26654.55,26614.62,26639.72,26750.10,26612.81,26665.23,26785.68,26729.62,26722.26,26539.05,26686.10,26728.54,26647.08,26599.23,26613.20,26610.22,26727.22,26738.11,26662.32,26691.51,26681.68,26674.87,26688.95,26726.18,26639.91,26661.52,26654.78,26731.43,26708.95,26657.93,26654.12,26602.59,26694.32,26689.22,26677.42,26567.95,26664.35,26592.06,26622.05,26653.42,26650.72,26669.07,26574.58,26626.87,26711.71,26753.62,26565.83,26700.09,26608.21,26680.21,26599.36,26625.48,26644.19,26697.48,26718.01,26604.40,26792.47,26663.20,26762.06,26775.11,26783.67,26764.69,26715.99,26704.26
athlete_10000_3.csv,3,9.1556,100.00,26712.52,26715.07,148.13,0.26,117.42,4.00,0.010000,3334.60,3336.20,3329.20,obj,28465.51,27302.53,27236.23,27039.47,27005.75,26940.07,26870.63,26805.37,26860.47,26867.84,26703.27,26834.27,26799.48,26686.55,26650.36,26768.72,26857.24,26724.37,26816.51,26733.08,26631.51,26721.77,26651.99,26608.18,26650.79,26726.17,26691.05,26785.44,26789.79,26742.79,26608.09,26674.49,26689.80,26714.69,26654.32,26649.08,26656.83,26634.14,26644.12,26753.80,26598.46,26659.09,26768.67,26732.55,26711.91,26533.15,26699.24,26738.52,26671.39,26606.88,26616.14,26616.23,26727.23,26728.02,26659.84,26702.01,26728.31,26658.54,26689.95,26753.89,26654.83,26681.45,26649.83,26733.93,26718.45,26649.68,26634.50,26608.62,26704.29,26682.90,26673.31,26564.58,26668.95,26592.15,26613.06,26656.05,26653.23,26678.28,26582.36,26640.18,26722.44,26764.86,26578.81,26715.38,26618.56,26676.86,26619.70,26624.19,26644.72,26702.86,26716.12,26594.78,26782.79,26677.28,26734.77,26767.37,26760.26,26764.56,26702.05,26715.07
athlete_10000_3.csv,3,17.1277,100.00,26712.52,26715.07,148.13,5.67,117.42,4.00,0.010000,3334.60,3336.20,3329.20,obj,28465.51,27302.53,27236.23,27039.47,27005.75,26940.07,26870.63,26805.37,26860.47,26867.84,26703.27,26834.27,26799.48,26686.55,26650.36,26768.72,26857.24,26724.37,26816.51,26733.08,26631.51,26721.77,26651.99,26608.18,26650.79,26726.17,26691.05,26785.44,26789.79,26742.79,26608.09,26674.49,26689.80,26714.69,26654.32,26649.08,26656.83,26634.14,26644.12,26753.80,26598.46,26659.09,26768.67,26732.55,26711.91,26533.15,26699.24,26738.52,26671.39,26606.88,26616.14,26616.23,26727.23,26728.02,26659.84,26702.01,26728.31,26658.54,26689.95,26753.89,26654.83,26681.45,26649.83,26733.93,26718.45,26649.68,26634.50,26608.62,26704.29,26682.90,26673.31,26564.58,26668.95,26592.15,26613.06,26656.05,26653.23,26678.28,26582.36,26640.18,26722.44,26764.86,26578.81,26715.38,26618.56,26676.86,26619.70,26624.19,26644.72,26702.86,26716.12,26594.78,26782.79,26677.28,26734.77,26767.37,26760.26,26764.56,26702.05,26715.07
athlete_10000_4.csv,4,26.7612,100.00,25303.12,25309.77,169.00,0.27,305.94,4.00,0.010000,2501.80,2497.40,2502.60,2498.20,obj,25599.33,25080.97,25057.27,25235.20,25185.31,25177.47,25227.35,25455.58,25243.07,25417.03,25506.99,25348.79,25476.99,25576.28,25499.18,25415.85,25348.61,25419.30,25527.14,25455.69,25454.75,25578.09,25445.27,25307.98,25254.29,25384.96,25359.50,25355.26,25349.69,25419.68,25491.42,25483.49,25238.39,25451.92,25424.70,25353.63,25415.35,25427.60,25351.49,25277.00,25243.08,25329.37,25298.90,25278.97,25415.35,25442.80,25153.54,25283.49,25338.05,25283.60,25343.76,25335.08,25215.45,25466.16,25339.79,25421.18,25428.30,25319.33,25257.67,25270.27,25368.96,25297.32,25258.83,25288.94,25309.91,25227.37,25225.06,25223.94,25395.53,25382.56,25402.67,25300.32,25373.09,25369.67,25315.31,25324.47,25315.62,25408.35,25284.39,25281.74,25151.99,25211.69,25273.72,25332.03,25254.45,25255.78,25318.59,25414.55,25381.79,25370.93,25312.22,25251.06,25306.44,25230.87,25388.61,25125.78,25263.36,25391.12,25378.32,25309.77
athlete_10000_5.csv,5,31.6497,100.00,24577.39,24600.19,602.00,0.56,171.23,4.00,0.010000,1997.80,1996.20,2005.20,1996.40,2004.40,obj,24823.37,24640.52,24798.38,24434.16,24489.90,24551.48,24437.83,24322.56,24294.28,24285.84,24456.60,24351.72,24408.95,24338.66,24300.69,24325.73,24281.34,24322.75,24477.03,24480.51,24262.13,24286.54,24438.80,24526.27,24477.64,24469.70,24439.69,24408.99,24508.86,24466.25,24508.26,24521.09,24514.04,24460.20,24455.01,24435.16,24413.78,24373.16,24506.19,24458.78,24494.21,24459.75,24557.05,24503.53,24716.01,24322.21,24505.47,24396.00,24416.87,24484.66,24499.84,24387.20,24306.78,24614.97,24543.99,24545.69,24497.47,24473.33,24438.84,24484.56,24492.28,24421.78,24424.11,24536.63,24548.93,24589.86,24405.95,24408.31,24616.91,24298.42,24503.52,24483.26,24593.35,24550.86,24438.57,24361.59,24261.59,24372.95,24453.71,24459.58,24473.56,24460.78,24457.75,24549.38,24442.09,24628.59,24394.96,24461.03,24493.07,24579.13,24542.10,24425.46,24514.59,24562.55,24487.40,24599.79,24383.35,24495.31,24448.03,24600.19
athlete_10000_6.csv,6,39.0549,100.00,23699.56,23731.09,1179.69,1.18,444.19,4.00,0.010000,1661.40,1671.40,1665.80,1664.80,1655.00,1681.60,obj,27143.54,25868.46,25288.56,24826.80,24891.70,24813.62,24509.15,24557.44,24467.06,24507.60,24206.13,23830.95,23743.69,23731.74,23698.49,23787.25,23767.00,23514.50,23693.52,23580.97,23738.97,23666.98,23629.43,23535.76,23665.37,23495.48,23547.50,23525.65,23587.34,23692.14,23806.82,23720.78,23639.11,23686.69,23661.37,23555.30,23647.42,23469.91,23689.34,23729.84,23652.42,23665.89,23528.63,23551.59,23749.36,23844.29,23736.28,23660.42,23694.15,23642.48,23620.36,23588.86,23442.29,23524.62,23695.94,23563.95,23937.60,23863.97,23886.41,23743.40,23737.46,23756.19,23714.29,23787.93,23520.58,23514.12,23595.60,23744.73,23732.19,23914.00,23728.36,23624.05,23683.47,23645.91,23737.92,23633.26,23820.24,23562.48,23824.95,23713.23,23660.66,23641.24,23651.12,23567.15,23725.47,23852.64,23705.56,23757.67,23651.88,23795.96,23690.39,23629.12,23749.96,23688.13,23670.28,23725.74,23828.68,23708.80,23606.85,23731.09
athlete_10000_7.csv,7,51.8585,100.00,22283.95,22169.76,2432.51,0.85,793.81,4.00,0.010000,1427.80,1436.60,1416.40,1424.80,1426.20,1433.80,1434.40,obj,26606.39,24630.19,23812.29,23315.86,23060.75,22577.95,22410.36,22238.13,21955.42,21720.94,21610.43,21478.20,21572.18,21596.95,21561.76,21635.69,21598.03,21867.26,21866.54,21756.80,21808.05,21599.24,21763.48,21669.58,21639.98,21638.54,21659.21,21859.95,21752.61,21641.66,21572.62,21573.39,21437.10,21784.89,21573.09,21761.51,22043.24,21671.41,21827.12,21660.81,21662.52,21963.26,22073.09,21987.44,22055.72,21887.23,21911.34,21681.62,22007.61,22475.83,22544.29,22842.17,22782.49,22645.36,22849.59,22671.86,22672.10,22341.89,22373.08,22338.92,22240.26,22200.08,22276.69,22223.13,22315.73,22526.36,22361.80,22269.61,22419.58,22175.35,22238.67,22301.72,22478.98,22426.88,22436.93,22202.72,22303.17,22080.62,22106.58,22115.46,22559.09,22266.52,22389.91,22335.94,22113.20,22041.39,22368.82,22399.95,22518.10,22626.13,22500.05,22630.26,22676.07,22357.60,22416.94,22472.90,22256.62,22345.11,22554.89,22169.76
athlete_10000_8.csv,8,59.6106,100.00,21899.45,21921.88,836.95,0.15,540.57,4.00,0.010000,1244.00,1242.40,1258.80,1250.00,1253.60,1261.20,1245.20,1244.80,obj,27036.03,25182.14,24175.65,23522.73,22921.38,22728.41,23007.91,22748.35,22515.75,22373.74,22469.28,22322.64,22374.05,22415.39,22366.36,22384.79,22318.05,22285.09,22373.01,22324.91,22323.43,22234.31,22276.00,22342.96,22461.97,22467.29,22337.50,22361.82,22426.18,22368.16,22452.11,22433.66,22326.83,22447.35,22312.71,22302.33,22339.45,22256.59,22468.84,22359.36,22356.33,22452.96,22213.58,22277.72,22101.78,21916.80,21916.99,21934.05,22083.76,21837.69,21882.09,22020.13,21837.90,21743.31,21887.47,21982.75,21977.42,21819.45,21772.35,21934.01,21966.20,21985.27,21945.56,22011.53,21855.48,21865.38,21851.79,21999.83,21937.79,21965.58,21963.41,21917.27,21983.69,21917.64,21825.32,21903.15,22052.39,21854.22,21944.96,21997.08,21912.07,22184.80,22057.34,21877.36,21724.43,21837.89,22025.32,21941.93,22018.84,21736.01,21937.22,21862.74,21819.41,21871.53,21927.42,21980.12,21950.63,21918.51,21951.93,21921.88
athlete_10000_9.csv,9,66.9034,100.00,22332.82,22370.94,2215.80,0.12,1254.62,4.00,0.010000,1112.40,1108.20,1110.00,1112.40,1113.40,1114.00,1104.80,1120.60,1104.20,obj,25614.74,23654.91,22947.07,22340.94,22101.89,22053.88,22279.18,22179.48,22431.48,22290.77,22327.38,22372.55,22464.09,22273.04,22332.58,22459.28,22261.80,22474.17,22298.50,22373.00,22357.37,22256.08,22456.83,22371.91,22368.95,22197.52,22352.91,22508.50,22452.91,22502.85,22332.73,22464.17,22202.78,22343.74,22189.07,22335.86,22366.74,22383.92,22390.65,22357.84,22358.95,22368.94,22290.97,22394.77,22326.82,22356.55,22304.80,22407.08,22318.66,22372.08,22374.15,22380.74,22423.98,22306.27,22309.35,22164.72,22285.34,22380.70,22360.55,22367.15,22341.20,22323.45,22354.77,22272.91,22162.44,22390.96,22382.17,22277.46,22230.19,22398.08,22436.09,22396.81,22324.99,22405.84,22492.27,22267.78,22282.90,22491.23,22324.39,22288.29,22337.02,22441.47,22456.97,22307.59,22253.23,22372.02,22272.09,22276.25,22334.99,22283.15,22320.20,22208.39,22356.10,22387.86,22378.86,22291.24,22425.03,22349.89,22286.23,22370.94
athlete_10000_10.csv,10,71.5651,100.00,21985.06,21906.42,5412.22,3.96,230.26,4.00,0.010000,1004.60,1011.80,991.20,1004.20,983.80,995.00,990.80,998.40,1008.60,1011.60,obj,25971.92,23858.57,22866.68,22560.32,22444.40,22275.27,22059.07,22375.16,22167.04,22084.33,21765.70,21939.59,22076.06,22407.50,21925.66,21989.43,22032.62,21823.76,21954.59,21960.43,22192.43,21769.28,22117.81,21808.78,22271.95,22054.80,21817.44,22241.98,21942.45,22190.80,21746.18,21981.04,22340.51,21837.20,22081.89,22220.88,22365.49,22239.64,22228.76,22328.91,22721.17,22044.59,22073.13,22081.05,22449.87,22413.54,21980.99,22184.41,22004.24,22369.21,22278.77,22111.69,22068.75,22232.12,22120.06,22103.35,22149.76,22375.19,22159.21,22488.59,22232.96,22173.23,22163.51,22189.21,21882.74,22089.15,22054.16,22077.42,22254.71,21897.43,22372.26,22274.98,22264.21,22248.43,22074.00,22168.30,22397.05,22365.88,22163.85,22152.44,21849.03,21790.54,22131.03,21756.15,22407.28,22092.42,21863.56,22350.12,21959.92,22284.73,22189.77,22040.92,22098.40,22313.22,22272.20,22045.91,22169.39,22046.20,22123.57,21906.42
census_10000_3.csv,3,24.2010,100.00,31961.28,31960.49,192.47,0.24,124.44,4.00,0.010000,3332.40,3335.00,3332.60,obj,36761.32,34958.35,34390.03,34260.58,34109.64,34035.62,33956.50,33876.94,33925.30,33853.07,33779.01,33773.51,33776.08,33662.61,33583.35,33678.02,33617.73,33579.94,33462.29,33499.93,33404.67,33356.82,33317.52,33214.39,33170.66,33114.08,33037.38,32986.49,33072.29,32986.48,32998.56,32853.45,32876.51,32914.71,32808.74,32763.96,32759.06,32706.48,32605.20,32702.45,32635.89,32565.01,32601.01,32532.08,32509.83,32463.39,32511.44,32476.01,32434.07,32489.16,32431.36,32398.87,32438.60,32398.42,32384.85,32332.67,32373.16,32334.82,32365.60,32252.90,32283.81,32216.48,32159.49,32276.77,32251.01,32160.15,32179.72,32214.39,32257.52,32202.09,32191.76,32250.99,32208.20,32145.05,32199.04,32180.22,32121.39,32203.61,32121.23,32049.73,32037.88,32135.87,32117.28,32021.75,32083.61,32055.10,32007.00,32109.52,32027.73,32053.32,32087.70,31981.78,32033.77,32015.16,32013.19,32020.28,32023.12,32006.70,31962.05,31960.49
census_10000_4.csv,4,31.6299,100.00,31340.48,31343.41,85.51,0.53,51.69,4.00,0.010000,2500.40,2495.00,2499.00,2505.60,obj,36705.65,34423.55,33502.18,33193.01,33052.57,32830.01,32800.17,32719.94,32703.31,32587.64,32545.19,32479.00,32448.57,32428.99,32317.50,32300.53,32220.60,32149.09,32136.45,32082.57,32125.77,32050.00,31945.92,31942.04,31951.82,31915.23,31821.84,31780.23,31632.58,31683.29,31693.62,31614.38,31583.49,31523.40,31587.00,31450.13,31554.55,31492.12,31521.89,31496.64,31472.46,31480.04,31395.77,31503.95,31469.82,31439.42,31466.25,31430.38,31393.74,31424.54,31524.12,31380.59,31415.18,31442.56,31408.32,31463.93,31344.04,31385.46,31413.94,31412.30,31401.66,31460.61,31356.48,31344.21,31435.45,31426.89,31465.84,31434.63,31403.90,31438.38,31457.05,31474.00,31365.66,31422.46,31395.22,31472.82,31426.30,31388.40,31389.39,31343.34,31412.09,31488.47,31389.98,31375.91,31439.57,31378.08,31408.70,31408.06,31355.32,31432.19,31513.58,31396.41,31413.27,31396.76,31434.54,31439.90,31394.19,31447.41,31346.56,31343.41
census_10000_5.csv,5,37.9655,100.00,30992.42,30992.56,291.86,0.72,421.26,4.00,0.010000,2002.20,1992.40,2004.00,2003.40,1998.00,obj,35483.65,33708.94,32832.62,32546.95,32326.34,32130.32,32100.56,31927.79,31682.91,31662.94,31535.88,31396.37,31330.16,31359.14,31334.11,31360.78,31339.52,31351.81,31240.90,31179.59,31186.85,31085.49,31212.23,31103.09,31117.06,31128.96,31044.05,31012.97,31112.94,31161.85,31085.66,31082.15,31094.35,31059.39,31071.66,31040.50,30976.49,30927.46,30963.64,30967.02,30994.42,30949.21,30877.89,30949.89,30987.82,30931.49,30999.15,30974.44,31017.38,30944.86,30941.44,30932.90,30943.65,30972.74,30929.17,31030.57,30984.93,31009.68,30901.67,30942.01,30953.95,30940.31,31045.75,31008.03,30995.78,30940.90,30936.71,30997.51,30952.52,30983.65,30916.17,30923.87,30947.86,30939.50,30984.98,30972.10,30909.85,30923.24,31022.90,30906.63,31039.15,30946.27,30930.52,30966.40,30978.91,30986.73,30974.68,30919.50,30977.16,30984.88,30941.64,30994.66,30867.24,30981.22,30938.41,30963.92,30976.86,31032.21,30976.08,30992.56
census_10000_6.csv,6,44.8884,100.00,30965.61,30971.72,576.20,0.15,232.38,4.00,0.010000,1659.40,1663.00,1676.20,1660.20,1666.80,1674.40,obj,35493.69,33763.79,32862.70,32733.28,32522.26,32344.63,32142.61,31999.68,31843.76,31674.30,31587.31,31538.41,31485.06,31475.55,31343.47,31331.46,31248.22,31219.84,31153.52,31153.09,31087.57,31062.64,31125.46,31034.49,31021.96,30960.90,30997.83,30942.92,30971.39,30974.92,31027.47,31017.67,30985.34,30926.85,31029.33,31044.06,31042.33,30955.44,30996.48,30991.37,30994.16,30973.76,31045.20,31030.00,31056.18,31079.04,31050.11,31109.11,31044.83,31134.58,31094.33,31002.61,31024.93,31082.38,31069.69,31093.82,31024.23,31096.02,31055.01,31021.00,31100.94,31121.27,31087.49,31102.57,31147.96,31084.19,31005.59,31023.00,31082.99,31119.18,31110.54,31169.34,31096.49,31052.30,31116.90,31111.32,31066.80,31040.14,31098.36,31053.80,31006.80,31021.33,31049.50,30955.26,30973.60,30999.15,31003.23,30997.55,30989.05,31021.01,31002.85,30955.63,31042.65,30992.82,31004.79,30954.03,31032.42,31005.12,30982.48,30971.72
census_10000_7.csv,7,48.4134,100.00,30711.30,30716.76,178.89,2.44,51.00,4.00,0.010000,1427.00,1430.40,1422.80,1430.20,1429.20,1433.40,1427.00,obj,34752.83,33465.84,32963.83,32666.65,32490.34,32195.59,31993.25,31685.68,31510.81,31295.14,31197.55,31090.59,31006.79,30974.15,30983.84,30963.70,30889.90,30840.34,30772.99,30718.62,30627.36,30709.67,30746.50,30666.58,30734.84,30690.11,30664.04,30628.06,30663.89,30629.29,30649.10,30665.82,30611.82,30672.96,30667.84,30693.70,30707.69,30682.70,30660.21,30656.16,30703.75,30654.95,30666.72,30671.69,30638.83,30670.56,30648.89,30628.02,30674.04,30685.77,30664.82,30664.66,30665.89,30727.35,30709.10,30674.97,30695.53,30793.75,30728.54,30777.92,30695.98,30675.52,30694.10,30770.68,30670.22,30742.43,30722.56,30716.75,30733.57,30700.20,30690.82,30735.77,30773.59,30718.32,30732.76,30780.46,30737.59,30718.08,30798.69,30730.12,30693.94,30698.10,30697.12,30726.62,30700.95,30690.66,30716.70,30728.67,30711.56,30752.44,30733.26,30774.58,30757.10,30755.24,30774.12,30688.79,30641.42,30661.57,30710.81,30716.76
census_10000_8.csv,8,57.2710,100.00,30327.41,30330.54,276.50,1.28,248.15,4.00,0.010000,1242.40,1243.00,1259.80,1248.20,1245.20,1255.40,1252.80,1253.20,obj,33444.92,33055.68,32574.24,32249.68,31834.12,31604.13,31255.66,31056.38,30919.34,30801.45,30727.91,30655.32,30607.76,30578.00,30708.94,30575.80,30573.12,30524.63,30487.89,30487.44,30507.49,30529.60,30515.99,30500.27,30460.37,30508.34,30491.97,30461.13,30499.45,30488.34,30530.30,30499.72,30519.82,30482.37,30503.05,30506.83,30507.25,30504.92,30507.42,30502.88,30488.40,30481.28,30510.70,30502.46,30500.46,30463.52,30448.41,30457.85,30438.88,30407.87,30406.69,30376.48,30348.10,30352.35,30390.41,30321.54,30353.86,30418.45,30390.63,30369.87,30363.03,30374.34,30327.31,30355.98,30348.05,30326.01,30401.68,30369.19,30351.92,30284.63,30351.38,30316.37,30438.70,30377.38,30380.09,30307.70,30410.04,30317.58,30386.55,30448.35,30356.19,30447.82,30424.96,30379.32,30352.45,30466.24,30440.55,30359.00,30371.64,30405.59,30385.33,30412.23,30351.36,30333.94,30378.96,30326.35,30295.52,30246.83,30316.30,30330.54
census_10000_9.csv,9,64.4362,100.00,30190.96,30198.20,282.86,0.27,126.65,4.00,0.010000,1110.00,1113.40,1107.40,1109.80,1118.20,1113.40,1104.60,1110.40,1112.80,obj,33331.36,32537.88,31968.95,31554.51,31135.61,30803.75,30513.18,30328.28,30219.77,30114.86,30026.93,30124.52,30147.57,30068.61,30086.48,29964.20,29944.38,29995.44,30018.66,30029.47,30021.49,30023.26,30030.54,30040.72,29980.61,29995.57,30038.84,30034.92,30103.16,30054.06,30022.74,30006.31,30010.81,30054.01,30060.18,30109.77,30005.07,30058.77,30099.57,30036.50,30060.04,30059.12,30093.32,30060.29,30094.91,30016.11,30049.78,30059.49,30047.34,30122.23,30044.36,30148.14,30129.55,30082.29,30160.62,30122.80,30099.35,30109.09,30146.14,30164.41,30163.50,30266.77,30278.53,30240.48,30210.54,30205.87,30181.71,30183.98,30144.29,30142.27,30042.91,30139.49,30136.82,30092.41,30146.71,30125.96,30114.16,30089.87,30106.46,30148.95,30121.53,30242.15,30140.01,30116.27,30138.31,30161.33,30182.53,30191.19,30115.40,30149.48,30169.58,30143.79,30122.98,30185.82,30209.30,30119.78,30157.43,30183.20,30154.78,30198.20
census_10000_10.csv,10,73.7844,100.00,30149.59,30158.08,169.39,0.18,601.52,4.00,0.010000,998.40,999.40,1003.80,1000.80,1002.60,996.20,1001.60,998.40,1000.00,998.80,obj,33557.17,33180.78,32645.49,32015.40,31454.39,31087.03,30865.92,30698.49,30751.22,30576.85,30568.44,30543.61,30560.31,30553.15,30512.77,30496.37,30505.86,30487.83,30445.08,30400.00,30359.75,30340.23,30409.14,30304.28,30371.43,30360.15,30413.87,30398.71,30317.31,30358.77,30357.85,30347.92,30366.87,30373.10,30384.66,30373.82,30354.45,30333.19,30357.45,30318.70,30325.70,30394.28,30334.96,30391.08,30360.43,30283.73,30322.00,30337.86,30286.24,30312.96,30276.13,30321.14,30252.69,30364.69,30268.06,30311.98,30237.54,30238.02,30184.54,30155.91,30209.92,30175.10,30200.79,30153.55,30129.86,30123.99,30111.41,30164.21,30186.53,30163.42,30136.14,30117.79,30117.65,30110.85,30120.28,30150.21,30107.51,30164.68,30156.22,30095.75,30124.51,30157.78,30161.95,30129.83,30089.63,30128.16,30121.94,30179.92,30080.87,30112.90,30169.34,30198.29,30117.40,30119.99,30250.08,30081.13,30189.97,30220.77,30166.07,30158.08
Spanish_10000_3.csv,3,11.0153,100.00,17981.82,17986.66,296.74,0.19,84.38,4.00,0.010000,1589.00,1581.60,1575.40,obj,19397.71,18826.67,18699.28,18555.50,18509.33,18417.22,18361.20,18242.24,18195.23,18166.70,18167.82,18092.28,18087.35,18134.62,18089.96,18038.76,18105.87,18086.43,18115.33,18067.91,18032.89,18087.43,18022.60,18078.85,18037.46,18077.41,18124.18,18056.41,18057.15,18020.72,18098.69,18036.25,18018.91,18107.56,18082.65,18006.82,18082.49,18044.98,17999.20,18023.62,18059.83,18072.57,18081.63,18106.21,18019.27,18090.73,18042.40,17996.73,18000.20,18077.84,18043.12,18024.90,17951.73,18071.52,18082.92,18074.17,17994.86,18067.37,18071.00,18023.21,18066.98,18027.65,18057.07,18061.62,18044.31,18035.88,18001.81,18015.36,18072.54,18106.23,17992.93,18029.69,18045.35,18043.78,18068.63,18011.90,18062.37,18037.51,18032.40,18051.37,18092.22,18073.58,18081.76,18091.97,18082.08,17994.07,18038.23,18045.15,18026.82,18114.11,18050.91,18030.09,18024.88,18017.54,18061.77,18028.89,18041.90,18105.38,18058.43,17986.66
Spanish_10000_4.csv,4,15.1000,100.00,17764.89,17763.98,195.30,0.18,164.83,4.00,0.010000,1190.40,1186.80,1184.20,1184.60,obj,19558.65,18811.57,18623.51,18493.67,18477.02,18288.13,18226.91,18121.28,17960.76,17964.96,17928.34,17792.90,17828.60,17817.69,17968.42,17908.39,17927.31,17872.37,17848.88,17920.73,17948.41,17979.07,17962.60,17919.94,17934.44,17932.30,17866.13,17895.21,17966.47,17877.20,17957.57,17833.15,17848.17,17962.18,17901.17,17907.33,17853.08,17985.20,17991.40,17865.88,17842.07,17975.26,17898.72,17892.01,17887.99,17876.89,17892.37,17816.54,17934.76,17850.81,17818.61,17830.12,17839.08,17796.93,17798.53,17819.00,17755.68,17841.43,17847.81,17857.50,17840.47,17882.81,17891.92,17833.68,17837.25,17878.63,17858.39,17901.77,17924.51,17771.91,17922.84,17792.55,17719.68,17765.75,17781.37,17853.19,17814.93,17856.39,17828.89,17789.92,17770.60,17788.30,17758.23,17866.32,17896.83,17778.63,17813.60,17835.07,17759.20,17800.42,17832.20,17811.48,17822.21,17824.07,17847.88,17848.44,17836.29,17852.01,17825.04,17763.98
Spanish_10000_5.csv,5,18.4038,100.00,17095.07,17106.58,1006.58,0.22,332.78,4.00,0.010000,948.20,955.20,952.80,939.20,950.60,obj,19935.80,18758.04,18558.00,18416.95,18112.86,17904.34,17806.42,17945.46,17867.32,17848.88,17784.85,17796.71,17636.05,17536.61,17537.36,17500.94,17454.45,17527.17,17459.65,17402.80,17479.29,17465.41,17486.68,17466.08,17425.88,17403.87,17418.69,17380.06,17399.47,17407.40,17335.26,17376.02,17343.19,17401.03,17366.11,17387.16,17397.72,17245.66,17285.47,17274.11,17301.84,17301.79,17218.38,17264.66,17252.13,17262.57,17278.09,17238.30,17282.89,17277.21,17261.18,17247.05,17184.72,17249.27,17286.44,17219.59,17263.72,17241.62,17268.53,17174.13,17193.31,17220.45,17229.30,17257.49,17283.89,17259.81,17270.94,17248.03,17231.47,17221.73,17240.12,17225.50,17247.74,17239.41,17237.13,17175.23,17164.56,17160.17,17236.40,17109.92,17143.64,17176.46,17158.98,17146.98,17285.96,17169.17,17160.44,17158.51,17121.79,17170.84,17219.22,17192.90,17197.00,17136.71,17144.71,17141.33,17101.80,17086.18,17098.09,17106.58
Spanish_10000_6.csv,6,21.3823,100.00,17234.95,17252.72,1434.98,0.40,54.90,4.00,0.010000,790.80,795.60,787.80,792.80,787.20,791.80,obj,19491.61,18752.54,18254.76,17937.93,17645.97,17681.30,17566.31,17495.37,17413.38,17418.38,17468.95,17468.95,17378.28,17352.52,17357.94,17297.86,17301.49,17327.81,17371.13,17267.10,17380.71,17381.79,17393.34,17326.54,17313.45,17258.11,17328.39,17301.16,17296.33,17385.99,17350.71,17349.28,17376.31,17272.32,17356.34,17345.04,17328.16,17365.05,17304.61,17340.95,17271.68,17317.13,17310.64,17288.34,17303.11,17264.09,17282.22,17266.57,17291.91,17245.54,17244.69,17247.89,17278.72,17240.51,17243.43,17197.44,17333.67,17250.35,17291.77,17282.08,17242.03,17314.54,17321.30,17241.19,17261.06,17302.65,17222.14,17275.99,17240.14,17232.12,17224.68,17259.31,17295.01,17210.16,17294.39,17226.63,17260.96,17343.49,17232.85,17265.37,17232.37,17261.79,17253.83,17245.69,17292.18,17276.40,17259.34,17324.29,17223.13,17314.83,17223.19,17226.09,17231.58,17358.13,17235.83,17278.14,17282.34,17221.85,17260.69,17252.72
Spanish_10000_7.csv,7,24.4094,100.00,16788.04,16823.79,2503.63,0.27,123.32,4.00,0.010000,678.80,685.40,675.40,685.40,671.80,676.60,672.60,obj,20084.08,18954.87,18405.66,17823.21,17598.74,17251.25,17142.07,17140.41,17024.22,16895.59,16891.61,16859.16,16802.64,16787.61,16858.58,16802.12,16841.22,16819.64,16784.72,16777.58,16709.48,16752.63,16789.69,16828.13,16857.57,16794.72,16858.17,16956.93,16917.14,16858.64,16836.50,16807.22,16817.77,16849.09,16884.13,16788.54,16818.96,16856.73,16833.12,16854.90,16799.89,16842.26,16793.57,16917.39,16835.07,16834.22,16870.71,16836.45,16872.97,16858.78,16852.78,16852.43,16818.34,16856.86,16898.19,16872.32,16953.85,16944.65,16924.41,16941.75,16935.19,16886.08,16928.32,16979.58,16893.84,16829.40,16787.62,16921.58,16835.79,16806.23,16891.86,16910.22,16904.96,16947.04,16870.02,16875.68,16902.05,16861.87,16864.00,16930.75,16835.32,16916.02,16862.67,16844.64,16791.07,16938.57,16924.46,16895.39,16857.86,16854.90,16872.35,16917.31,16894.53,16906.39,16919.63,16801.66,16897.07,16911.48,16760.59,16823.79
Spanish_10000_8.csv,8,27.4316,100.00,16651.70,16633.31,2100.35,0.59,188.29,4.00,0.010000,604.00,596.00,584.60,593.60,585.00,592.60,584.60,605.60,obj,20154.37,18907.95,18150.77,17629.10,17366.17,17090.67,17004.24,16993.72,17006.68,16967.42,17036.99,17022.77,17033.79,17117.11,17092.42,17084.15,17009.89,17124.07,16995.18,16887.42,16951.74,16956.08,17054.07,16984.36,16906.20,16960.45,16979.97,16978.95,16948.40,16944.17,16858.20,16938.53,16865.60,16852.45,16710.35,16737.99,16801.62,16707.46,16731.82,16832.41,16717.29,16722.26,16674.72,16732.88,16805.14,16631.11,16712.99,16676.90,16670.25,16656.13,16767.08,16617.97,16674.60,16597.41,16596.31,16719.86,16724.52,16756.06,16647.86,16784.25,16727.58,16844.51,16665.07,16771.50,16771.41,16695.18,16699.78,16711.50,16728.26,16715.29,16724.98,16823.05,16774.79,16725.03,16698.51,16725.53,16697.48,16675.61,16754.93,16770.26,16645.05,16728.98,16687.74,16689.38,16666.16,16723.84,16712.83,16784.15,16757.67,16749.73,16716.70,16777.78,16771.98,16638.89,16729.59,16826.55,16716.56,16661.29,16770.67,16633.31
Spanish_10000_9.csv,9,31.2381,100.00,16890.48,16899.95,1318.02,0.48,101.07,4.00,0.010000,533.00,517.40,528.60,533.40,525.80,528.60,537.60,518.20,523.40,obj,19745.60,18247.52,17636.03,17213.60,17046.77,16995.44,16930.27,16981.45,17038.08,17069.25,16910.17,16944.31,16961.46,17010.86,16942.66,16970.72,17049.02,16934.57,16989.10,17003.19,17046.20,17032.42,16985.34,16973.30,17031.57,16971.78,16995.15,17067.79,16963.62,16984.81,17031.77,16988.27,16940.95,16977.45,16983.23,17003.39,16959.44,16887.40,16899.01,16913.27,16974.84,16918.52,16843.58,16895.03,16917.64,16852.42,16899.85,16948.88,16881.83,16902.59,16929.66,16936.55,16954.27,16950.94,16964.49,16948.90,16966.86,16933.52,16905.97,16943.49,16882.04,16965.61,16995.81,16953.91,17043.37,16920.25,16967.76,16925.66,16973.02,16919.11,16902.05,16905.18,16928.14,16920.05,16893.11,16969.04,16875.42,16891.04,16917.57,16919.77,17013.57,16880.35,16885.03,16898.96,16963.87,17007.35,16941.25,16950.72,16942.75,16931.73,16958.58,16911.59,16913.21,16928.72,16918.42,16978.99,16880.15,16908.96,16885.69,16899.95
Spanish_10000_10.csv,10,30.0980,100.00,16696.53,16751.53,2462.01,2.53,152.40,4.00,0.010000,476.20,475.80,475.80,475.00,472.80,471.00,483.20,471.20,465.60,479.40,obj,19150.09,17977.67,17647.84,17160.26,16904.60,16905.79,16707.36,16692.65,16699.73,16651.17,16643.98,16755.55,16743.04,16765.62,16717.12,16750.57,16689.39,16759.29,16691.33,16666.80,16747.57,16716.45,16670.26,16698.28,16733.85,16651.42,16638.13,16711.98,16644.34,16738.25,16714.31,16591.35,16642.61,16690.62,16639.79,16685.14,16717.71,16696.10,16758.18,16732.33,16788.58,16757.03,16722.16,16732.97,16740.56,16672.71,16720.52,16772.88,16719.30,16725.33,16759.93,16700.38,16716.88,16706.19,16698.02,16685.46,16657.13,16695.88,16838.59,16698.71,16749.66,16721.52,16778.00,16742.65,16716.30,16690.95,16701.86,16643.60,16786.52,16648.61,16714.08,16786.03,16683.21,16705.53,16640.49,16691.48,16738.23,16754.45,16754.41,16836.75,16715.24,16672.00,16713.69,16673.75,16783.91,16687.62,16756.51,16749.03,16648.78,16792.49,16711.47,16765.49,16789.86,16673.57,16852.09,16774.62,16720.92,16667.93,16766.44,16751.53
student_10000_3.csv,3,20.4819,100.00,13931.23,13937.83,111.97,0.55,101.66,4.00,0.010000,3334.20,3334.80,3331.00,obj,18072.94,15890.03,15216.81,15004.74,14810.21,14600.07,14486.37,14375.56,14436.56,14376.99,14264.21,14241.16,14185.00,14184.36,14170.54,14146.63,14091.80,14090.01,14065.55,14054.28,14037.70,14011.78,14003.49,13931.64,13928.38,13929.62,13974.75,13954.16,13907.41,13994.18,13961.13,13957.61,13982.86,14025.82,14062.94,13976.53,13972.62,14007.80,13921.66,13970.21,13961.83,14021.59,14018.23,13970.26,13937.45,13942.34,13934.00,13946.18,14004.55,13952.82,14006.70,13971.18,13989.41,13953.34,13949.65,14002.49,13954.33,13916.99,13918.84,13976.41,13948.03,13958.63,13909.60,14028.33,13896.30,13975.18,13923.13,13961.11,13898.20,13905.34,13944.64,13949.88,13950.45,13933.77,13945.15,13877.28,13945.71,13916.08,13906.41,13909.50,13947.79,13964.02,13892.61,13921.48,13928.40,13921.38,13929.10,13901.76,13887.46,13944.19,13869.28,13952.92,13954.86,13911.15,13941.32,13923.71,13954.90,13986.39,13927.08,13937.83
student_10000_4.csv,4,26.0881,100.00,14372.00,14372.68,21.80,0.50,835.92,4.00,0.010000,2499.40,2498.00,2501.80,2500.80,obj,18416.74,15788.74,15169.47,15003.80,14945.16,14959.42,14918.35,14805.99,14790.76,14711.49,14628.02,14586.84,14510.27,14451.58,14431.27,14428.40,14472.75,14369.00,14392.80,14346.35,14419.82,14412.48,14414.82,14422.14,14429.70,14404.27,14426.85,14430.02,14417.59,14471.71,14421.39,14369.84,14424.58,14504.90,14414.23,14410.26,14344.92,14413.96,14381.38,14394.55,14432.24,14397.97,14413.53,14362.45,14375.06,14393.97,14389.31,14400.47,14393.43,14337.48,14403.29,14379.34,14392.65,14363.74,14407.06,14371.94,14357.12,14349.08,14373.98,14408.12,14400.83,14407.45,14353.65,14421.05,14393.88,14426.56,14387.12,14448.37,14381.09,14448.97,14375.74,14388.47,14354.76,14346.49,14408.23,14391.84,14376.81,14374.69,14374.50,14366.88,14401.54,14404.41,14415.13,14339.48,14398.93,14406.63,14360.71,14389.48,14371.52,14435.95,14375.40,14390.92,14385.22,14350.42,14347.12,14381.77,14358.41,14450.01,14350.83,14372.68
student_10000_5.csv,5,29.1930,100.00,13932.33,13930.04,158.00,2.57,1017.69,4.00,0.010000,2001.20,2003.80,1998.00,1993.80,2003.20,obj,18882.26,17121.13,15479.52,15132.36,14950.23,14784.07,14670.54,14589.47,14299.13,14242.18,14181.10,14158.05,14097.73,14126.71,14095.87,14130.32,14130.56,14108.08,14126.71,14204.42,14110.40,14153.62,14194.11,14158.85,14201.07,14149.09,14137.03,14139.08,14187.37,14122.54,14116.58,14096.95,14078.55,14114.27,14055.92,14034.34,14069.90,14061.97,14040.29,14076.03,14086.89,14073.19,14034.19,14044.07,14046.88,14027.29,14046.65,14040.25,14030.80,14069.40,14005.35,14022.05,14038.56,13999.91,13962.29,13971.57,13924.18,13923.24,13937.53,13953.29,13904.74,13908.87,13903.95,13903.18,13908.58,13920.30,13910.81,13893.03,13910.24,13917.91,13893.77,13868.84,13901.41,13929.75,13950.10,13895.10,13895.86,13885.88,13916.92,13908.00,13920.37,13890.41,13946.17,13918.92,13893.53,13914.47,13898.11,13883.39,13878.93,13900.64,13895.29,13945.73,13934.58,13944.03,13926.49,13939.04,13915.48,13919.27,13904.36,13930.04
student_10000_6.csv,6,36.0048,100.00,14007.41,14004.53,266.67,0.46,1111.42,4.00,0.010000,1659.00,1665.40,1668.80,1662.20,1673.60,1671.00,obj,19146.66,16821.28,14961.45,14502.74,14454.88,14247.20,14108.89,13900.96,13836.60,13910.01,13997.38,14052.72,14081.84,14073.70,14145.83,14152.69,14218.60,14142.00,14214.72,14168.48,14107.07,14149.64,14096.29,14114.28,14105.53,14060.78,14169.16,14087.03,14109.29,14127.92,14097.45,14076.62,14055.27,13996.30,14063.96,14048.19,14031.78,14108.67,14060.75,14125.57,14098.03,14063.10,14054.99,14126.65,14051.14,14070.30,14078.16,14035.50,14079.57,14033.63,14073.24,14067.48,14058.09,14093.40,14084.09,14036.03,14091.62,14056.78,13990.06,14071.18,14068.29,14013.45,14082.06,14056.88,14107.90,14088.86,14044.04,14043.49,14041.46,14079.90,14023.62,14047.07,14081.59,14071.78,14079.37,14018.56,14021.89,13994.78,14004.52,14054.40,14000.44,14012.69,13983.33,13964.76,13994.99,14061.34,14055.35,14036.00,14022.14,13991.68,14046.13,14006.34,14012.14,14013.70,14035.02,14036.37,14038.66,14029.54,14041.51,14004.53
student_10000_7.csv,7,41.5975,100.00,13975.56,13969.53,181.89,1.65,935.19,4.00,0.010000,1423.80,1429.40,1415.20,1432.00,1432.40,1435.20,1432.00,obj,19142.37,17211.23,15959.67,15402.90,15071.58,14784.28,14655.65,14572.73,14499.46,14386.90,14291.31,14280.93,14254.63,14210.84,14298.43,14255.62,14296.66,14261.01,14312.07,14280.42,14312.19,14306.11,14326.43,14289.71,14298.76,14314.13,14273.03,14252.86,14244.21,14283.82,14243.52,14230.47,14230.21,14167.34,14204.39,14183.25,14211.16,14162.66,14195.18,14187.70,14186.89,14155.48,14120.46,14143.70,14101.14,14137.12,14100.93,14099.80,14053.54,14101.72,14100.44,14064.50,14071.89,14077.18,14079.56,14021.04,14047.07,14037.57,14015.22,14016.10,14062.58,14061.16,14016.34,14020.49,14003.72,14002.45,13978.79,14017.67,14041.15,13998.07,14015.89,14007.03,13975.04,14012.65,13979.19,14007.55,13984.04,13984.92,13974.29,13965.42,13992.41,13965.57,13946.94,13986.77,14046.56,13987.60,13984.08,14004.11,13945.05,13986.72,13989.18,14012.77,14067.35,13943.88,14040.15,13966.11,13965.62,13944.63,13943.87,13969.53
student_10000_8.csv,8,48.2247,100.00,14761.77,14760.49,323.70,1.58,71.18,4.00,0.010000,1253.00,1244.80,1251.00,1241.60,1255.40,1250.80,1252.00,1251.40,obj,18752.36,17170.47,16534.21,15922.83,15519.60,15296.87,15168.27,15151.14,15041.52,14970.80,14900.31,14865.21,14863.24,14863.73,14862.97,14845.35,14841.22,14832.33,14865.83,14838.92,14810.06,14780.34,14829.31,14824.32,14801.04,14811.65,14807.47,14814.91,14821.45,14820.44,14765.41,14811.89,14802.72,14738.19,14801.58,14807.79,14767.76,14808.61,14815.81,14799.39,14790.36,14761.28,14766.89,14793.54,14800.60,14848.31,14805.91,14785.51,14807.73,14788.48,14788.73,14831.48,14786.90,14816.57,14849.90,14803.23,14799.93,14782.31,14767.98,14764.06,14774.72,14762.46,14743.40,14746.24,14765.41,14835.85,14746.07,14769.99,14762.41,14810.07,14764.14,14776.53,14797.55,14796.33,14811.95,14773.00,14834.60,14828.56,14779.33,14816.98,14808.74,14839.95,14779.71,14806.66,14778.58,14837.11,14830.55,14819.49,14735.65,14766.60,14779.87,14799.86,14784.43,14780.55,14776.31,14795.82,14808.56,14791.39,14792.11,14760.49
student_10000_9.csv,9,55.2926,100.00,13285.21,13427.51,1891.49,1.64,702.48,4.00,0.010000,1114.60,1108.80,1106.40,1115.20,1112.00,1115.00,1112.40,1111.80,1103.80,obj,19187.57,17207.50,15396.73,14951.85,14523.79,14325.62,14159.19,13920.29,13780.30,13712.50,13685.34,13471.74,13539.12,13531.56,13569.06,13530.35,13620.35,13563.12,13497.94,13601.53,13591.84,13536.11,13500.35,13536.70,13536.23,13501.43,13536.36,13504.02,13606.36,13377.74,13465.75,13463.48,13492.35,13547.63,13579.79,13365.51,13567.15,13502.63,13488.16,13555.85,13452.84,13475.03,13467.25,13471.34,13532.68,13480.82,13468.17,13431.50,13375.27,13441.10,13404.34,13395.35,13436.93,13389.33,13453.08,13471.02,13353.46,13409.85,13347.94,13354.67,13354.84,13444.77,13354.80,13445.12,13355.51,13481.16,13437.30,13395.77,13330.35,13459.00,13416.13,13323.56,13407.61,13369.41,13338.14,13389.81,13349.62,13435.33,13296.30,13489.14,13329.62,13321.74,13347.78,13346.91,13391.77,13300.28,13405.50,13388.11,13342.30,13341.66,13365.70,13377.74,13315.65,13333.39,13390.11,13356.89,13374.95,13402.24,13287.00,13427.51
student_10000_10.csv,10,60.9880,100.00,13593.04,13638.30,1070.00,0.62,783.40,4.00,0.010000,1000.20,996.80,999.80,1002.40,1001.40,1002.00,1001.20,1003.00,999.60,993.60,obj,18629.43,16932.37,15397.47,14568.97,14204.95,13910.75,13977.81,13776.64,13738.08,13806.51,13784.17,13849.68,13812.13,13745.38,13761.39,13809.64,13796.08,13777.38,13714.32,13771.77,13770.10,13777.26,13677.83,13755.81,13813.18,13814.57,13707.39,13701.69,13763.26,13766.71,13707.38,13724.54,13643.46,13775.25,13697.05,13666.29,13721.25,13765.19,13640.16,13713.48,13709.11,13709.25,13719.41,13764.91,13705.12,13725.24,13649.32,13738.25,13733.70,13709.34,13661.44,13763.06,13700.49,13696.79,13642.46,13646.40,13634.40,13637.49,13623.22,13634.20,13616.59,13693.98,13588.32,13614.41,13630.00,13577.59,13621.81,13582.61,13615.39,13659.21,13596.70,13592.23,13599.37,13677.92,13621.95,13572.60,13630.74,13561.16,13609.50,13632.35,13603.95,13583.49,13595.24,13579.17,13573.88,13596.42,13577.32,13611.17,13576.98,13568.74,13558.07,13517.94,13552.83,13612.87,13542.89,13582.62,13553.13,13581.78,13574.16,13638.30
pricerunner_10000_3.csv,3,20.0403,100.00,22991.17,22999.51,204.29,0.62,413.28,4.00,0.010000,3332.40,3329.00,3338.60,obj,30952.87,27497.04,25937.73,24903.64,24720.17,23863.88,23555.27,23309.08,23267.23,23037.44,22867.00,23012.84,23107.34,22955.92,22901.42,22964.79,23095.02,23104.85,23074.32,23071.03,22917.00,22965.65,22984.93,22925.64,22846.09,22972.08,22898.71,22904.44,23019.36,22983.28,22990.15,22921.19,22918.17,23005.27,22829.06,22961.10,22800.46,22914.99,22831.18,22976.06,22918.16,22795.62,22863.60,22973.28,22855.04,22772.69,22819.16,22822.41,22881.36,22919.06,22869.41,22771.98,22905.94,22867.82,22864.25,22972.65,22855.03,22862.57,22774.40,22891.97,22973.19,22911.46,22903.53,22926.33,23023.34,23045.02,22849.88,23052.04,22938.83,22929.57,22948.53,22919.28,22922.58,22933.87,22994.11,22985.93,23031.12,22967.38,23036.93,22963.08,22983.11,23168.63,23061.88,23004.79,23247.49,23095.61,22953.62,23011.95,23185.34,23131.77,23178.12,23051.63,23250.31,23225.10,23132.77,23177.49,23044.36,23164.40,22945.34,22999.51
pricerunner_10000_4.csv,4,25.7278,100.00,26049.75,26102.43,2081.71,0.41,600.65,4.00,0.010000,2497.80,2494.80,2502.00,2505.40,obj,23798.51,23957.64,24757.05,24985.01,24733.43,24845.14,24837.36,24971.06,25144.55,25274.97,25348.10,25583.74,25683.58,25768.10,25727.95,25806.90,25800.21,25702.10,25933.55,25807.59,25923.24,25922.43,25978.74,25892.59,25959.93,25912.93,25814.62,25977.45,26040.22,26072.83,26053.56,25990.90,26001.36,26016.54,25926.31,26042.05,25993.04,25982.43,26113.23,25995.84,26005.92,25991.48,25972.35,26089.90,26060.55,26041.05,25963.71,26162.09,25963.91,26072.56,26141.62,25971.37,26103.96,26009.27,26130.96,26069.51,26057.19,26075.37,26075.41,26005.77,26003.94,26052.81,25982.89,26088.34,26020.76,25989.12,25965.52,25962.59,26099.93,25934.09,25934.45,26013.95,26076.43,26077.48,26091.14,26106.32,26102.29,26062.89,26059.55,26049.56,26108.88,25973.38,26177.19,26068.67,26023.60,26100.47,26150.06,26129.87,26016.95,25980.67,26039.51,26083.96,26072.82,26050.84,26038.26,26093.82,26023.97,26089.03,26020.50,26102.43
pricerunner_10000_5.csv,5,30.8302,100.00,20352.10,20331.96,1490.00,0.86,178.89,4.00,0.010000,2006.80,1984.20,1985.40,2011.20,2012.40,obj,26064.54,23469.87,22858.97,22680.46,22533.89,22631.21,22276.91,21927.07,21673.16,21683.47,21383.78,21224.63,21160.27,21188.10,21168.03,20884.46,20898.16,20883.24,20990.10,20877.82,20901.09,20759.19,20778.84,20930.89,20818.23,20816.87,20850.58,20793.76,20670.29,20825.13,20759.32,20755.41,20718.31,20673.89,20747.42,20664.64,20687.20,20633.85,20736.27,20784.07,20490.28,20735.65,20751.16,20663.85,20669.93,20633.39,20631.65,20636.21,20638.30,20617.92,20518.05,20597.69,20609.43,20584.12,20504.86,20547.12,20573.52,20596.46,20644.21,20374.06,20432.42,20522.83,20520.09,20383.13,20425.96,20588.93,20414.02,20470.31,20518.79,20491.23,20492.59,20304.85,20436.42,20579.01,20476.98,20515.11,20329.27,20506.54,20520.27,20477.88,20432.28,20442.49,20375.46,20398.61,20540.59,20460.39,20336.38,20516.39,20438.79,20382.63,20323.23,20393.57,20418.13,20456.40,20400.45,20384.02,20416.70,20424.20,20374.73,20331.96
pricerunner_10000_6.csv,6,35.7165,100.00,21630.94,21696.91,4915.33,0.41,946.25,4.00,0.010000,1653.80,1663.20,1662.00,1667.80,1666.80,1686.40,obj,26697.61,22392.88,22327.13,22521.78,22500.86,22291.31,22214.54,22248.59,22151.39,22063.03,21994.53,21854.39,21909.16,21857.59,21983.51,21802.97,21901.07,21661.11,21782.45,21884.84,21650.76,21739.13,21833.63,21719.62,21837.37,21640.79,21857.85,21777.95,21644.00,21683.83,21649.25,21627.57,21818.56,21585.92,21686.19,21679.15,21811.44,21718.97,21729.95,21652.62,21689.52,21671.39,21768.93,21821.84,21680.46,21752.08,21517.67,21718.91,21817.56,21718.29,21785.07,21722.02,21717.52,21803.91,21721.63,21832.58,21692.35,21722.48,21682.62,21648.30,21828.75,21672.96,21726.80,21736.74,21649.49,21564.20,21676.13,21670.98,21627.95,21699.60,21754.48,21623.50,21805.90,21763.77,21637.40,21578.04,21740.46,21593.64,21621.05,21831.55,21759.11,21618.43,21668.54,21781.30,21733.25,21693.52,21683.89,21671.01,21814.98,21715.52,21708.10,21569.60,21626.20,21746.50,21841.70,21665.43,21629.28,21736.59,21641.22,21696.91
pricerunner_10000_7.csv,7,42.6620,100.00,20589.30,20646.04,1523.26,0.76,892.32,4.00,0.010000,1420.60,1437.60,1419.60,1435.00,1440.60,1427.40,1419.20,obj,25769.52,22302.84,21393.11,21569.04,21593.94,21633.55,21205.40,20958.50,20869.77,20895.59,20953.16,20820.33,20964.03,20869.66,20967.85,20864.68,20926.03,20738.51,20872.85,20847.46,20816.76,20815.53,20934.25,20784.25,20858.46,20800.36,20857.10,20780.79,20883.66,20895.89,20844.23,20847.81,20850.75,20793.10,20839.36,20721.67,20818.99,20770.77,20706.53,20814.31,20916.33,20887.90,20783.35,20742.18,20763.42,20570.45,20687.48,20800.15,20754.14,20836.11,20678.56,20767.23,20833.02,20823.88,20750.98,20662.33,20733.51,20705.95,20726.63,20771.15,20712.83,20783.51,20759.10,20679.65,20793.50,20772.07,20735.96,20701.83,20675.46,20657.57,20802.63,20773.20,20708.21,20548.79,20703.68,20648.09,20778.58,20675.01,20644.26,20671.40,20717.94,20583.81,20669.36,20626.17,20569.95,20646.79,20758.85,20544.56,20513.69,20776.34,20578.54,20585.14,20637.04,20571.55,20668.69,20626.15,20737.19,20520.12,20658.75,20646.04
pricerunner_10000_8.csv,8,49.4519,100.00,18922.04,19023.21,3070.90,0.33,918.32,4.00,0.010000,1246.00,1239.80,1264.20,1252.20,1248.00,1255.40,1247.40,1247.00,obj,24594.88,20288.22,20522.75,20426.96,20159.33,20099.81,19907.03,19941.02,19860.99,19606.74,19834.18,19590.52,19669.16,19806.63,19619.43,19807.84,19690.67,19731.72,19581.60,19596.60,19703.26,19678.95,19663.33,19728.02,19608.03,19572.22,19612.16,19622.98,19689.91,19506.50,19594.75,19752.17,19762.59,19456.79,19487.03,19606.03,19409.32,19688.40,19522.19,19495.20,19652.08,19429.30,19570.84,19422.71,19653.65,19565.95,19386.00,19387.23,19652.68,19428.82,19491.30,19548.24,19464.72,19446.55,19451.45,19529.74,19343.25,19623.21,19449.06,19510.79,19641.09,19322.40,19352.26,19436.28,19583.36,19434.32,19390.11,19503.27,19309.14,19398.84,19384.82,19412.49,19450.56,19321.58,19398.96,19343.67,19391.48,19414.63,19277.77,19411.12,19309.20,19344.49,19375.37,19246.57,19337.99,19349.25,19215.21,19306.55,19283.87,19433.61,19067.68,19645.44,19121.09,19326.34,19243.97,19069.77,19160.47,19171.85,18895.16,19023.21
pricerunner_10000_9.csv,9,56.5329,100.00,18232.48,18127.69,2960.78,0.89,2296.64,4.00,0.010000,1096.40,1105.60,1113.40,1118.20,1120.40,1116.20,1102.00,1116.00,1111.80,obj,24938.91,21402.54,19630.64,19396.73,18955.69,18499.42,18467.98,18477.81,18735.56,18693.35,18414.54,18307.24,18195.62,18237.31,18448.12,18361.98,18147.69,18311.36,18293.11,18544.90,18022.47,18470.26,18279.68,18372.06,18448.36,18261.70,18406.20,18507.06,18216.69,18280.14,18463.99,18381.47,18094.55,18347.36,18140.22,18296.24,18350.82,18081.39,18219.45,18341.85,18254.59,18179.13,18219.04,18273.96,18330.53,18158.24,18188.70,18298.99,18164.66,18407.36,18222.37,18137.90,18359.46,18187.11,18158.84,18299.01,18136.68,18134.32,18170.70,18350.92,18136.06,18402.27,18098.64,18214.65,18330.80,18160.94,18176.55,18354.58,18138.42,18101.85,18155.94,18232.06,18474.98,18331.24,18190.38,18182.26,18129.17,18210.90,18103.22,18245.55,18308.52,18204.08,18352.38,18052.59,18435.76,18351.63,18142.59,18269.69,18679.06,18546.63,18323.38,18292.74,18584.72,18218.32,18443.15,18358.49,18313.96,18340.27,18524.99,18127.69
pricerunner_10000_10.csv,10,62.7262,100.00,18636.69,18632.49,17658.12,1.17,68.57,4.00,0.010000,1008.20,1011.00,998.80,1004.40,989.00,983.60,982.60,1006.20,1008.40,1007.80,obj,26216.60,20273.85,19357.13,19601.18,19695.37,19677.12,19087.87,19174.51,19200.81,19184.45,19228.29,19068.78,18634.95,18510.00,18886.58,18587.19,18758.08,18937.87,18687.46,18700.86,18802.52,18660.23,18729.63,18862.66,18733.27,18724.49,18746.25,18675.51,18835.43,18787.98,18783.06,18784.99,18696.35,18595.36,18699.40,18922.29,18618.46,19012.20,18728.35,18642.30,18838.28,18734.40,18579.34,18817.17,18620.07,18663.77,18669.77,18748.83,18625.09,18785.26,18676.50,18600.70,18768.75,18740.23,18585.61,18748.45,18563.23,18767.52,18629.11,18596.65,18755.62,18621.51,18572.00,18606.71,18750.00,18599.75,18730.09,18654.46,18657.40,18780.45,18558.03,18749.90,18548.79,18571.58,18581.97,18779.56,18626.76,18540.90,18835.37,18567.95,18549.85,18726.76,18575.55,18617.50,18539.54,18665.01,18689.34,18587.88,18589.84,18823.55,18524.63,18714.55,18535.61,18650.66,18480.53,18406.31,18784.18,18678.79,18770.99,18632.49
cohort_10000_3.csv,3,20.5573,100.00,21119.20,21111.28,71.27,0.37,673.72,4.00,0.010000,3332.60,3335.60,3331.80,obj,25554.15,23964.46,23608.24,23433.04,23348.11,23097.29,22987.05,22767.50,22656.56,22554.76,22324.57,22178.34,22173.25,21859.34,21719.07,21518.26,21387.67,21290.49,21081.26,21053.92,20924.22,20813.37,20658.83,20530.01,20514.17,20471.15,20479.81,20342.92,20450.71,20417.33,20528.01,20373.11,20531.55,20622.05,20451.00,20577.66,20707.67,20638.05,20506.14,20767.27,20673.08,20742.34,20676.95,20747.37,20805.55,20832.54,20792.65,20895.29,20891.08,20877.06,20872.97,20922.92,21170.20,21249.87,21278.94,21274.11,21332.91,21380.10,21325.13,21268.01,21138.02,21132.87,21038.68,21134.97,21089.58,21087.15,21058.32,20977.38,21044.74,21011.99,21002.92,20947.37,20872.15,20990.25,21035.26,21001.76,20949.29,20999.85,20998.90,21098.60,21185.59,21176.87,21176.83,21141.73,21157.42,21033.74,21183.24,21115.12,21014.02,20982.37,20972.37,21074.73,21043.42,21010.98,21183.43,21042.45,21123.07,21127.20,21145.38,21111.28
cohort_10000_4.csv,4,26.1805,100.00,20167.35,20181.43,667.57,0.59,195.92,4.00,0.010000,2507.60,2484.00,2497.20,2511.20,obj,23931.80,23388.39,22652.61,21827.08,21092.03,20636.47,20568.75,20474.81,20383.05,20278.95,20309.91,20362.03,20299.93,20219.82,20171.30,20220.82,20206.15,20273.13,20347.76,20292.78,20426.61,20300.17,20360.27,20351.62,20155.30,20183.46,20355.20,20197.28,20169.73,20123.14,20165.00,20138.74,20040.93,20102.12,20139.04,20234.68,20337.93,20349.99,20347.75,20468.55,20174.42,20113.11,20094.14,20178.28,20160.54,20182.22,20085.96,20062.89,20147.83,20124.38,20189.72,20100.72,20035.29,20052.76,20028.43,20036.22,20062.42,20070.94,20029.44,20145.40,20083.50,20051.53,20134.68,20104.20,20207.36,20275.03,20244.11,20336.17,20340.45,20370.27,20275.07,20183.74,20131.95,20133.34,20167.39,20227.09,20152.82,20169.79,20107.26,20096.99,20147.03,20151.19,20113.87,20105.88,20112.84,20072.38,20036.62,20162.33,20122.25,20183.08,20174.78,20079.51,20167.86,20119.08,20136.75,20172.12,20153.31,20215.83,20138.95,20181.43
cohort_10000_5.csv,5,31.3632,100.00,20428.60,20445.12,1156.00,0.77,652.38,4.00,0.010000,1999.20,1994.00,2001.60,1991.60,2013.60,obj,26529.99,24888.71,23673.26,22805.56,22208.86,22012.86,21818.42,21506.03,21385.61,21430.04,21367.64,21129.15,20821.09,20769.82,20813.36,20573.41,20463.11,20354.11,20288.82,20107.35,20211.43,20101.12,20160.82,20043.17,20027.16,19995.03,19931.86,19846.20,19881.10,20012.50,20077.80,19968.65,20155.54,19990.29,20083.72,20068.38,20089.92,19906.07,20160.15,20165.44,20109.80,20083.07,20101.43,20236.93,20167.83,20143.46,20324.43,20183.11,20259.24,20269.44,20241.83,20389.29,20226.25,20395.10,20433.64,20435.87,20414.12,20419.43,20438.30,20402.91,20457.97,20496.83,20383.06,20552.86,20353.09,20337.48,20389.86,20502.20,20448.77,20465.73,20369.05,20445.33,20369.20,20371.35,20535.11,20507.11,20442.18,20404.90,20402.70,20418.09,20330.50,20366.03,20509.00,20346.92,20451.33,20325.39,20407.14,20440.41,20471.11,20635.53,20390.12,20516.16,20524.89,20496.50,20434.50,20431.14,20494.61,20555.67,20502.17,20445.12
cohort_10000_6.csv,6,37.5515,100.00,19354.19,19357.60,1007.20,0.40,753.09,4.00,0.010000,1655.20,1670.20,1681.40,1660.00,1657.40,1675.80,obj,26555.63,25121.53,23350.17,22350.09,21922.37,21504.71,21549.53,21357.94,21118.90,20878.72,20713.10,20115.73,19769.46,19595.71,19523.59,19590.61,19586.87,19501.72,19571.50,19579.57,19539.43,19559.86,19542.41,19623.50,19545.52,19512.45,19564.60,19524.45,19565.65,19705.54,19518.26,19515.59,19626.43,19508.44,19505.84,19413.52,19493.02,19524.04,19543.28,19490.37,19548.47,19498.86,19549.76,19405.06,19448.41,19467.84,19320.68,19422.14,19290.92,19333.79,19348.58,19349.22,19398.82,19306.56,19278.33,19332.56,19250.15,19390.94,19394.89,19320.60,19366.91,19355.49,19375.29,19413.74,19348.74,19351.15,19353.26,19343.04,19319.10,19317.49,19304.70,19278.80,19374.71,19344.44,19288.75,19358.56,19409.07,19399.11,19261.00,19415.24,19400.27,19335.35,19386.37,19247.52,19296.64,19264.45,19322.40,19346.98,19289.09,19379.60,19377.58,19356.60,19295.33,19322.03,19284.21,19296.59,19300.46,19457.50,19404.43,19357.60
cohort_10000_7.csv,7,42.8094,100.00,19781.99,19857.18,7737.66,0.67,528.26,4.00,0.010000,1423.20,1435.80,1410.00,1418.40,1430.80,1427.00,1454.80,obj,26625.87,24616.16,23650.27,23009.13,22424.03,22133.62,21723.80,21316.87,21056.68,20601.75,20704.91,20424.55,20431.73,20176.87,20219.11,20140.35,20327.49,20521.57,20223.84,20341.32,20093.69,20205.00,20271.82,20197.97,20323.89,20326.60,20460.62,20727.10,20268.71,20083.13,20041.45,20148.38,20072.14,19994.57,19923.58,19933.81,19882.50,19896.30,19861.28,19917.76,19860.98,20302.60,20098.11,20007.74,19914.47,19937.52,19940.49,19877.33,20031.25,20179.89,19898.75,20169.64,19946.37,19994.78,20287.13,19869.65,19874.61,20077.17,19924.99,19840.47,19906.68,20142.92,20090.19,19942.66,19962.90,20038.35,20076.07,19851.05,20162.22,19980.90,19953.81,19823.50,20008.98,19930.35,19955.12,19968.91,19819.91,20052.45,19779.29,19851.60,19857.63,20047.04,19803.07,19793.45,19920.83,19851.93,19996.62,19964.36,19985.26,19878.33,19805.63,19966.99,19980.24,19842.35,19980.22,19868.60,20064.07,19899.33,19864.92,19857.18
cohort_10000_8.csv,8,49.4580,100.00,19853.21,19895.28,2793.30,0.73,210.96,4.00,0.010000,1254.40,1246.80,1246.00,1257.40,1248.00,1247.00,1261.20,1239.20,obj,26773.08,24904.30,23817.53,23078.21,22330.23,22004.24,21468.53,21075.19,20491.38,20320.34,20177.04,19910.33,19885.14,19804.38,19711.22,19688.44,19770.28,19860.26,19881.44,20139.45,19765.09,19676.55,19594.81,19667.82,19784.98,19788.08,19796.17,19785.99,19809.68,19865.63,19733.35,19703.02,19817.59,19753.21,19860.69,19804.97,19742.99,19785.55,19786.39,19853.58,19946.40,19764.95,19814.75,19766.47,19774.01,19825.43,19805.69,19763.55,19934.08,19928.87,19839.10,19872.61,19767.28,19792.54,19789.65,19740.85,19867.99,19815.57,19799.13,19730.81,19804.01,19759.64,19767.40,19813.72,19775.87,19737.02,19773.12,19774.33,19867.73,19790.49,19736.19,19782.58,19786.78,19720.17,19752.69,19749.73,19792.46,19896.52,19790.85,19807.23,19816.16,19816.42,19869.93,19905.24,19736.96,19874.09,19845.21,19787.98,19814.37,19769.68,19821.09,19832.66,19890.23,19934.37,19855.38,19873.81,19822.03,19871.56,19889.10,19895.28
cohort_10000_9.csv,9,56.5373,100.00,19352.15,19430.91,2764.87,1.36,1451.47,4.00,0.010000,1133.20,1108.60,1104.60,1107.40,1117.60,1116.80,1086.60,1112.20,1113.00,obj,27622.68,23944.39,22242.05,22294.84,22003.04,21780.61,21615.11,21411.82,21043.44,20836.60,20632.43,20608.55,20400.13,20144.74,19866.19,19691.96,19510.39,19123.23,19011.16,18982.08,18905.31,18895.85,18646.69,18663.95,18663.47,18725.89,18939.06,18965.44,18773.51,18830.59,18772.49,18736.48,18813.83,18655.49,18823.51,19002.96,18774.74,19065.62,18659.62,18894.87,18965.87,18739.39,18720.74,18768.72,18813.39,19094.02,19084.17,19178.52,19040.86,19200.50,19313.94,19220.31,19413.22,19479.06,19457.63,19596.84,19281.93,19128.18,19215.92,19046.14,18960.23,19004.37,19129.93,19017.33,18955.39,18818.82,18885.88,19010.33,19020.89,19005.60,19018.37,19308.77,19247.94,19103.13,18988.47,18991.21,19288.35,19110.28,19193.31,19145.98,19283.41,19040.34,19024.96,19140.17,19167.57,19383.39,19245.08,19416.24,19643.92,19549.76,19573.03,19692.35,19508.49,19503.06,19577.29,19668.84,19510.63,19239.20,19314.99,19430.91
cohort_10000_10.csv,10,64.1124,100.00,19921.68,20086.17,5334.00,0.85,454.82,4.00,0.010000,1003.80,978.80,1011.20,1008.80,997.00,1004.60,999.80,1009.80,993.00,993.20,obj,27849.38,24580.68,22445.06,21991.92,21928.16,21654.78,21520.97,21208.77,21006.48,20518.59,20064.12,20207.67,20305.96,20243.03,20079.45,20694.08,19988.41,19965.88,20246.35,19793.70,20032.39,19990.70,19772.45,19762.10,19814.21,19985.49,19649.76,19864.35,19762.89,19845.01,20070.69,19879.33,19924.48,19894.83,19878.87,20205.15,20000.26,20171.30,19986.78,20038.46,19893.51,19900.00,19953.93,19965.79,20057.68,20038.61,19807.79,19871.67,20141.54,19800.86,19871.08,19980.41,19858.14,19937.40,19907.27,19807.19,19909.13,20010.79,20062.80,20016.30,19887.21,19915.65,19796.67,19798.69,19877.81,19861.81,19928.18,19722.61,19982.32,19920.33,19986.85,19869.14,19803.45,20135.30,19883.42,19889.31,20033.43,19846.74,19769.33,19987.42,19888.59,20025.86,19936.52,19972.37,19854.50,20029.61,20068.02,20012.48,20144.78,20046.22,20127.17,20074.96,19985.82,19873.57,20167.70,19973.39,19878.63,19948.50,19934.63,20086.17
diabeteshealthindicators1_10000_3.csv,3,20.6869,100.00,190451.40,190460.11,60.67,0.37,2253.80,4.00,0.010000,3339.00,3328.20,3332.80,obj,199675.92,194428.50,193534.03,193391.02,192900.73,192711.30,192533.94,192411.79,192213.47,192128.25,192147.82,191840.15,191537.83,191471.09,191303.78,191266.51,191202.75,191245.32,191115.43,191138.42,191160.68,191314.90,190931.47,191025.21,190906.81,191029.02,190895.79,190639.00,190812.50,190837.89,190951.91,190851.59,190728.40,190551.79,190951.17,190928.93,190908.81,190766.68,190664.28,190839.66,190796.13,190653.47,190743.44,190755.50,190728.29,190463.78,190582.44,190675.27,190706.54,190754.85,190797.51,190669.65,190802.61,190600.58,190690.53,190560.46,190443.00,190700.06,190718.17,190594.64,190654.18,190577.42,190472.45,190573.14,190432.34,190554.43,190352.48,190442.76,190407.64,190633.84,190255.90,190419.28,190171.91,190203.52,190380.89,190210.19,190286.04,190394.06,190578.45,190407.93,190334.81,190598.30,190367.98,190290.51,190240.78,190506.04,190248.49,190441.55,190414.23,190427.16,190313.25,190352.62,190449.17,190391.36,190411.36,190203.31,190330.97,190316.79,190409.13,190460.11
diabeteshealthindicators1_10000_4.csv,4,27.1910,100.00,190318.17,190299.86,204.20,0.45,325.37,4.00,0.010000,2510.00,2489.00,2500.60,2500.40,obj,197504.85,192643.80,191423.80,190903.13,190538.40,190531.04,190538.84,190574.11,190454.02,190570.52,190580.55,190412.59,190671.60,190813.74,190756.66,190770.80,190805.55,190923.08,190864.31,190893.99,191087.27,190993.79,190875.58,190709.83,190805.26,190760.37,190712.22,190673.68,190721.11,190600.72,190550.25,190611.88,190645.89,190793.97,190581.49,190561.86,190560.66,190470.82,190573.08,190473.98,190484.33,190713.83,190617.64,190700.41,190843.58,190743.42,190760.56,190673.39,190613.74,190685.05,190572.15,190496.54,190498.18,190431.77,190502.51,190572.85,190477.03,190502.80,190608.44,190472.48,190678.90,190676.19,190591.02,190570.61,190501.67,190815.80,190609.63,190632.41,190637.70,190718.21,190773.61,190751.96,190672.21,190561.49,190553.94,190539.01,190577.91,190601.51,190452.93,190381.90,190444.13,190476.39,190570.51,190641.48,190594.48,190605.61,190708.50,190653.72,190578.89,190564.50,190453.11,190562.68,190436.19,190330.08,190272.99,190312.21,190251.79,190322.89,190331.22,190299.86
diabeteshealthindicators1_10000_5.csv,5,32.0684,100.00,185362.07,185374.09,664.00,0.82,173.12,4.00,0.010000,2001.60,1992.80,2004.80,1997.60,2003.20,obj,198038.66,193260.26,189929.33,188450.27,187152.77,186531.48,186283.41,186447.90,186494.00,186391.18,186346.63,186329.20,186164.68,186286.28,186353.24,186317.71,186133.36,186132.95,186162.19,186229.85,186103.29,185966.89,186103.34,186092.43,186104.94,186108.37,186090.72,186055.63,185949.81,186114.83,185923.66,185951.19,185908.65,185846.67,185959.45,185818.37,185808.45,185822.99,185830.00,185714.56,185787.87,185713.65,185785.75,185656.51,185739.82,185783.95,185733.90,185751.13,185792.90,185727.98,185701.23,185664.79,185592.75,185754.64,185671.88,185723.38,185614.03,185577.63,185584.63,185856.44,185577.36,185599.14,185510.97,185518.49,185495.01,185513.02,185623.86,185578.47,185580.11,185745.57,185551.52,185500.41,185433.87,185438.82,185353.80,185610.19,185484.02,185471.32,185484.04,185593.26,185522.60,185399.66,185484.34,185501.17,185536.36,185507.51,185515.85,185429.48,185403.58,185442.11,185459.69,185423.93,185428.76,185374.42,185262.74,185619.50,185357.23,185658.68,185416.64,185374.09
diabeteshealthindicators1_10000_6.csv,6,38.1459,100.00,188343.38,188317.00,500.53,0.46,225.65,4.00,0.010000,1658.80,1663.40,1678.40,1673.00,1660.60,1665.80,obj,195558.11,190863.32,187936.45,187580.09,187595.99,187476.86,187520.61,187552.70,187592.55,187688.36,187781.44,187828.11,187650.23,187710.70,187702.88,187763.78,187940.85,187965.05,187843.51,187878.49,188166.62,188074.81,188000.01,188232.03,188170.48,188298.02,188328.36,188342.06,188421.88,188527.11,188545.64,188538.98,188408.89,188415.45,188284.94,188334.88,188563.39,188638.98,188670.00,188438.33,188673.22,188568.06,188557.62,188625.10,188462.02,188541.97,188418.39,188566.86,188557.39,188563.43,188620.59,188627.85,188478.58,188576.11,188631.40,188603.54,188580.12,188691.37,188676.74,188569.28,188399.77,188604.07,188326.88,188392.35,188352.07,188407.81,188592.33,188473.56,188475.14,188639.49,188609.29,188698.46,188494.49,188423.50,188512.03,188551.79,188623.79,188595.77,188436.06,188584.23,188511.14,188511.90,188536.86,188418.80,188520.27,188421.40,188552.40,188505.01,188571.82,188430.94,188308.76,188412.68,188356.43,188355.30,188406.16,188461.19,188405.52,188342.70,188315.37,188317.00
diabeteshealthindicators1_10000_7.csv,7,43.4340,100.00,184985.20,185029.00,1512.00,0.89,290.50,4.00,0.010000,1434.00,1440.20,1416.60,1435.00,1418.20,1422.80,1433.20,obj,190899.02,185271.18,185083.93,185398.85,185802.18,185956.39,186215.61,185972.92,185905.45,185819.21,185604.45,185679.94,185552.87,185428.00,185372.83,185341.01,185309.80,185450.96,185207.38,185262.10,185137.44,185117.79,185130.48,185292.92,185087.64,185208.30,185310.77,185213.71,185106.04,185069.87,185208.09,185294.41,185230.48,185184.98,185201.92,185189.31,185155.82,185097.30,185052.74,185236.78,185233.27,185204.83,185138.07,185115.67,185048.09,185101.05,185203.57,185107.07,185213.73,185185.12,185224.54,185158.59,185173.95,185125.19,184989.69,184990.73,185134.92,185183.35,184941.41,184976.35,185057.17,185057.16,185054.76,185020.55,185049.15,184969.03,185000.24,185029.27,185135.56,184840.00,185149.84,185025.32,184863.93,185073.97,185065.93,185077.17,185093.96,185086.50,185193.99,185016.49,185107.23,185102.01,184995.16,185089.25,184992.57,185050.45,185071.99,185073.15,184848.40,184943.89,185080.30,184997.97,185174.35,185023.69,185114.11,185071.86,185069.54,185038.16,185061.70,185029.00
diabeteshealthindicators1_10000_8.csv,8,50.3794,100.00,183057.14,183128.23,1914.90,1.10,698.48,4.00,0.010000,1244.60,1253.20,1245.60,1252.00,1257.40,1243.20,1256.40,1247.60,obj,193436.93,186935.98,184968.79,184411.15,184131.73,183674.09,183407.32,183630.00,183450.35,183240.06,183219.21,183475.61,183188.99,183411.66,183249.66,183238.24,183309.90,183229.18,183270.10,183134.10,183419.41,183436.88,182978.28,183146.24,183181.23,183280.93,183131.28,183252.67,183090.25,183310.18,183376.09,183224.94,183175.56,183280.04,183100.87,183100.30,183176.20,183358.60,183262.20,183294.01,183147.22,183209.02,183195.65,183246.17,183327.06,182934.66,183173.93,183090.02,183386.08,183399.05,183080.65,183183.31,183011.09,183213.11,183341.49,183309.84,183078.92,183335.34,183233.77,183232.43,183084.85,183230.11,183161.68,183384.14,183119.54,183381.38,183488.54,183248.90,183170.66,183410.31,183341.62,183190.99,183314.27,183354.77,183384.72,183226.23,183336.92,183342.41,183121.43,183150.93,183183.82,183162.68,183196.37,183105.34,183203.44,183060.52,183235.03,183191.29,183128.62,183425.30,183285.31,183114.91,183176.76,183182.86,183326.99,183197.42,183045.96,183064.61,183082.45,183128.23
diabeteshealthindicators1_10000_9.csv,9,55.9524,100.00,184592.82,184653.76,1545.76,1.10,1341.10,4.00,0.010000,1103.40,1124.40,1115.40,1111.40,1116.00,1106.00,1094.00,1116.80,1112.60,obj,189350.34,184995.22,183295.44,183287.64,183838.67,183678.73,183768.86,184226.46,184126.25,184222.62,184351.54,184446.76,184361.09,184584.92,184575.82,184604.43,184555.31,184656.89,184479.04,184652.93,184411.97,184643.64,184719.18,184570.81,184442.33,184724.91,184590.21,184637.95,184616.51,184628.09,184666.62,184566.90,184524.20,184649.31,184541.75,184501.48,184651.34,184505.90,184618.13,184342.36,184362.02,184286.55,184457.15,184610.72,184553.78,184491.35,184718.33,184641.17,184552.79,184775.10,184683.36,184494.17,184611.47,184582.21,184616.01,184588.40,184354.09,184654.01,184570.82,184304.53,184534.74,184756.54,184712.00,184483.76,184489.86,184668.88,184468.03,184585.31,184633.74,184561.63,184624.88,184822.81,184553.85,184687.28,184433.36,184645.97,184554.10,184477.24,184672.32,184669.25,184582.04,184778.78,184652.37,184787.56,184844.75,184806.14,184538.63,184741.42,184709.66,184590.86,184641.14,184564.15,184741.43,184593.99,184695.68,184426.26,184623.46,184465.49,184441.15,184653.76
diabeteshealthindicators1_10000_10.csv,10,62.0758,100.00,183158.59,183084.75,4232.00,0.83,602.86,4.00,0.010000,999.60,1005.00,1004.20,996.60,1003.60,991.20,995.60,1004.80,996.80,1002.60,obj,191257.66,184925.93,183425.63,183481.48,183268.10,183194.52,183372.16,183341.21,183606.18,183324.90,183334.99,182857.27,183231.30,183477.68,182995.26,182912.77,183251.83,183406.32,183243.53,183175.51,183247.34,183161.49,183175.83,182821.49,183003.78,183276.94,182919.48,183084.10,183239.09,183312.47,183250.76,183075.96,183151.99,183455.33,183264.80,183094.59,183337.10,183200.49,183015.51,183321.86,183194.61,183103.28,183237.35,183324.27,183107.06,183259.19,183241.35,183064.13,183322.66,183088.30,183262.28,183229.78,183159.13,183141.57,183111.30,183340.19,182907.16,183102.77,183023.35,183110.34,182884.03,183324.46,183109.67,182970.45,183063.22,183019.50,183260.81,182801.33,183163.65,183073.67,183044.31,183190.02,183390.87,183014.20,183103.39,183102.73,183070.24,183166.01,183135.27,183235.17,182962.73,183373.00,182949.26,183162.80,183360.49,182914.38,183013.97,183428.74,183081.12,183052.20,183334.09,183163.10,183078.31,183026.59,183152.41,183098.31,183036.14,183166.22,183403.78,183084.75
NHANES_10000_3.csv,3,1.8252,100.00,17030.24,17016.03,126.27,0.11,303.67,4.00,0.010000,761.80,752.40,763.80,obj,19062.72,17971.81,17516.85,17348.84,17341.07,17176.54,17173.59,17090.00,17080.73,17047.51,17102.34,17060.68,17071.80,17123.18,17076.68,17101.77,17075.63,17125.52,17041.44,17128.17,17073.68,17054.29,17029.24,17043.94,17040.59,17067.77,17049.32,17030.58,16999.58,17030.76,17103.57,17027.89,17023.57,16994.44,17050.86,17079.34,17013.18,17034.01,17028.24,17094.66,17107.97,17088.70,17063.42,17086.55,17104.79,17063.58,17081.76,17045.23,17099.67,17066.48,17096.16,17064.96,17095.37,17064.86,17077.65,17056.75,17064.42,17085.87,17083.04,17043.73,17046.75,17099.71,17011.53,17058.44,17073.60,17083.34,16998.01,17076.88,17092.14,17072.44,17117.83,17051.51,17042.95,17022.54,17058.90,17063.62,17145.04,17060.15,17061.87,17062.85,17025.57,17089.56,17077.46,17055.09,17065.01,17050.46,17158.10,17067.22,17082.43,17100.68,17076.22,17024.24,17053.20,17067.90,17015.91,17047.73,17051.53,17106.15,17016.44,17016.03
NHANES_10000_4.csv,4,2.3179,100.00,16180.59,16202.85,237.59,0.02,110.60,4.00,0.010000,571.00,574.60,569.20,563.20,obj,17746.44,16625.30,16357.54,16241.89,16304.93,16310.59,16374.50,16361.64,16297.85,16373.05,16334.24,16307.30,16308.39,16343.77,16230.66,16273.28,16180.61,16166.58,16140.82,16126.80,16179.87,16157.08,16141.68,16232.14,16173.23,16168.13,16146.11,16270.06,16172.02,16234.28,16270.85,16089.62,16198.47,16220.32,16233.68,16147.07,16220.52,16290.55,16190.94,16238.36,16139.22,16217.43,16169.68,16178.42,16250.50,16294.74,16251.63,16235.47,16205.80,16159.76,16244.64,16189.62,16210.83,16249.67,16307.01,16259.18,16146.24,16202.78,16177.65,16216.05,16206.90,16188.79,16166.06,16188.99,16164.15,16337.45,16218.46,16277.33,16270.43,16248.40,16185.69,16275.22,16157.74,16183.64,16176.16,16222.88,16281.59,16231.21,16250.37,16353.89,16309.71,16180.24,16238.71,16268.28,16108.50,16144.19,16187.90,16155.10,16200.88,16093.60,16199.57,16257.29,16261.62,16264.84,16264.36,16216.50,16289.91,16277.23,16249.57,16202.85
NHANES_10000_5.csv,5,2.8163,100.00,15803.63,15803.84,95.34,0.08,522.42,4.00,0.010000,450.00,452.40,465.80,452.60,457.20,obj,17179.67,15953.88,15920.68,15911.58,15891.01,15979.80,15936.55,15963.13,15873.09,15830.73,15856.50,15909.71,15912.61,15805.57,15828.78,15918.51,15757.65,15823.79,15894.66,15746.44,15764.56,15892.30,15764.87,15851.19,15869.89,15785.52,15664.85,15812.37,15801.81,15677.16,15716.07,15726.72,15724.46,15787.15,15880.08,15655.63,15796.25,15767.35,15742.80,15798.13,15763.12,15777.97,15738.26,15787.26,15740.09,15680.91,15710.89,15695.31,15820.08,15608.09,15695.07,15759.43,15782.50,15705.05,15742.91,15702.62,15719.98,15720.06,15811.89,15631.24,15702.14,15731.94,15791.00,15771.78,15698.17,15661.17,15772.38,15676.93,15716.08,15723.03,15820.62,15740.86,15717.03,15713.68,15737.34,15752.27,15792.57,15733.89,15849.49,15692.46,15736.42,15744.81,15817.84,15697.66,15737.56,15835.81,15670.98,15743.58,15604.82,15788.29,15762.39,15709.12,15915.41,15838.37,15686.30,15664.55,15666.79,15699.19,15710.47,15803.84
NHANES_10000_6.csv,6,3.4622,100.00,15829.62,15827.73,89.78,0.14,106.41,4.00,0.010000,384.60,385.80,382.40,371.00,376.20,378.00,obj,17418.82,15818.76,15835.95,15798.26,15767.39,15733.69,15830.36,15777.36,15794.28,15757.51,15881.59,15910.38,15804.64,15739.99,15724.12,15827.64,15837.97,15793.02,15878.83,15760.13,15867.04,15865.78,15827.61,15777.41,15805.28,15910.48,15866.40,15842.02,15969.75,15886.61,15873.53,15809.66,15805.52,15838.39,15837.19,15818.35,15888.43,15819.74,15785.12,15799.40,15812.94,15789.02,15803.86,15810.97,15780.44,15662.50,15795.70,15800.84,15824.27,15814.53,15831.92,15790.79,15780.43,15934.97,15755.45,15910.31,15831.73,15841.10,15937.39,15830.75,15829.24,15799.41,15840.35,15854.67,15856.89,15878.89,15797.26,15772.30,15924.00,15761.54,15834.34,15839.19,15786.96,15719.74,15807.70,15767.56,15830.45,15816.17,15762.27,15721.02,15810.72,15751.62,15838.26,15761.20,15892.00,15831.07,15925.62,15865.91,15879.36,15856.92,15793.62,15837.49,15814.63,15832.46,15761.26,15881.18,15832.56,15882.94,15866.14,15827.73
NHANES_10000_7.csv,7,3.9255,100.00,15327.73,15311.38,260.44,0.08,372.32,4.00,0.010000,319.00,333.20,320.00,319.00,322.00,338.00,326.80,obj,16694.65,15807.47,15625.64,15614.58,15563.85,15503.12,15504.94,15481.71,15516.01,15589.85,15558.81,15475.36,15512.89,15495.02,15431.64,15414.16,15420.25,15574.44,15526.70,15405.68,15553.22,15431.24,15472.36,15542.29,15537.52,15433.98,15504.90,15565.55,15455.42,15550.46,15548.07,15504.59,15495.58,15527.68,15482.93,15446.26,15512.58,15441.19,15476.24,15559.45,15511.62,15506.66,15416.40,15511.66,15488.21,15557.86,15554.56,15513.81,15498.58,15521.16,15551.57,15547.56,15541.88,15471.66,15485.90,15471.84,15437.65,15555.25,15459.96,15477.82,15466.79,15447.58,15417.32,15531.56,15510.41,15523.10,15507.57,15457.77,15477.80,15544.05,15465.60,15536.59,15465.05,15376.09,15489.04,15420.91,15531.51,15442.35,15301.45,15379.00,15442.81,15493.68,15443.77,15552.75,15515.69,15419.10,15464.12,15558.36,15544.84,15578.46,15529.51,15491.12,15644.12,15427.57,15432.13,15525.81,15411.53,15516.87,15464.77,15311.38
NHANES_10000_8.csv,8,4.3993,100.00,15478.13,15417.68,2152.87,0.04,349.36,4.00,0.010000,284.60,282.20,279.20,286.60,275.40,288.60,288.60,292.80,obj,16264.32,15806.93,15616.34,15464.93,15577.67,15578.95,15535.68,15628.80,15531.87,15609.71,15678.13,15693.19,15762.82,15642.90,15659.48,15631.47,15651.72,15718.48,15612.72,15705.14,15627.22,15779.19,15603.80,15632.66,15603.62,15675.95,15688.95,15665.95,15522.21,15585.57,15557.01,15667.91,15519.26,15617.97,15664.53,15621.70,15582.91,15698.15,15535.61,15602.91,15486.56,15551.03,15563.45,15554.68,15499.93,15561.95,15604.54,15545.45,15721.00,15538.43,15681.21,15642.35,15649.91,15641.12,15624.06,15630.10,15590.98,15659.63,15710.87,15629.70,15535.79,15559.38,15603.87,15558.50,15565.75,15666.50,15626.48,15520.24,15611.27,15591.95,15554.58,15664.61,15575.81,15824.63,15605.01,15632.16,15693.99,15624.62,15622.42,15558.47,15563.42,15561.14,15695.79,15675.73,15604.69,15540.87,15615.75,15558.44,15675.22,15523.50,15599.74,15613.89,15530.95,15567.41,15497.63,15488.79,15537.24,15619.57,15661.92,15417.68
NHANES_10000_9.csv,9,5.0745,100.00,15383.16,15513.76,2900.34,0.06,264.36,4.00,0.010000,250.80,251.00,271.40,251.00,245.60,257.00,245.00,260.20,246.00,obj,17039.81,15604.85,15580.39,15203.92,15441.48,15318.44,15325.85,15517.23,15478.62,15160.97,15371.09,15546.81,15279.17,15441.56,15315.66,15426.32,15440.39,15551.53,15281.25,15481.04,15496.05,15416.13,15310.80,15568.02,15431.39,15454.57,15374.07,15383.28,15462.65,15344.56,15467.29,15435.95,15495.76,15291.68,15476.24,15474.79,15486.94,15362.75,15510.70,15351.90,15439.94,15485.96,15376.67,15523.65,15391.40,15613.63,15313.09,15321.67,15268.89,15435.26,15307.48,15470.22,15445.02,15414.29,15391.03,15308.59,15395.68,15459.06,15372.40,15207.22,15441.27,15247.50,15488.71,15425.61,15309.56,15229.20,15292.85,15255.84,15436.99,15427.83,15242.35,15485.83,15449.92,15331.59,15350.07,15411.57,15262.60,15335.31,15307.31,15491.93,15429.52,15350.44,15493.15,15361.15,15533.17,15428.26,15271.96,15418.73,15457.77,15434.55,15270.46,15402.14,15338.14,15368.85,15519.39,15618.77,15392.50,15512.82,15301.39,15513.76
NHANES_10000_10.csv,10,8.0583,100.00,15247.09,15326.82,5019.28,0.18,264.33,4.00,0.010000,225.20,248.40,214.60,220.80,229.80,229.20,223.20,233.40,231.40,222.00,obj,15952.97,15530.42,15515.11,15216.99,15204.70,15379.57,15464.38,15532.15,15556.76,15308.81,15317.40,15392.27,15364.49,15350.65,15310.86,15463.67,15347.64,15343.97,15356.34,15556.01,15445.24,15401.07,15405.56,15315.06,15168.03,15584.56,15337.49,15257.55,15670.63,15322.92,15398.30,15591.20,15301.10,15433.62,15356.39,15339.75,15476.82,15481.27,15317.19,15336.90,15562.97,15334.63,15402.57,15538.44,15351.00,15451.13,15504.57,15346.90,15476.67,15419.41,15442.02,15543.24,15476.07,15234.60,15637.97,15467.73,15305.12,15448.25,15273.91,15490.46,15373.41,15566.02,15297.04,15659.84,15648.88,15384.04,15516.38,15395.96,15531.52,15333.15,15436.57,15530.04,15386.83,15502.47,15471.81,15413.01,15540.57,15378.86,15601.32,15470.33,15407.39,15583.87,15485.43,15389.57,15364.00,15309.25,15413.65,15364.37,15290.22,15414.27,15418.90,15470.94,15417.46,15478.47,15353.38,15196.31,15223.31,15283.28,15359.84,15326.82
athlete_1000_3.csv,3,0.6666,100.00,2673.78,2675.15,133.13,0.00,44.99,4.00,0.010000,334.00,336.80,329.20,obj,3118.75,2800.58,2749.65,2698.74,2707.20,2697.43,2694.87,2698.62,2658.50,2683.60,2703.57,2665.77,2705.37,2659.76,2644.66,2664.30,2663.22,2658.48,2677.36,2658.00,2702.29,2661.90,2706.55,2644.53,2689.41,2681.83,2677.69,2663.47,2680.53,2714.76,2678.77,2672.15,2661.95,2691.75,2653.30,2670.17,2681.96,2661.40,2658.71,2679.05,2680.52,2683.15,2667.42,2662.94,2654.77,2685.02,2663.80,2638.28,2657.84,2661.55,2679.93,2671.39,2651.53,2641.22,2666.14,2650.95,2635.24,2669.68,2682.48,2637.12,2651.03,2667.21,2670.60,2648.56,2649.89,2679.88,2671.71,2663.87,2650.52,2670.79,2653.12,2659.46,2682.23,2689.60,2643.90,2642.97,2638.34,2677.59,2649.88,2649.66,2644.20,2667.28,2669.81,2653.87,2668.60,2676.61,2675.21,2670.61,2641.56,2699.97,2684.59,2663.95,2670.50,2644.38,2648.65,2649.69,2675.27,2685.80,2686.37,2675.15
athlete_1000_4.csv,4,0.8801,100.00,2524.64,2543.80,670.25,0.00,17.49,4.00,0.010000,253.00,252.40,251.20,243.40,obj,2526.35,2440.04,2540.08,2446.54,2489.59,2518.46,2533.15,2525.69,2514.00,2460.59,2496.27,2550.03,2485.02,2522.60,2508.88,2493.86,2517.73,2521.16,2503.45,2542.91,2460.24,2485.91,2507.57,2509.46,2533.28,2470.91,2488.23,2490.43,2520.70,2491.33,2522.09,2493.04,2533.69,2510.96,2481.87,2548.34,2494.34,2508.10,2442.03,2434.49,2486.88,2519.97,2552.63,2482.94,2471.10,2465.16,2488.86,2496.50,2510.89,2497.66,2511.18,2513.50,2506.51,2518.39,2533.51,2490.91,2480.86,2499.92,2469.72,2478.55,2559.07,2508.37,2528.94,2524.25,2497.95,2541.64,2481.60,2536.96,2533.80,2508.46,2570.19,2485.35,2530.55,2546.79,2525.44,2526.30,2495.74,2534.26,2492.35,2545.25,2496.68,2535.57,2520.29,2480.23,2502.15,2514.70,2518.78,2511.18,2521.30,2479.78,2490.48,2453.66,2496.31,2465.62,2537.73,2453.06,2524.42,2505.95,2497.71,2543.80
athlete_1000_5.csv,5,1.0946,100.00,2510.10,2503.84,155.60,0.01,85.94,4.00,0.010000,197.80,208.80,205.40,190.60,197.40,obj,2372.97,2391.36,2420.56,2447.58,2496.12,2485.95,2492.57,2491.09,2505.48,2468.98,2439.37,2493.99,2459.08,2516.81,2489.49,2460.59,2442.61,2448.70,2439.36,2471.41,2482.52,2459.14,2443.53,2437.64,2441.00,2444.40,2498.22,2457.74,2494.17,2497.55,2511.53,2495.29,2425.19,2449.49,2463.96,2430.64,2470.78,2459.88,2477.71,2483.37,2486.03,2504.23,2475.08,2450.90,2484.89,2459.25,2477.19,2477.78,2476.43,2486.89,2495.06,2461.87,2484.41,2477.51,2471.73,2458.39,2449.48,2464.52,2430.96,2448.45,2474.57,2471.69,2466.25,2445.91,2450.54,2477.63,2461.89,2471.30,2508.33,2494.59,2449.64,2444.42,2444.56,2444.76,2422.87,2437.53,2418.07,2425.00,2478.06,2417.76,2425.84,2443.23,2431.63,2492.72,2540.35,2490.37,2504.43,2465.39,2497.88,2489.39,2437.35,2460.13,2428.42,2448.34,2455.73,2458.35,2439.58,2464.00,2441.53,2503.84
athlete_1000_6.csv,6,1.3080,100.00,2217.07,2225.86,309.23,0.01,51.95,4.00,0.010000,165.40,163.80,162.20,169.80,171.00,167.80,obj,2265.89,2249.04,2213.45,2232.40,2257.85,2224.61,2242.59,2186.14,2165.62,2190.56,2185.85,2210.60,2201.94,2214.34,2227.79,2277.75,2212.89,2234.61,2246.50,2222.93,2222.71,2246.04,2208.78,2221.85,2260.85,2200.28,2196.11,2202.26,2187.26,2237.49,2227.92,2212.02,2241.63,2206.89,2189.17,2236.41,2264.15,2211.08,2212.42,2221.33,2250.77,2213.86,2202.50,2244.86,2240.77,2243.63,2212.23,2289.27,2261.85,2260.15,2222.67,2244.52,2230.71,2217.22,2154.80,2226.30,2226.95,2264.87,2243.08,2289.47,2246.62,2223.05,2198.00,2207.40,2197.45,2222.78,2176.56,2216.73,2206.24,2245.95,2208.31,2239.12,2265.64,2182.85,2231.98,2244.89,2206.71,2209.47,2215.40,2217.33,2300.01,2262.30,2276.02,2260.17,2232.61,2232.02,2207.04,2244.23,2167.24,2225.53,2251.82,2216.60,2224.46,2204.63,2205.82,2223.92,2240.63,2221.84,2254.54,2225.86
athlete_1000_7.csv,7,1.6396,100.00,2183.63,2191.48,211.51,0.13,78.03,4.00,0.010000,145.40,134.00,151.20,149.40,140.20,136.20,143.60,obj,2365.36,2311.17,2329.97,2308.94,2342.74,2346.84,2406.70,2409.56,2339.46,2378.03,2320.25,2372.14,2346.69,2356.47,2337.02,2350.38,2363.01,2294.47,2324.39,2258.75,2268.81,2302.86,2277.01,2282.50,2272.09,2285.09,2303.54,2322.44,2275.83,2297.03,2202.52,2197.63,2235.00,2250.94,2187.02,2278.16,2231.89,2247.43,2211.26,2254.69,2256.60,2244.62,2200.63,2218.81,2273.26,2200.19,2214.38,2299.93,2233.24,2280.89,2236.85,2187.60,2250.03,2252.84,2215.95,2239.86,2211.71,2222.88,2255.12,2238.36,2254.28,2249.25,2253.26,2271.60,2221.49,2253.66,2245.41,2203.27,2260.94,2240.42,2223.06,2205.45,2199.54,2267.45,2233.95,2257.59,2272.17,2298.53,2235.87,2231.29,2255.59,2241.89,2204.54,2229.09,2233.55,2253.37,2189.76,2258.33,2267.94,2273.83,2253.81,2222.82,2201.98,2267.60,2204.48,2242.97,2209.12,2209.01,2209.84,2191.48
athlete_1000_8.csv,8,2.1625,100.00,2214.29,2209.07,212.93,0.14,105.22,4.00,0.010000,126.40,126.00,127.60,126.40,118.60,120.20,132.60,122.20,obj,2375.49,2267.20,2251.20,2312.69,2258.40,2314.48,2329.25,2367.96,2317.06,2371.10,2373.01,2376.50,2374.34,2451.44,2472.83,2393.55,2375.99,2271.30,2300.21,2239.67,2219.47,2227.29,2226.93,2252.06,2249.79,2229.71,2207.57,2220.45,2201.06,2272.71,2222.93,2239.45,2261.41,2228.71,2253.26,2245.47,2242.81,2218.65,2227.41,2227.63,2206.64,2233.90,2245.96,2254.01,2230.88,2181.11,2281.53,2213.12,2270.60,2248.46,2242.04,2213.47,2224.51,2210.87,2231.15,2230.12,2226.91,2191.10,2234.79,2180.30,2210.09,2242.37,2246.13,2242.27,2208.73,2172.02,2191.90,2214.16,2180.81,2215.42,2186.80,2221.97,2236.11,2271.32,2288.18,2227.75,2204.54,2235.02,2207.88,2190.63,2199.78,2248.93,2233.59,2196.04,2180.49,2237.86,2226.94,2177.62,2202.96,2199.89,2194.27,2203.59,2202.69,2267.56,2245.48,2227.66,2238.21,2258.33,2234.86,2209.07
athlete_1000_9.csv,9,2.2304,100.00,2087.31,2099.19,429.47,0.10,45.73,4.00,0.010000,115.60,113.40,113.00,103.20,115.40,108.60,110.20,106.00,114.60,obj,2236.10,2164.65,2156.84,2194.40,2135.57,2161.64,2156.63,2310.55,2181.09,2226.14,2250.44,2219.73,2201.27,2189.32,2172.49,2134.23,2095.29,2104.40,2083.93,2130.13,2116.96,2119.39,2122.55,2092.57,2121.19,2097.89,2092.84,2098.59,2103.23,2096.94,2115.68,2120.10,2089.02,2077.19,2099.24,2098.51,2066.48,2108.39,2063.26,2175.52,2099.75,2093.24,2101.82,2075.56,2083.48,2104.86,2137.30,2093.72,2092.27,2128.23,2064.21,2077.70,2086.10,2071.46,2070.26,2121.34,2065.81,2060.25,2051.17,2049.82,2081.10,2128.14,2071.96,2067.05,2052.70,2077.09,2061.42,2090.07,2056.59,2066.46,2076.30,2068.50,2079.90,2062.38,2060.62,2026.41,2094.79,2071.65,2103.83,2080.33,2088.95,2056.20,2081.89,2082.93,2090.93,2151.62,2091.29,2021.97,2082.81,2082.18,2110.23,2068.08,2082.04,2072.86,2066.63,2121.93,2091.66,2101.56,2094.21,2099.19
athlete_1000_10.csv,10,2.3840,100.00,1996.69,1975.10,8699.30,0.08,100.62,4.00,0.010000,98.20,103.40,95.00,98.60,98.40,100.60,88.60,99.40,102.00,115.80,obj,2258.74,2212.53,2203.16,2208.01,2148.61,2194.68,2217.98,2245.06,2207.07,2154.05,2202.65,2134.13,2111.62,2146.99,2087.85,2124.95,2072.39,2084.41,2160.01,2087.02,2026.35,2078.11,2037.42,1926.60,2006.30,1969.09,2009.52,2055.93,2069.87,2089.62,2101.73,2107.37,2103.39,2042.99,1977.30,1938.28,1952.92,1942.66,1997.88,2003.58,2048.24,2064.93,2088.14,2155.49,2090.64,2085.28,2038.16,2001.78,1928.92,1993.66,1993.61,2032.03,2016.49,2027.74,2059.37,2073.57,2098.33,2116.11,2059.62,2058.75,2057.09,2084.65,2101.68,2135.32,1954.64,2037.13,2032.50,1982.60,2027.26,1955.70,1968.97,1961.61,2111.46,2206.40,1997.34,2110.65,1998.67,2104.49,2042.79,2165.31,2081.92,1956.63,1972.11,1991.59,2080.56,2037.61,2085.36,2089.83,2012.54,2100.43,2034.41,2104.62,2120.73,2031.43,2055.33,2017.82,2078.81,2170.14,1989.61,1975.10
census_1000_3.csv,3,0.8890,100.00,4175.51,4176.25,74.73,0.11,20.58,4.00,0.010000,334.80,333.00,332.20,obj,4673.59,4389.34,4278.85,4232.96,4193.92,4186.11,4180.53,4165.81,4148.01,4160.22,4182.17,4171.25,4162.11,4179.44,4174.59,4161.29,4177.94,4143.93,4159.19,4157.38,4160.45,4164.70,4157.94,4176.90,4155.13,4171.28,4165.66,4163.79,4169.87,4152.15,4154.91,4179.84,4163.87,4161.46,4158.53,4161.70,4159.71,4167.97,4155.48,4174.93,4151.95,4172.51,4156.85,4178.15,4153.63,4170.43,4159.03,4188.89,4163.03,4155.74,4166.64,4151.05,4147.39,4146.76,4150.96,4150.35,4137.34,4162.51,4179.69,4164.40,4150.30,4175.88,4148.88,4159.60,4157.64,4161.60,4165.35,4167.30,4157.93,4171.78,4163.67,4156.46,4151.80,4147.16,4160.83,4146.02,4163.22,4179.36,4165.91,4157.85,4163.23,4164.60,4157.28,4181.59,4185.83,4171.49,4180.50,4159.59,4147.96,4158.92,4159.74,4187.65,4166.53,4163.52,4161.62,4175.74,4171.17,4178.95,4171.65,4176.25
census_1000_4.csv,4,1.0730,100.00,4108.29,4110.19,101.05,0.05,22.24,4.00,0.010000,249.00,251.40,248.40,251.20,obj,4545.55,4269.75,4160.58,4140.85,4141.30,4140.48,4112.49,4137.72,4119.58,4098.97,4109.44,4098.40,4123.40,4104.08,4142.10,4132.92,4134.30,4140.59,4130.87,4118.31,4089.72,4114.06,4121.27,4136.78,4124.84,4119.89,4108.29,4157.76,4132.51,4113.01,4105.32,4118.59,4110.67,4112.90,4113.43,4125.68,4101.96,4123.60,4107.39,4112.58,4125.10,4122.21,4138.80,4124.56,4108.20,4107.89,4138.40,4105.50,4116.54,4138.17,4084.27,4128.79,4117.89,4117.32,4117.58,4114.21,4110.89,4130.69,4098.73,4114.98,4122.87,4131.96,4085.31,4107.42,4073.71,4097.45,4086.02,4093.66,4094.69,4107.09,4122.09,4082.58,4114.93,4116.07,4115.43,4111.83,4087.61,4113.77,4094.75,4090.40,4092.50,4100.83,4091.11,4100.69,4115.58,4095.14,4098.92,4078.67,4108.66,4115.02,4099.03,4085.70,4105.62,4101.88,4123.43,4117.86,4134.06,4095.23,4110.67,4110.19
census_1000_5.csv,5,1.3547,100.00,4088.58,4094.22,154.40,0.10,57.34,4.00,0.010000,200.00,205.20,201.20,196.60,197.00,obj,4324.14,4171.19,4114.68,4118.44,4109.81,4094.22,4082.36,4041.29,4071.87,4076.11,4113.80,4113.39,4089.74,4111.95,4097.30,4066.62,4069.21,4076.77,4101.73,4093.64,4108.86,4073.84,4085.89,4059.27,4066.14,4071.64,4074.96,4057.29,4078.24,4080.49,4043.89,4069.64,4067.21,4053.14,4034.78,4051.17,4075.20,4064.29,4069.46,4071.01,4063.34,4098.34,4121.30,4091.89,4118.66,4102.87,4126.91,4100.79,4089.37,4120.95,4104.58,4124.32,4116.00,4123.77,4101.55,4119.50,4103.49,4128.40,4118.19,4129.78,4110.73,4078.27,4092.01,4072.63,4083.15,4076.43,4060.26,4073.72,4068.34,4095.29,4031.41,4061.51,4057.83,4068.98,4032.49,4040.84,4064.62,4045.94,4073.53,4075.50,4077.96,4084.81,4072.19,4056.27,4036.27,4079.80,4078.76,4059.64,4085.56,4103.99,4109.26,4077.03,4096.05,4096.41,4094.27,4082.07,4098.88,4105.82,4099.59,4094.22
census_1000_6.csv,6,1.5066,100.00,4083.68,4090.37,510.30,0.06,37.86,4.00,0.010000,165.20,166.00,168.20,164.00,166.80,169.80,obj,4698.26,4194.82,4052.10,4093.80,4092.25,4101.32,4080.27,4076.85,4071.68,4095.02,4105.06,4109.76,4065.44,4095.06,4096.46,4106.58,4092.52,4101.16,4103.12,4123.49,4081.53,4105.10,4107.68,4089.64,4112.86,4088.89,4070.36,4093.68,4086.23,4087.22,4097.38,4085.52,4091.12,4063.96,4101.19,4106.20,4079.55,4094.14,4069.18,4096.49,4124.77,4093.64,4105.17,4114.70,4101.68,4079.54,4096.32,4094.62,4105.51,4119.65,4076.90,4085.33,4083.15,4105.59,4074.33,4069.95,4096.33,4073.25,4099.71,4116.74,4089.31,4108.42,4099.70,4121.66,4100.42,4118.93,4092.67,4111.21,4103.78,4116.79,4093.96,4087.80,4097.84,4092.22,4120.34,4100.00,4110.60,4078.53,4103.14,4084.34,4094.63,4101.11,4102.56,4105.53,4105.37,4121.42,4115.09,4078.37,4112.72,4101.47,4121.54,4120.75,4118.17,4107.71,4098.23,4107.86,4101.54,4104.61,4120.87,4090.37
census_1000_7.csv,7,1.7041,100.00,3937.86,3941.04,343.91,0.04,64.22,4.00,0.010000,141.00,139.40,142.80,149.20,145.40,138.20,144.00,obj,4300.19,4148.54,4169.30,3999.44,3999.37,3985.42,4018.86,4018.75,4021.05,3997.20,4011.75,3976.08,3973.56,4029.39,3989.95,3989.53,3984.18,3969.60,3979.53,3975.82,3976.22,3994.12,3980.59,3955.68,3982.65,3977.89,3978.91,3992.38,3972.62,3971.60,3967.58,3969.69,3954.06,3960.53,3935.60,3955.20,3939.07,3961.96,3955.57,3943.60,3952.35,3946.53,3954.98,3958.93,3983.99,3975.07,3946.44,3942.38,3957.96,3941.14,3931.17,3960.65,3930.84,3961.11,3947.84,3954.68,3948.78,3960.94,3924.12,3953.26,3928.97,3971.23,3975.80,3966.10,3959.73,3952.46,3964.61,3958.91,3963.24,3967.58,3955.38,3982.98,3971.50,3955.68,3943.05,3941.12,3938.40,3962.02,3935.38,3947.05,3957.75,3936.64,3916.13,3946.34,3925.51,3917.04,3928.18,3949.48,3932.25,3939.98,3907.80,3921.74,3919.00,3909.48,3942.87,3937.93,3926.05,3902.02,3912.41,3941.04
census_1000_8.csv,8,2.0003,100.00,4000.58,3997.71,261.11,0.06,42.19,4.00,0.010000,128.80,126.40,119.60,126.40,119.60,125.00,127.20,127.00,obj,4159.61,4064.70,4141.20,4185.18,4108.79,4005.40,4041.44,4021.59,4016.01,4019.74,4018.05,3977.11,4020.00,4035.76,4008.67,4046.70,3998.16,4037.58,4018.97,4023.97,4013.61,4016.50,4039.23,4011.56,4019.04,4030.97,4007.20,4051.42,3998.12,3994.24,4017.53,4029.48,4021.49,4035.52,4004.06,4050.24,4154.12,4000.02,4017.31,4018.80,3991.40,4011.73,4016.86,3990.39,4007.49,3959.70,4011.39,4009.59,3994.50,3987.78,4022.65,4012.95,4028.72,3969.89,4007.69,3971.99,4039.21,3982.66,4011.68,3995.92,4008.78,3989.59,4038.22,3972.05,3984.66,3977.66,3976.85,4021.15,3998.62,3942.48,4030.05,3966.29,4022.21,4032.59,4023.07,4009.86,4047.68,4006.42,4021.13,4010.96,4010.40,4008.25,4020.69,4019.30,4007.35,4008.87,4024.44,4051.44,3999.87,4005.28,3978.52,3981.22,3941.90,3922.53,4038.11,4036.55,4012.08,4037.28,4004.83,3997.71
census_1000_9.csv,9,2.2862,100.00,3958.24,3958.70,577.56,0.14,29.34,4.00,0.010000,120.20,112.80,109.40,111.00,101.20,110.40,107.40,111.00,116.60,obj,3975.40,3885.07,3989.60,3980.44,3988.84,3996.09,4002.33,3981.03,3977.84,3979.44,4009.82,4000.74,4006.80,3978.13,3974.18,3990.00,3963.05,3950.75,3921.96,3941.25,3941.39,3941.24,3942.14,3942.39,3923.48,3977.40,3950.08,3960.70,3952.66,3967.08,3979.56,3952.92,3964.27,3952.22,3977.65,3972.20,3974.16,3966.08,3986.06,3986.27,3970.90,3959.35,3956.55,3955.35,3993.78,3986.71,3969.10,3955.79,3983.24,3969.20,3990.34,3961.75,3950.65,3976.84,3987.25,3994.50,4007.95,3982.06,3968.45,3988.55,3952.32,3981.62,3968.57,3958.57,3981.62,4005.50,3962.51,3958.19,3955.07,3971.25,3970.53,3966.95,3971.64,3968.99,3981.31,3956.39,3965.40,3970.94,3963.37,3986.22,3993.63,3986.87,3970.71,3951.09,3951.67,3977.52,3951.68,3966.04,3979.96,3958.87,3962.59,3986.90,3963.90,3980.71,3990.14,3976.59,3993.52,3988.17,3987.33,3958.70
athlete_1000_3.csv,3,0.6688,100.00,2673.78,2675.15,133.13,0.00,44.99,4.00,0.010000,334.00,336.80,329.20,obj,3118.75,2800.58,2749.65,2698.74,2707.20,2697.43,2694.87,2698.62,2658.50,2683.60,2703.57,2665.77,2705.37,2659.76,2644.66,2664.30,2663.22,2658.48,2677.36,2658.00,2702.29,2661.90,2706.55,2644.53,2689.41,2681.83,2677.69,2663.47,2680.53,2714.76,2678.77,2672.15,2661.95,2691.75,2653.30,2670.17,2681.96,2661.40,2658.71,2679.05,2680.52,2683.15,2667.42,2662.94,2654.77,2685.02,2663.80,2638.28,2657.84,2661.55,2679.93,2671.39,2651.53,2641.22,2666.14,2650.95,2635.24,2669.68,2682.48,2637.12,2651.03,2667.21,2670.60,2648.56,2649.89,2679.88,2671.71,2663.87,2650.52,2670.79,2653.12,2659.46,2682.23,2689.60,2643.90,2642.97,2638.34,2677.59,2649.88,2649.66,2644.20,2667.28,2669.81,2653.87,2668.60,2676.61,2675.21,2670.61,2641.56,2699.97,2684.59,2663.95,2670.50,2644.38,2648.65,2649.69,2675.27,2685.80,2686.37,2675.15
athlete_1000_4.csv,4,0.8794,100.00,2524.64,2543.80,670.25,0.01,17.49,4.00,0.010000,253.00,252.40,251.20,243.40,obj,2526.35,2440.04,2540.08,2446.54,2489.59,2518.46,2533.15,2525.69,2514.00,2460.59,2496.27,2550.03,2485.02,2522.60,2508.88,2493.86,2517.73,2521.16,2503.45,2542.91,2460.24,2485.91,2507.57,2509.46,2533.28,2470.91,2488.23,2490.43,2520.70,2491.33,2522.09,2493.04,2533.69,2510.96,2481.87,2548.34,2494.34,2508.10,2442.03,2434.49,2486.88,2519.97,2552.63,2482.94,2471.10,2465.16,2488.86,2496.50,2510.89,2497.66,2511.18,2513.50,2506.51,2518.39,2533.51,2490.91,2480.86,2499.92,2469.72,2478.55,2559.07,2508.37,2528.94,2524.25,2497.95,2541.64,2481.60,2536.96,2533.80,2508.46,2570.19,2485.35,2530.55,2546.79,2525.44,2526.30,2495.74,2534.26,2492.35,2545.25,2496.68,2535.57,2520.29,2480.23,2502.15,2514.70,2518.78,2511.18,2521.30,2479.78,2490.48,2453.66,2496.31,2465.62,2537.73,2453.06,2524.42,2505.95,2497.71,2543.80
athlete_1000_5.csv,5,1.1102,100.00,2510.10,2503.84,155.60,0.02,85.94,4.00,0.010000,197.80,208.80,205.40,190.60,197.40,obj,2372.97,2391.36,2420.56,2447.58,2496.12,2485.95,2492.57,2491.09,2505.48,2468.98,2439.37,2493.99,2459.08,2516.81,2489.49,2460.59,2442.61,2448.70,2439.36,2471.41,2482.52,2459.14,2443.53,2437.64,2441.00,2444.40,2498.22,2457.74,2494.17,2497.55,2511.53,2495.29,2425.19,2449.49,2463.96,2430.64,2470.78,2459.88,2477.71,2483.37,2486.03,2504.23,2475.08,2450.90,2484.89,2459.25,2477.19,2477.78,2476.43,2486.89,2495.06,2461.87,2484.41,2477.51,2471.73,2458.39,2449.48,2464.52,2430.96,2448.45,2474.57,2471.69,2466.25,2445.91,2450.54,2477.63,2461.89,2471.30,2508.33,2494.59,2449.64,2444.42,2444.56,2444.76,2422.87,2437.53,2418.07,2425.00,2478.06,2417.76,2425.84,2443.23,2431.63,2492.72,2540.35,2490.37,2504.43,2465.39,2497.88,2489.39,2437.35,2460.13,2428.42,2448.34,2455.73,2458.35,2439.58,2464.00,2441.53,2503.84
athlete_1000_6.csv,6,1.4579,100.00,2217.07,2225.86,309.23,0.11,51.95,4.00,0.010000,165.40,163.80,162.20,169.80,171.00,167.80,obj,2265.89,2249.04,2213.45,2232.40,2257.85,2224.61,2242.59,2186.14,2165.62,2190.56,2185.85,2210.60,2201.94,2214.34,2227.79,2277.75,2212.89,2234.61,2246.50,2222.93,2222.71,2246.04,2208.78,2221.85,2260.85,2200.28,2196.11,2202.26,2187.26,2237.49,2227.92,2212.02,2241.63,2206.89,2189.17,2236.41,2264.15,2211.08,2212.42,2221.33,2250.77,2213.86,2202.50,2244.86,2240.77,2243.63,2212.23,2289.27,2261.85,2260.15,2222.67,2244.52,2230.71,2217.22,2154.80,2226.30,2226.95,2264.87,2243.08,2289.47,2246.62,2223.05,2198.00,2207.40,2197.45,2222.78,2176.56,2216.73,2206.24,2245.95,2208.31,2239.12,2265.64,2182.85,2231.98,2244.89,2206.71,2209.47,2215.40,2217.33,2300.01,2262.30,2276.02,2260.17,2232.61,2232.02,2207.04,2244.23,2167.24,2225.53,2251.82,2216.60,2224.46,2204.63,2205.82,2223.92,2240.63,2221.84,2254.54,2225.86
athlete_1000_7.csv,7,1.8533,100.00,2183.63,2191.48,211.51,0.07,78.03,4.00,0.010000,145.40,134.00,151.20,149.40,140.20,136.20,143.60,obj,2365.36,2311.17,2329.97,2308.94,2342.74,2346.84,2406.70,2409.56,2339.46,2378.03,2320.25,2372.14,2346.69,2356.47,2337.02,2350.38,2363.01,2294.47,2324.39,2258.75,2268.81,2302.86,2277.01,2282.50,2272.09,2285.09,2303.54,2322.44,2275.83,2297.03,2202.52,2197.63,2235.00,2250.94,2187.02,2278.16,2231.89,2247.43,2211.26,2254.69,2256.60,2244.62,2200.63,2218.81,2273.26,2200.19,2214.38,2299.93,2233.24,2280.89,2236.85,2187.60,2250.03,2252.84,2215.95,2239.86,2211.71,2222.88,2255.12,2238.36,2254.28,2249.25,2253.26,2271.60,2221.49,2253.66,2245.41,2203.27,2260.94,2240.42,2223.06,2205.45,2199.54,2267.45,2233.95,2257.59,2272.17,2298.53,2235.87,2231.29,2255.59,2241.89,2204.54,2229.09,2233.55,2253.37,2189.76,2258.33,2267.94,2273.83,2253.81,2222.82,2201.98,2267.60,2204.48,2242.97,2209.12,2209.01,2209.84,2191.48
athlete_1000_8.csv,8,1.9916,100.00,2214.29,2209.07,212.93,0.13,105.22,4.00,0.010000,126.40,126.00,127.60,126.40,118.60,120.20,132.60,122.20,obj,2375.49,2267.20,2251.20,2312.69,2258.40,2314.48,2329.25,2367.96,2317.06,2371.10,2373.01,2376.50,2374.34,2451.44,2472.83,2393.55,2375.99,2271.30,2300.21,2239.67,2219.47,2227.29,2226.93,2252.06,2249.79,2229.71,2207.57,2220.45,2201.06,2272.71,2222.93,2239.45,2261.41,2228.71,2253.26,2245.47,2242.81,2218.65,2227.41,2227.63,2206.64,2233.90,2245.96,2254.01,2230.88,2181.11,2281.53,2213.12,2270.60,2248.46,2242.04,2213.47,2224.51,2210.87,2231.15,2230.12,2226.91,2191.10,2234.79,2180.30,2210.09,2242.37,2246.13,2242.27,2208.73,2172.02,2191.90,2214.16,2180.81,2215.42,2186.80,2221.97,2236.11,2271.32,2288.18,2227.75,2204.54,2235.02,2207.88,2190.63,2199.78,2248.93,2233.59,2196.04,2180.49,2237.86,2226.94,2177.62,2202.96,2199.89,2194.27,2203.59,2202.69,2267.56,2245.48,2227.66,2238.21,2258.33,2234.86,2209.07
athlete_1000_9.csv,9,2.2009,100.00,2087.31,2099.19,429.47,0.15,45.73,4.00,0.010000,115.60,113.40,113.00,103.20,115.40,108.60,110.20,106.00,114.60,obj,2236.10,2164.65,2156.84,2194.40,2135.57,2161.64,2156.63,2310.55,2181.09,2226.14,2250.44,2219.73,2201.27,2189.32,2172.49,2134.23,2095.29,2104.40,2083.93,2130.13,2116.96,2119.39,2122.55,2092.57,2121.19,2097.89,2092.84,2098.59,2103.23,2096.94,2115.68,2120.10,2089.02,2077.19,2099.24,2098.51,2066.48,2108.39,2063.26,2175.52,2099.75,2093.24,2101.82,2075.56,2083.48,2104.86,2137.30,2093.72,2092.27,2128.23,2064.21,2077.70,2086.10,2071.46,2070.26,2121.34,2065.81,2060.25,2051.17,2049.82,2081.10,2128.14,2071.96,2067.05,2052.70,2077.09,2061.42,2090.07,2056.59,2066.46,2076.30,2068.50,2079.90,2062.38,2060.62,2026.41,2094.79,2071.65,2103.83,2080.33,2088.95,2056.20,2081.89,2082.93,2090.93,2151.62,2091.29,2021.97,2082.81,2082.18,2110.23,2068.08,2082.04,2072.86,2066.63,2121.93,2091.66,2101.56,2094.21,2099.19
athlete_1000_10.csv,10,2.5057,100.00,1996.69,1975.10,8699.30,0.17,100.62,4.00,0.010000,98.20,103.40,95.00,98.60,98.40,100.60,88.60,99.40,102.00,115.80,obj,2258.74,2212.53,2203.16,2208.01,2148.61,2194.68,2217.98,2245.06,2207.07,2154.05,2202.65,2134.13,2111.62,2146.99,2087.85,2124.95,2072.39,2084.41,2160.01,2087.02,2026.35,2078.11,2037.42,1926.60,2006.30,1969.09,2009.52,2055.93,2069.87,2089.62,2101.73,2107.37,2103.39,2042.99,1977.30,1938.28,1952.92,1942.66,1997.88,2003.58,2048.24,2064.93,2088.14,2155.49,2090.64,2085.28,2038.16,2001.78,1928.92,1993.66,1993.61,2032.03,2016.49,2027.74,2059.37,2073.57,2098.33,2116.11,2059.62,2058.75,2057.09,2084.65,2101.68,2135.32,1954.64,2037.13,2032.50,1982.60,2027.26,1955.70,1968.97,1961.61,2111.46,2206.40,1997.34,2110.65,1998.67,2104.49,2042.79,2165.31,2081.92,1956.63,1972.11,1991.59,2080.56,2037.61,2085.36,2089.83,2012.54,2100.43,2034.41,2104.62,2120.73,2031.43,2055.33,2017.82,2078.81,2170.14,1989.61,1975.10
census_1000_3.csv,3,0.7244,100.00,4113.38,4116.07,108.93,0.02,29.21,4.00,0.010000,332.80,333.40,333.80,obj,4592.83,4349.51,4281.52,4222.98,4170.55,4127.54,4116.75,4139.54,4121.84,4142.76,4126.50,4145.98,4118.48,4112.26,4136.75,4119.47,4143.45,4122.38,4120.12,4124.34,4142.00,4136.06,4124.19,4122.31,4144.27,4137.93,4114.10,4121.87,4127.96,4136.46,4123.54,4112.24,4132.46,4141.46,4094.27,4127.18,4138.02,4123.57,4112.42,4117.13,4127.77,4128.08,4146.86,4143.98,4148.46,4142.71,4117.46,4145.37,4132.77,4126.26,4136.04,4128.29,4118.94,4103.49,4129.56,4116.90,4119.65,4128.17,4127.43,4123.19,4128.59,4136.56,4109.93,4135.96,4110.54,4119.74,4121.57,4129.80,4144.88,4136.68,4142.49,4136.43,4111.59,4126.32,4142.07,4119.40,4117.80,4139.56,4134.62,4137.82,4155.32,4127.37,4139.27,4138.32,4111.46,4130.87,4125.57,4111.64,4113.81,4134.15,4134.73,4129.30,4142.19,4120.75,4139.72,4129.03,4129.80,4118.37,4116.60,4116.07
census_1000_4.csv,4,1.1427,100.00,4161.85,4167.25,451.85,0.18,39.65,4.00,0.010000,246.60,248.40,252.00,253.00,obj,4437.03,4177.01,4179.78,4185.09,4162.32,4147.33,4127.30,4160.61,4149.11,4137.32,4163.53,4148.97,4141.02,4132.64,4174.68,4128.00,4135.06,4164.50,4161.47,4145.39,4154.16,4172.76,4163.25,4166.57,4178.85,4160.86,4184.64,4163.52,4168.84,4151.84,4160.50,4141.79,4153.59,4160.12,4171.18,4156.46,4165.59,4153.29,4148.38,4142.28,4154.58,4158.52,4156.91,4165.10,4150.53,4155.35,4174.71,4149.12,4154.22,4127.64,4134.83,4131.40,4140.05,4157.35,4139.56,4124.35,4149.92,4139.54,4149.32,4180.38,4166.62,4151.07,4185.45,4153.62,4139.88,4155.90,4160.62,4153.21,4178.89,4156.44,4138.54,4125.20,4158.42,4152.05,4137.35,4143.71,4137.26,4135.99,4114.52,4165.57,4124.51,4146.62,4161.57,4184.79,4176.16,4154.76,4173.84,4168.21,4150.15,4170.18,4164.55,4143.82,4126.21,4167.85,4164.40,4160.65,4168.50,4178.28,4196.66,4167.25
census_1000_5.csv,5,1.2969,100.00,4048.18,4050.50,368.00,0.09,81.18,4.00,0.010000,197.00,202.40,198.60,197.40,204.60,obj,4341.33,4138.16,4063.84,4094.63,4090.43,4097.54,4113.55,4103.12,4079.47,4087.53,4087.96,4108.91,4091.59,4080.06,4085.60,4089.74,4082.65,4099.97,4107.95,4086.78,4118.02,4090.15,4090.99,4089.53,4079.70,4078.37,4107.42,4097.45,4076.73,4077.54,4098.98,4080.71,4079.35,4064.48,4072.10,4065.27,4082.95,4069.09,4064.62,4067.06,4076.49,4072.95,4063.43,4071.93,4073.11,4074.41,4093.95,4070.61,4086.56,4070.07,4045.93,4046.91,4062.66,4028.75,4060.86,4067.37,4086.67,4067.29,4079.02,4078.77,4059.07,4069.08,4063.47,4052.22,4088.68,4049.89,4065.56,4094.26,4076.42,4084.93,4083.85,4090.91,4112.35,4083.96,4098.68,4118.53,4111.39,4082.56,4103.18,4084.65,4086.37,4100.47,4116.26,4082.95,4085.77,4092.66,4104.67,4100.70,4084.87,4079.07,4111.07,4078.21,4060.29,4065.96,4065.27,4040.47,4053.74,4050.07,4064.27,4050.50
census_1000_6.csv,6,1.6637,100.00,4018.11,4029.89,355.37,0.15,25.11,4.00,0.010000,164.80,168.00,168.80,160.20,167.80,170.40,obj,4079.24,4027.44,4071.59,4033.77,4034.92,4040.28,4076.04,4034.65,4046.35,4041.86,4055.79,4036.20,4031.23,4042.40,4049.26,4053.74,4041.92,4029.18,4023.09,4046.66,4043.26,4051.39,4043.28,4018.53,4038.00,4025.60,4044.31,4029.77,4019.76,4038.30,4043.26,4032.24,4011.92,4031.57,3996.74,4038.38,4034.32,4025.61,4026.39,4009.59,4013.01,4016.12,4025.59,4019.62,4052.91,4036.58,4001.76,4014.37,4002.88,4023.27,4023.23,4060.72,4025.97,4029.09,4030.59,4002.83,4050.83,4019.49,4032.79,4033.55,4038.55,4040.38,4046.27,4020.61,4020.92,4010.63,4016.07,4038.59,4013.56,4032.66,4016.24,4026.87,4035.76,4038.52,4046.71,4036.02,4024.34,4034.55,4019.44,4027.82,4025.44,4044.29,4027.99,4049.72,4029.09,4018.95,4024.88,4065.37,4015.31,4059.76,4041.63,4032.45,4047.39,4030.06,4011.54,4032.20,4042.55,4026.71,4004.46,4029.89
census_1000_7.csv,7,1.8073,100.00,3999.81,4003.06,205.54,0.09,31.14,4.00,0.010000,143.00,139.40,144.20,143.60,143.20,147.20,139.40,obj,4236.09,4026.38,4051.27,4008.35,4013.67,4009.86,4004.03,3986.38,4018.96,4012.04,3994.92,4009.92,4010.48,4016.24,4024.02,4011.75,4027.30,4000.85,4032.79,4003.55,4012.34,3985.56,3994.25,4012.36,3996.64,3999.99,4020.86,4031.27,4019.90,3989.44,3994.60,3998.50,4009.19,4010.51,4004.65,4004.07,3985.35,4007.18,4028.95,4020.69,4016.16,3988.93,4012.01,4012.78,3992.17,4027.47,3989.59,4026.03,3995.92,4004.31,4001.56,4017.32,4003.38,3975.67,3996.07,3995.57,4008.78,3993.86,3984.48,3994.10,3978.29,4003.31,3984.42,3997.29,4019.45,4003.51,4005.85,3990.67,4009.45,3972.57,3986.94,3998.16,4003.50,4031.10,3995.26,4004.19,3997.25,4000.76,3991.70,3995.90,4022.15,4008.35,4008.21,3995.94,3997.35,3994.55,4030.70,4009.49,4007.91,3996.64,4020.01,3992.55,3985.97,4015.39,4001.27,3997.78,3979.74,3980.37,4011.53,4003.06
census_1000_8.csv,8,2.1200,100.00,3996.44,4027.06,1069.72,0.18,45.96,4.00,0.010000,126.40,125.20,123.60,124.60,116.00,129.00,129.00,126.20,obj,4000.58,3891.37,4002.50,4000.83,4009.48,4002.10,4052.82,4004.17,3998.03,4047.01,4036.34,4025.04,4013.70,4034.26,4015.94,4023.06,3995.50,3977.63,4034.75,4003.45,3999.71,4019.04,4024.05,4010.42,4032.08,3993.03,4018.86,3984.50,3998.03,3987.00,3992.00,3984.74,3997.44,3988.02,3991.05,4018.28,4016.82,3996.49,4016.23,4027.65,4008.24,4017.56,4013.38,4043.96,4023.97,4031.49,3996.72,4008.04,4002.72,4022.71,4047.52,4002.61,4028.99,4009.00,4022.11,4000.28,4056.74,4023.53,4033.70,3984.17,4027.35,4043.91,4010.55,4023.79,4035.90,4012.43,4026.82,4035.30,4014.17,4023.73,4008.47,4020.70,4031.74,4036.35,4043.13,4044.45,4058.30,4012.55,4043.12,4012.31,4029.07,4021.63,4016.93,4045.03,4037.21,4048.43,4043.88,4035.84,4022.51,4021.05,4023.65,4022.55,4022.02,4015.59,4010.50,4026.07,4018.83,4018.69,4019.06,4027.06
census_1000_9.csv,9,2.3614,100.00,4024.08,4046.25,1553.78,0.23,47.56,4.00,0.010000,110.40,120.40,107.80,109.20,108.60,110.80,112.60,116.80,103.40,obj,4158.32,4458.81,4182.88,4018.04,3980.45,3992.86,4012.05,4014.85,3974.91,4014.14,3992.74,3989.40,4020.57,4005.41,4026.19,4015.29,4036.65,4021.86,4027.13,3999.17,4051.28,4025.52,3963.26,4017.20,4015.04,3997.90,4005.86,3999.70,4046.80,4033.01,4034.26,4045.52,4010.48,4015.47,4010.21,4007.01,4028.02,4031.90,4023.82,4022.64,4006.35,4041.72,4014.62,4036.71,4015.92,4051.50,4010.10,4049.96,4031.78,4033.21,4013.00,4023.97,4003.82,4026.48,4037.61,4060.51,4065.76,4053.93,4028.99,4048.11,4040.92,4025.24,4046.20,4055.10,4039.89,4029.77,4045.91,4055.28,4034.50,4046.77,4042.62,4053.67,4031.86,4042.12,4020.31,4041.34,4012.40,4024.46,4006.81,4028.90,4057.80,4037.71,4051.75,4047.70,4043.21,4001.64,4069.78,4031.16,4041.53,4044.73,4034.12,4031.35,4067.63,4023.16,4019.76,4008.19,4034.62,4048.84,4052.04,4046.25
census_1000_10.csv,10,2.7827,100.00,3996.26,4004.30,884.10,0.31,8.56,4.00,0.010000,103.60,89.00,97.60,101.20,92.60,98.40,101.00,104.00,106.60,106.00,obj,4178.02,4144.16,3989.58,3968.31,3971.98,3989.70,3988.62,4016.79,4004.07,4012.47,3986.88,4002.06,3984.11,4005.64,3983.39,4016.31,4003.97,4015.09,3986.35,4037.10,4021.40,4000.72,3991.60,3998.00,3999.53,3975.70,3992.21,4004.23,4013.32,3987.99,3991.50,3988.18,3980.66,3967.22,3984.89,3974.73,3964.81,3982.67,3993.35,3959.28,3971.88,3974.36,4040.87,3991.65,3992.21,3977.73,3982.24,3987.87,3980.94,4009.49,3998.08,3994.13,3989.03,3987.56,3999.34,3985.26,3994.37,3997.14,3988.51,3984.83,3987.23,3985.71,3982.08,4094.55,4059.95,4010.93,4019.36,3999.72,3994.74,3992.12,4018.97,4000.82,4029.71,3987.89,4004.87,3975.38,4006.10,3982.40,3973.09,4016.35,4002.10,3994.54,4011.42,3988.55,4008.40,3998.36,4003.66,3991.24,4001.77,3974.66,3980.68,3978.00,3985.31,4012.83,4011.64,4010.70,3982.58,3995.18,3997.52,4004.30
Spanish_1000_3.csv,3,0.7874,100.00,3840.94,3847.70,155.53,0.04,30.95,4.00,0.010000,331.80,336.60,331.60,obj,4406.14,4013.72,3873.37,3839.87,3881.34,3841.45,3868.50,3827.34,3832.05,3822.63,3861.23,3845.73,3862.79,3853.74,3858.27,3865.82,3849.51,3848.46,3870.90,3828.12,3860.57,3849.67,3871.98,3847.35,3838.97,3837.46,3833.28,3845.44,3874.67,3870.08,3830.72,3822.23,3850.61,3844.36,3848.23,3856.17,3841.83,3823.03,3842.14,3868.69,3851.93,3876.66,3877.01,3844.86,3840.03,3831.65,3830.93,3822.15,3826.25,3844.25,3859.74,3836.87,3848.45,3852.79,3854.35,3819.11,3848.26,3846.06,3847.68,3832.24,3833.64,3818.24,3835.78,3817.27,3843.77,3826.85,3874.34,3858.15,3862.95,3864.32,3864.62,3847.88,3806.10,3828.54,3830.14,3813.47,3835.28,3797.06,3828.25,3849.43,3871.20,3833.18,3860.34,3848.53,3841.04,3811.95,3847.19,3816.76,3833.63,3872.90,3852.17,3824.59,3829.68,3813.72,3825.35,3832.81,3847.56,3837.22,3862.82,3847.70
Spanish_1000_4.csv,4,1.0466,100.00,3745.57,3748.56,544.65,0.03,51.52,4.00,0.010000,253.00,254.40,248.40,244.20,obj,4476.63,3885.25,3798.70,3707.96,3715.05,3693.66,3693.35,3745.09,3727.64,3701.49,3749.82,3742.51,3755.42,3731.60,3739.38,3779.90,3759.96,3709.96,3690.93,3760.04,3722.22,3694.48,3730.70,3674.05,3672.43,3752.28,3729.80,3705.80,3717.65,3701.83,3710.17,3723.41,3688.18,3736.42,3720.20,3722.72,3755.04,3710.71,3721.99,3684.11,3702.51,3760.67,3727.88,3719.79,3683.77,3705.31,3739.59,3742.74,3713.31,3728.31,3744.88,3746.60,3706.30,3753.42,3727.00,3756.55,3718.68,3730.70,3741.73,3696.42,3755.71,3749.94,3741.56,3729.83,3713.33,3720.47,3722.26,3713.66,3738.38,3769.83,3783.28,3726.75,3743.66,3731.43,3709.88,3714.96,3717.76,3712.90,3720.10,3722.71,3711.74,3692.99,3719.52,3733.31,3728.64,3736.39,3714.05,3684.72,3719.93,3729.35,3781.18,3744.35,3718.41,3724.76,3728.84,3703.66,3727.59,3700.99,3750.90,3748.56
Spanish_1000_5.csv,5,1.3145,100.00,3651.22,3656.92,382.00,0.02,56.62,4.00,0.010000,198.20,196.20,201.20,202.60,201.80,obj,3909.83,3730.73,3709.40,3708.05,3704.90,3702.81,3683.53,3664.79,3712.82,3682.67,3694.36,3666.69,3694.23,3704.52,3735.86,3677.68,3684.81,3692.12,3696.15,3634.56,3654.61,3704.84,3664.87,3652.35,3655.91,3668.22,3706.09,3695.88,3708.48,3656.11,3690.43,3657.66,3647.35,3633.69,3638.72,3641.51,3672.80,3641.01,3665.44,3619.49,3632.01,3660.52,3608.13,3647.77,3642.61,3617.63,3607.60,3639.18,3659.12,3668.41,3670.19,3678.84,3665.38,3675.74,3649.54,3636.87,3629.71,3638.71,3679.57,3663.04,3653.87,3652.23,3650.47,3623.73,3622.22,3636.95,3666.34,3632.43,3638.65,3645.22,3601.60,3660.01,3648.05,3641.64,3618.59,3634.74,3681.36,3648.93,3686.16,3661.10,3682.50,3665.46,3635.57,3665.50,3636.61,3624.31,3665.68,3667.39,3653.69,3650.86,3660.38,3636.74,3642.43,3673.44,3642.34,3645.31,3650.59,3647.38,3662.64,3656.92
Spanish_1000_6.csv,6,1.5222,100.00,3558.43,3558.88,364.74,0.06,28.02,4.00,0.010000,162.20,176.20,160.80,162.80,174.60,163.40,obj,3739.18,3642.51,3575.04,3628.77,3561.94,3523.27,3591.81,3554.89,3549.05,3567.69,3599.46,3590.49,3626.92,3555.48,3604.08,3608.24,3579.60,3631.18,3600.95,3584.13,3589.34,3624.63,3627.37,3603.48,3589.72,3600.89,3604.49,3630.65,3623.59,3609.25,3622.24,3600.35,3617.67,3610.72,3590.54,3570.49,3573.56,3574.44,3568.73,3592.26,3592.97,3574.54,3574.99,3571.67,3559.72,3580.00,3579.44,3561.61,3617.17,3592.09,3619.08,3599.54,3589.60,3589.05,3602.72,3585.99,3615.23,3636.17,3579.16,3582.88,3609.07,3612.23,3600.68,3583.06,3630.11,3601.52,3580.89,3572.04,3643.89,3610.72,3636.70,3607.84,3612.70,3637.52,3604.31,3612.78,3622.95,3606.75,3596.16,3609.32,3586.60,3587.87,3614.59,3603.52,3599.78,3571.13,3587.99,3591.80,3570.07,3592.85,3617.83,3570.02,3596.83,3579.91,3585.05,3591.54,3625.33,3570.96,3599.42,3558.88
Spanish_1000_7.csv,7,1.7632,100.00,3442.11,3465.82,566.74,0.04,56.10,4.00,0.010000,148.80,147.60,137.60,140.00,139.80,143.60,142.60,obj,3871.58,3510.83,3562.74,3481.09,3494.06,3486.87,3527.77,3477.70,3481.16,3432.03,3471.38,3474.88,3478.18,3508.44,3464.62,3496.51,3492.54,3531.42,3438.56,3423.47,3463.88,3537.82,3516.13,3445.00,3425.51,3447.33,3433.53,3483.70,3482.02,3433.95,3456.49,3429.54,3457.05,3466.85,3498.17,3491.96,3461.12,3453.96,3472.71,3450.50,3521.99,3472.48,3462.45,3484.56,3476.56,3435.28,3492.38,3484.73,3495.63,3495.99,3474.18,3483.77,3474.64,3434.22,3464.03,3471.49,3462.58,3401.73,3460.98,3533.94,3464.90,3440.15,3453.35,3444.48,3430.96,3428.14,3421.73,3450.67,3447.52,3499.86,3426.69,3442.60,3456.22,3477.83,3448.39,3452.96,3468.89,3480.52,3479.57,3442.99,3451.58,3502.88,3513.20,3439.76,3505.21,3471.29,3459.03,3533.73,3482.37,3487.39,3489.17,3489.70,3449.54,3512.35,3441.86,3469.00,3443.79,3435.41,3467.17,3465.82
Spanish_1000_8.csv,8,2.0137,100.00,3522.64,3522.84,322.12,0.05,43.15,4.00,0.010000,130.20,123.60,123.20,125.80,123.00,129.80,122.80,121.60,obj,4048.11,3640.73,3596.24,3602.32,3548.06,3549.10,3527.70,3551.80,3527.89,3566.23,3586.60,3569.85,3589.43,3592.52,3581.20,3588.42,3504.86,3557.33,3530.10,3528.76,3531.44,3505.02,3482.23,3497.53,3552.67,3524.33,3491.03,3541.78,3543.58,3489.95,3498.06,3509.39,3501.76,3507.21,3520.61,3495.24,3490.21,3501.55,3530.89,3507.82,3528.27,3542.51,3511.41,3515.86,3535.41,3498.59,3489.96,3503.32,3499.09,3481.03,3480.59,3504.72,3500.57,3513.80,3481.77,3467.19,3473.85,3486.08,3513.67,3549.49,3537.45,3508.94,3598.18,3518.61,3524.76,3530.80,3482.83,3539.63,3499.72,3463.31,3492.90,3475.09,3466.86,3528.81,3540.96,3532.72,3515.46,3502.68,3560.53,3517.32,3480.65,3495.79,3475.47,3462.52,3493.03,3504.42,3484.19,3490.62,3493.31,3525.73,3548.67,3522.84,3517.10,3507.38,3515.49,3483.82,3489.56,3525.12,3549.85,3522.84
Spanish_1000_9.csv,9,2.3084,100.00,3413.65,3433.04,1329.24,0.14,39.58,4.00,0.010000,110.60,118.00,106.00,112.40,104.80,117.80,105.60,109.40,115.40,obj,3660.28,3564.99,3537.87,3490.18,3494.87,3512.44,3474.00,3452.99,3461.60,3473.65,3494.16,3512.83,3497.22,3458.29,3508.09,3534.24,3494.81,3519.24,3502.02,3463.24,3566.53,3530.43,3543.89,3480.89,3475.56,3439.17,3456.72,3406.42,3449.41,3517.04,3481.72,3469.26,3424.37,3430.82,3462.85,3462.09,3425.52,3527.57,3465.96,3425.88,3492.62,3474.13,3490.63,3441.37,3453.41,3437.20,3398.17,3407.50,3475.42,3512.98,3488.46,3502.15,3456.55,3427.96,3413.56,3470.70,3419.31,3501.18,3537.94,3462.40,3471.99,3431.79,3471.32,3465.60,3495.26,3507.75,3390.66,3415.20,3378.20,3444.77,3440.39,3443.44,3445.56,3476.37,3455.17,3495.36,3484.72,3435.41,3479.30,3426.21,3446.01,3455.98,3428.47,3481.14,3466.50,3454.07,3481.52,3471.37,3434.40,3404.73,3409.64,3400.28,3493.26,3460.37,3443.76,3448.71,3436.83,3481.45,3425.91,3433.04
Spanish_1000_10.csv,10,2.4853,100.00,3329.55,3459.36,3588.10,0.06,102.51,4.00,0.010000,100.20,102.40,102.40,107.60,99.40,99.00,107.60,99.20,94.80,87.40,obj,3427.32,3353.08,3459.02,3399.49,3474.37,3457.21,3428.38,3416.93,3499.85,3441.47,3376.08,3417.87,3387.81,3437.34,3433.61,3362.55,3381.03,3385.05,3442.71,3359.35,3390.24,3414.49,3391.10,3513.84,3658.96,3283.79,3336.73,3309.88,3325.04,3349.51,3336.91,3395.74,3384.20,3356.91,3386.12,3361.55,3328.03,3345.11,3408.94,3372.91,3433.31,3422.95,3505.47,3395.27,3298.69,3327.73,3350.89,3380.13,3381.51,3338.05,3354.28,3373.95,3388.19,3405.19,3252.05,3327.58,3402.56,3344.02,3414.71,3458.79,3305.76,3302.92,3329.44,3339.68,3309.21,3291.59,3341.85,3329.97,3347.62,3307.37,3382.98,3285.66,3266.30,3473.71,3293.72,3314.58,3355.00,3371.91,3323.60,3327.47,3386.50,3363.42,3326.11,3359.78,3386.85,3502.87,3546.50,3338.31,3371.69,3442.97,3322.96,3379.28,3367.35,3350.01,3350.70,3345.95,3331.72,3380.36,3334.03,3459.36
student_1000_3.csv,3,0.7679,100.00,1337.46,1353.49,186.13,0.03,22.39,4.00,0.010000,333.60,336.20,330.20,obj,1738.86,1476.85,1431.97,1375.88,1373.83,1366.55,1366.87,1378.49,1365.02,1356.70,1343.29,1361.61,1332.11,1344.81,1331.66,1327.28,1336.40,1328.08,1339.31,1323.40,1336.61,1344.95,1339.73,1327.93,1341.91,1329.44,1342.62,1324.17,1331.36,1373.86,1332.86,1344.82,1327.15,1340.96,1329.18,1339.47,1350.13,1338.11,1339.94,1350.51,1329.37,1331.09,1359.58,1346.48,1329.77,1333.80,1344.46,1351.49,1317.02,1363.43,1342.41,1345.94,1324.49,1336.26,1344.23,1331.25,1322.64,1375.16,1318.75,1344.36,1321.43,1323.73,1342.46,1356.74,1320.46,1339.99,1360.48,1348.55,1343.60,1331.50,1347.10,1341.80,1324.68,1341.81,1323.34,1319.90,1308.09,1314.37,1351.56,1347.08,1337.46,1341.27,1345.62,1365.97,1332.40,1353.28,1349.09,1350.93,1341.86,1338.24,1352.93,1355.13,1340.09,1327.60,1331.30,1345.09,1336.45,1348.08,1333.49,1353.49
student_1000_4.csv,4,1.0456,100.00,1465.38,1474.12,298.25,0.05,20.52,4.00,0.010000,253.40,249.20,248.80,248.60,obj,1790.93,1572.34,1428.95,1419.89,1451.69,1462.86,1449.82,1463.99,1452.74,1447.04,1470.42,1436.11,1426.05,1451.32,1456.13,1466.07,1462.47,1447.50,1453.04,1479.84,1438.98,1451.84,1474.61,1452.57,1437.96,1451.48,1467.71,1452.55,1452.19,1472.89,1439.07,1473.58,1443.12,1436.40,1463.97,1459.18,1451.75,1463.39,1443.98,1453.25,1442.67,1455.91,1455.26,1469.35,1472.56,1451.03,1462.21,1429.95,1446.60,1441.62,1440.54,1476.68,1466.48,1455.90,1447.70,1428.11,1422.75,1441.66,1444.48,1444.09,1438.82,1452.96,1449.62,1424.24,1447.57,1444.88,1441.83,1461.14,1434.46,1435.31,1449.55,1454.47,1463.92,1456.68,1434.92,1463.39,1463.86,1471.08,1445.88,1453.71,1423.59,1448.30,1437.07,1446.17,1453.96,1468.87,1458.84,1441.94,1441.29,1461.84,1452.64,1459.95,1455.68,1435.89,1457.53,1472.24,1468.10,1461.89,1478.11,1474.12
student_1000_5.csv,5,1.2474,100.00,1433.93,1440.74,754.00,0.04,73.38,4.00,0.010000,199.60,199.60,201.00,198.00,201.80,obj,1704.89,1550.38,1457.21,1448.07,1477.64,1542.47,1450.53,1458.54,1475.48,1453.94,1483.67,1432.77,1435.50,1442.05,1424.31,1421.52,1415.13,1418.15,1454.21,1423.90,1414.55,1429.64,1429.44,1434.13,1436.11,1419.02,1430.77,1450.72,1423.04,1445.30,1421.56,1446.06,1429.60,1423.78,1435.30,1434.16,1406.82,1415.62,1451.37,1413.57,1414.70,1430.60,1420.44,1434.33,1441.69,1415.54,1420.01,1426.00,1422.45,1427.00,1455.47,1397.49,1404.38,1401.92,1430.98,1408.07,1443.74,1409.74,1436.54,1435.04,1446.39,1422.53,1425.74,1421.69,1410.30,1433.62,1423.58,1436.83,1421.79,1442.77,1429.83,1413.41,1416.31,1426.99,1400.94,1418.61,1449.65,1425.40,1417.14,1423.05,1440.99,1397.95,1428.01,1419.47,1446.08,1435.32,1425.87,1431.08,1433.87,1409.46,1419.89,1417.07,1445.19,1408.34,1413.32,1439.79,1462.17,1412.47,1432.24,1440.74
student_1000_6.csv,6,1.4824,100.00,1419.79,1429.26,186.03,0.02,104.53,4.00,0.010000,167.80,165.40,164.60,164.20,172.00,166.00,obj,1671.04,1461.24,1498.29,1489.59,1437.56,1486.07,1460.04,1448.48,1446.32,1437.19,1475.48,1471.97,1444.31,1465.22,1443.33,1464.69,1472.96,1440.48,1440.00,1431.47,1471.49,1433.18,1459.35,1465.79,1437.58,1448.53,1442.43,1451.30,1426.99,1429.83,1452.25,1420.06,1430.15,1422.72,1429.83,1428.65,1457.21,1435.08,1425.88,1461.83,1418.46,1441.78,1450.76,1438.97,1464.22,1434.76,1440.10,1467.09,1452.78,1444.46,1474.50,1428.17,1442.62,1453.95,1426.83,1445.34,1459.71,1419.62,1410.24,1419.61,1408.49,1395.32,1443.06,1420.81,1439.60,1433.92,1435.26,1429.69,1431.31,1446.33,1431.08,1426.84,1434.28,1445.24,1452.30,1428.07,1434.91,1426.93,1422.67,1430.78,1443.93,1451.49,1426.10,1444.96,1430.02,1417.87,1451.54,1436.86,1430.67,1450.23,1452.36,1457.14,1464.23,1442.09,1429.89,1437.60,1450.87,1433.98,1428.33,1429.26
student_1000_7.csv,7,1.7886,100.00,1392.27,1396.88,122.03,0.07,28.82,4.00,0.010000,142.60,143.60,140.80,141.00,144.60,143.00,144.40,obj,1776.67,1470.76,1476.13,1426.14,1425.24,1441.89,1435.60,1478.71,1440.33,1467.60,1430.42,1419.85,1407.65,1441.71,1416.32,1401.22,1401.03,1429.48,1426.86,1426.52,1439.04,1425.16,1445.44,1430.30,1405.90,1410.59,1420.32,1423.11,1421.69,1437.56,1412.02,1437.74,1426.98,1431.82,1415.26,1427.23,1412.82,1435.38,1419.21,1430.58,1410.16,1386.19,1409.68,1375.67,1427.83,1387.11,1419.31,1453.65,1419.67,1399.74,1429.09,1401.85,1389.96,1366.24,1428.60,1345.67,1388.30,1373.89,1439.99,1439.16,1422.34,1413.04,1428.21,1421.68,1457.81,1416.48,1406.04,1440.93,1402.88,1457.86,1424.58,1423.98,1442.32,1418.72,1416.17,1377.52,1377.46,1391.76,1382.02,1373.60,1379.70,1347.73,1389.62,1382.61,1357.09,1377.14,1408.95,1416.39,1391.78,1401.95,1407.28,1387.27,1383.71,1401.17,1417.11,1418.94,1401.40,1413.23,1381.58,1396.88
student_1000_8.csv,8,2.0507,100.00,1327.52,1349.86,371.32,0.06,88.84,4.00,0.010000,119.20,127.60,122.20,122.80,116.80,133.60,136.40,121.40,obj,1786.06,1502.99,1435.42,1434.85,1415.57,1450.80,1394.62,1396.28,1387.18,1420.94,1428.88,1388.19,1435.23,1429.38,1377.98,1385.33,1403.21,1393.54,1401.71,1393.62,1404.69,1403.92,1398.72,1385.82,1419.64,1394.79,1382.91,1389.38,1362.39,1380.44,1409.23,1384.85,1359.27,1361.77,1361.35,1366.25,1359.54,1364.16,1398.37,1350.37,1340.38,1358.18,1359.07,1362.89,1387.48,1426.08,1352.79,1399.97,1349.38,1366.65,1373.47,1337.69,1328.81,1370.58,1405.33,1387.06,1339.60,1356.53,1381.16,1385.18,1354.32,1344.32,1340.13,1320.48,1338.05,1355.58,1308.29,1348.09,1394.89,1363.93,1353.07,1394.35,1408.44,1384.89,1364.50,1391.91,1407.02,1389.88,1393.12,1419.27,1374.36,1414.01,1357.96,1357.92,1348.74,1377.91,1422.80,1388.28,1374.94,1432.30,1391.59,1369.74,1381.16,1366.68,1345.78,1323.47,1399.34,1366.80,1314.83,1349.86
student_1000_9.csv,9,2.3279,100.00,1394.69,1427.71,556.27,0.06,97.85,4.00,0.010000,103.80,116.80,114.00,110.20,112.20,108.20,112.20,114.40,108.20,obj,1662.65,1400.28,1375.21,1398.08,1431.43,1405.07,1409.16,1433.47,1410.89,1456.23,1428.90,1389.69,1426.51,1411.37,1428.10,1420.73,1426.51,1431.91,1412.88,1409.66,1416.36,1393.17,1447.75,1398.78,1430.87,1423.57,1403.47,1396.98,1435.62,1372.87,1383.14,1424.13,1399.55,1430.08,1402.93,1402.06,1417.28,1415.06,1425.30,1390.93,1415.54,1384.90,1424.30,1409.50,1392.96,1452.54,1378.46,1407.27,1390.49,1402.29,1417.30,1420.42,1438.42,1392.72,1412.02,1406.99,1387.23,1424.82,1454.39,1394.58,1426.48,1406.75,1458.90,1428.14,1397.58,1477.24,1442.17,1415.53,1384.54,1376.75,1413.90,1411.38,1428.70,1437.16,1405.29,1416.89,1385.01,1406.90,1412.72,1400.72,1435.64,1394.52,1428.16,1392.93,1434.34,1371.85,1414.35,1394.00,1427.93,1417.09,1379.86,1427.23,1445.27,1389.57,1404.14,1440.17,1370.42,1409.95,1425.46,1427.71
student_1000_10.csv,10,2.5110,100.00,1140.84,1171.52,21053.70,0.07,182.78,4.00,0.010000,105.40,91.40,104.40,94.40,95.80,99.20,100.40,96.80,95.60,116.60,obj,1565.86,1396.10,1448.82,1398.25,1441.65,1412.03,1409.59,1388.38,1412.44,1401.90,1393.26,1375.09,1412.49,1299.96,1281.66,1320.07,1298.58,1297.07,1344.67,1378.74,1318.34,1303.59,1263.71,1307.74,1317.49,1271.22,1301.95,1354.01,1320.27,1233.59,1237.34,1266.29,1239.90,1270.64,1334.40,1293.17,1266.07,1273.47,1342.42,1396.54,1417.46,1354.34,1173.83,1090.09,1238.34,1208.57,1291.15,1300.79,1271.88,1316.48,1246.48,1316.93,1382.41,1284.69,1251.93,1301.97,1378.83,1228.00,1097.31,1328.95,1389.10,1296.48,1125.66,1175.90,1226.08,984.33,1043.40,1224.01,1234.11,1309.75,1255.82,1249.23,1330.33,1247.13,1203.45,1192.96,1088.52,1259.09,1266.21,1278.34,1336.46,1290.85,1107.44,1142.86,1177.69,1205.81,1198.88,1200.05,1198.91,1275.96,1275.22,1189.90,1236.61,1168.85,1324.91,1316.17,1375.07,1365.51,1517.40,1171.52
pricerunner_1000_3.csv,3,0.8261,100.00,2409.22,2433.32,578.07,0.04,306.25,4.00,0.010000,333.20,338.80,328.00,obj,2486.70,2279.34,2307.56,2326.20,2382.93,2380.33,2371.62,2397.43,2368.03,2433.44,2408.97,2413.42,2374.06,2376.45,2400.93,2431.99,2379.59,2416.29,2379.12,2416.23,2385.65,2421.58,2391.29,2410.37,2383.52,2409.32,2414.10,2337.57,2368.78,2407.14,2386.28,2393.01,2396.00,2386.32,2391.29,2367.62,2431.97,2389.00,2390.49,2434.51,2366.88,2403.40,2389.13,2418.75,2369.69,2398.38,2403.40,2408.61,2397.28,2371.90,2412.08,2377.92,2389.44,2362.37,2400.22,2404.40,2390.68,2434.88,2399.74,2417.58,2375.70,2421.40,2405.02,2410.88,2414.00,2401.23,2401.59,2400.57,2406.65,2406.07,2375.30,2402.95,2378.67,2351.04,2431.88,2348.15,2392.97,2432.63,2379.87,2408.66,2388.99,2405.68,2421.99,2387.46,2390.88,2381.52,2420.22,2395.39,2423.81,2414.42,2432.19,2442.14,2434.67,2410.88,2404.32,2390.56,2392.10,2421.10,2383.56,2433.32
pricerunner_1000_4.csv,4,1.0741,100.00,2518.18,2532.85,433.85,0.04,83.03,4.00,0.010000,251.60,250.60,249.40,248.40,obj,2225.08,2339.17,2480.48,2388.93,2512.71,2541.13,2498.19,2561.39,2555.21,2574.51,2557.76,2579.24,2565.04,2556.74,2567.38,2546.87,2527.16,2579.11,2540.19,2557.12,2581.37,2569.84,2542.55,2531.40,2565.21,2565.98,2553.84,2594.51,2547.49,2561.47,2568.48,2531.99,2505.09,2576.39,2542.95,2549.66,2546.76,2582.58,2533.78,2555.66,2578.72,2519.70,2549.39,2583.89,2574.85,2542.69,2585.73,2527.25,2537.28,2526.99,2538.82,2571.00,2549.96,2570.54,2549.70,2549.08,2556.75,2547.65,2521.66,2562.56,2554.38,2547.15,2599.23,2561.33,2522.99,2587.45,2578.13,2549.64,2578.53,2521.35,2572.41,2573.03,2583.87,2571.37,2549.11,2571.95,2549.57,2625.10,2546.60,2530.50,2598.61,2553.56,2539.14,2587.89,2525.53,2520.67,2561.94,2546.73,2568.25,2563.89,2534.12,2587.29,2569.04,2538.25,2544.38,2594.17,2557.26,2538.48,2552.47,2532.85
pricerunner_1000_5.csv,5,1.3049,100.00,2012.41,2022.66,274.20,0.06,60.93,4.00,0.010000,200.40,198.40,204.80,194.00,202.40,obj,2030.18,1958.52,2097.15,2083.76,2076.23,2058.82,2103.25,2134.37,2132.99,2147.94,2201.24,2135.07,2192.04,2150.70,2159.59,2128.81,1986.63,1990.94,2010.01,2007.73,2029.06,1971.86,1979.57,2054.77,1985.66,1987.24,1965.43,1980.60,1990.04,1967.04,1989.77,1979.12,2044.15,1999.43,1973.78,2002.72,1996.18,1998.77,1981.91,1990.25,1997.08,1998.28,2019.53,1984.87,1988.16,1988.93,1997.83,1998.99,2013.14,2031.38,2009.75,2000.72,1968.11,2010.64,1980.85,2014.91,1973.63,1990.06,2039.43,1973.19,2023.04,1979.14,1982.41,2006.04,1998.97,1948.43,1945.41,2000.48,2021.22,1964.67,1977.78,2017.68,1986.91,2004.16,1952.04,2008.25,1988.01,1969.73,2006.23,1984.74,1997.74,1985.31,2025.23,2027.33,2035.18,1936.79,1970.17,1986.23,1968.51,1987.13,1993.99,2024.31,1973.08,2008.31,1992.29,2007.73,2040.59,1980.19,1978.30,2022.66
pricerunner_1000_6.csv,6,1.6049,100.00,2082.69,2046.61,1111.63,0.06,108.18,4.00,0.010000,166.40,170.60,164.00,171.20,154.00,173.80,obj,1976.34,2002.11,1958.69,2057.34,1995.06,1971.82,1990.17,2003.34,1984.03,1996.46,2013.56,1918.15,1939.43,1993.87,1974.08,2006.65,1981.29,1995.33,1968.24,1988.40,2012.98,1972.53,1984.54,2003.19,1949.61,1967.75,1991.79,1916.59,2027.78,1940.19,1955.19,2007.27,1973.87,1964.02,2042.59,2077.66,2012.75,1981.01,1996.09,1978.17,1992.54,1981.12,1946.46,2002.07,2105.77,2027.15,2053.93,1933.92,2029.95,2086.55,1999.99,2066.08,1974.13,2050.27,1982.58,1990.48,2009.42,2019.46,2090.73,2060.46,2077.23,2082.41,2134.33,2062.53,2091.88,2046.87,1965.61,2022.01,2059.08,2083.23,2076.91,2109.67,2057.63,2101.04,2131.99,2065.88,2167.46,2153.00,2063.29,2120.91,2044.61,2129.20,2107.16,2117.51,2079.21,2070.53,2006.24,2168.13,2107.06,2116.27,2112.67,2012.28,2099.09,2097.41,2048.62,2121.68,2137.50,2111.32,2107.71,2046.61
pricerunner_1000_7.csv,7,1.8027,100.00,2029.64,2052.78,141.40,0.04,73.78,4.00,0.010000,153.60,133.80,143.80,142.40,139.60,140.40,146.40,obj,1791.29,1911.08,1901.32,1914.16,1918.51,2002.20,1950.55,1995.00,2010.96,1988.15,1973.23,2003.34,1994.41,1970.53,1949.85,1939.15,1981.08,2000.21,2007.47,1930.35,1966.71,1959.86,1963.67,1975.12,1933.73,1936.51,1940.62,1928.13,1942.26,1993.04,1912.81,1954.86,1894.34,1945.23,1985.88,1986.06,2015.14,1970.67,1933.41,2042.83,1988.17,2058.94,2134.87,2036.56,2017.96,2013.62,2024.12,2033.83,2042.28,2000.29,2013.49,2013.04,1983.11,2052.38,2022.32,2061.64,1965.55,2052.81,2024.15,1972.36,2027.27,2028.56,1999.32,2069.71,2027.35,2031.87,2010.85,2004.91,2103.36,2007.71,2052.37,2082.98,2135.70,2004.14,2045.55,2052.13,2036.97,2056.82,2043.11,2047.75,2084.08,2014.89,2073.23,2026.35,2057.83,2078.25,1985.75,2074.42,2089.79,2050.93,2040.50,1997.91,2087.76,2059.96,2102.24,2033.00,2092.41,1990.16,2011.37,2052.78
pricerunner_1000_8.csv,8,2.0395,100.00,1788.73,1814.32,895.73,0.05,125.29,4.00,0.010000,126.60,125.20,124.60,126.60,121.00,125.20,122.80,128.00,obj,1721.97,1757.97,1762.78,1821.81,1768.49,1848.11,1870.70,1875.32,1914.46,1868.23,1896.23,1870.27,1846.89,1853.00,1840.66,1834.45,1778.25,1807.16,1849.67,1845.09,1807.09,1894.72,1839.00,1874.24,1836.62,1859.57,1859.91,1829.39,1891.00,1825.12,1851.61,1868.53,1836.27,1808.19,1855.87,1822.79,1821.28,1835.68,1766.52,1827.06,1811.26,1832.42,1801.93,1792.18,1801.90,1833.56,1738.62,1791.64,1790.16,1805.60,1807.62,1834.65,1850.10,1809.06,1786.05,1821.86,1768.68,1803.16,1786.70,1755.81,1793.99,1774.10,1810.37,1813.60,1818.43,1792.24,1794.48,1836.99,1814.64,1777.05,1813.88,1837.08,1791.38,1809.89,1751.45,1779.18,1781.73,1798.61,1788.91,1818.18,1766.63,1795.28,1799.45,1798.66,1805.90,1814.84,1778.80,1757.33,1799.01,1809.80,1777.13,1794.50,1774.27,1757.07,1813.63,1804.43,1815.58,1770.96,1770.38,1814.32
pricerunner_1000_9.csv,9,2.2782,100.00,1591.39,1619.82,460.78,0.15,61.13,4.00,0.010000,113.00,108.40,108.00,110.40,114.80,120.80,113.00,101.20,110.40,obj,1621.30,1652.52,1636.04,1673.71,1670.36,1729.18,1697.93,1695.42,1653.40,1726.02,1636.43,1672.59,1662.49,1700.65,1606.95,1673.81,1663.87,1658.21,1640.40,1646.71,1679.60,1666.05,1710.11,1686.85,1692.33,1661.65,1630.76,1695.31,1675.61,1677.00,1646.65,1648.45,1636.38,1604.19,1625.70,1669.07,1654.90,1722.76,1662.93,1682.02,1658.37,1677.67,1653.96,1676.66,1620.83,1703.44,1689.73,1674.87,1621.84,1654.03,1571.55,1653.28,1624.30,1608.70,1644.57,1681.27,1638.10,1651.56,1606.88,1611.72,1699.30,1628.81,1619.38,1692.13,1625.77,1649.72,1634.47,1637.75,1656.71,1677.82,1693.80,1697.98,1732.74,1665.17,1638.28,1643.93,1630.99,1622.49,1710.02,1649.92,1603.19,1582.36,1651.35,1639.07,1656.46,1649.63,1622.79,1642.49,1645.47,1656.20,1689.65,1593.84,1723.89,1640.59,1690.51,1655.93,1663.50,1660.90,1665.53,1619.82
pricerunner_1000_10.csv,10,2.1387,100.00,1742.49,1769.89,308.10,0.04,208.12,4.00,0.010000,97.00,97.60,99.20,100.40,109.20,94.80,101.80,94.80,105.80,99.40,obj,1678.53,1658.86,1693.34,1719.10,1727.48,1738.33,1733.96,1780.19,1836.26,1774.35,1781.06,1716.77,1693.98,1789.63,1756.27,1759.98,1758.92,1804.15,1723.75,1783.36,1722.04,1731.55,1709.45,1691.72,1764.82,1706.32,1687.00,1692.78,1752.25,1765.97,1728.45,1735.69,1780.91,1732.30,1740.76,1673.00,1780.15,1820.41,1788.40,1750.14,1761.02,1822.76,1712.95,1676.36,1748.99,1748.35,1712.34,1730.79,1762.64,1758.16,1777.99,1787.16,1766.69,1745.56,1797.85,1689.65,1714.65,1776.19,1749.26,1773.06,1730.09,1693.75,1756.95,1761.37,1655.84,1752.55,1711.24,1697.07,1759.71,1718.21,1689.12,1757.04,1730.81,1737.38,1714.83,1783.41,1698.49,1733.63,1738.33,1774.80,1782.27,1756.42,1784.94,1774.94,1715.79,1731.74,1793.83,1702.77,1653.06,1740.21,1762.34,1757.75,1726.70,1736.62,1771.50,1720.06,1810.25,1713.38,1752.99,1769.89
cohort_1000_3.csv,3,0.6772,100.00,2168.13,2175.68,268.93,0.00,147.72,4.00,0.010000,336.60,337.20,326.20,obj,2523.86,2286.77,2250.97,2136.48,2082.42,2055.17,2020.25,2074.44,2003.51,2105.80,2039.23,2058.04,2102.17,2097.81,2014.40,2048.15,2044.78,2013.97,2012.12,2074.63,2102.05,2058.23,2099.88,2076.07,2032.84,2017.27,2002.63,2065.56,2030.01,2036.55,2079.91,2056.82,2061.17,2135.71,2060.61,2122.27,2085.60,2116.29,2113.07,2077.14,2137.29,2093.53,2127.56,2055.18,2099.46,2043.05,2066.38,2131.81,2039.11,2115.30,2096.53,2107.64,2063.83,2132.21,2070.38,2085.12,2074.57,2160.09,2118.82,2137.70,2131.62,2160.27,2190.26,2159.76,2164.16,2091.90,2141.25,2122.63,2123.79,2137.80,2182.26,2184.30,2153.43,2151.47,2188.21,2180.05,2150.76,2197.48,2186.18,2155.75,2203.88,2173.86,2137.51,2168.42,2125.06,2206.12,2163.45,2161.30,2145.13,2168.09,2161.18,2149.41,2143.34,2188.00,2136.01,2182.39,2165.53,2166.44,2156.57,2175.68
cohort_1000_4.csv,4,0.8983,100.00,1987.23,2000.89,304.65,0.00,18.48,4.00,0.010000,249.00,256.60,246.20,248.20,obj,2399.43,2198.61,2042.38,2217.29,2075.91,2066.85,2078.88,2011.05,2017.34,1986.33,2038.32,2018.17,2014.02,2015.33,2003.93,2043.88,2007.72,1950.09,1959.51,1994.00,2005.66,2043.14,1986.66,1988.06,1983.91,1979.60,1992.60,2025.81,2000.12,1977.83,1984.14,2013.13,1996.24,1969.36,2009.91,2002.96,1963.38,2006.29,2013.17,1994.06,1993.54,1982.38,1964.48,1995.59,1969.50,1989.50,1996.59,1971.13,1979.50,1976.97,1968.38,1987.08,2035.32,2012.11,1961.61,1973.26,1975.51,1983.22,1985.72,2008.72,2002.33,2002.98,1981.68,1970.23,1969.13,1991.65,1969.22,1991.89,2006.94,1980.83,1988.32,1998.41,1971.27,1981.57,1955.26,1957.82,1989.65,2000.58,2004.63,1972.65,2001.00,1964.03,1964.34,1977.20,1969.43,1980.92,1998.46,1970.54,1972.70,1975.18,1994.06,1958.63,1983.54,1972.41,2025.50,1971.72,1989.35,1987.20,1972.00,2000.89
cohort_1000_5.csv,5,1.0962,100.00,1788.53,1806.08,503.60,0.01,162.72,4.00,0.010000,214.40,198.80,185.60,199.40,201.80,obj,2240.27,1910.53,2033.48,1899.80,1837.20,1909.21,2009.07,1819.43,1740.04,1776.91,1863.24,1912.86,1781.45,1838.15,1826.58,1795.32,1796.76,1902.69,1784.22,1749.31,1787.78,1812.51,1754.86,1878.73,1830.37,2005.15,1852.00,1941.31,2027.36,1865.61,1845.54,1740.76,1747.01,1789.65,1811.26,1925.59,1779.47,1709.43,1783.05,1702.17,1670.86,1767.50,1866.28,1717.91,1757.89,1729.88,1832.10,1715.18,1786.32,1713.54,1674.33,1845.34,1739.52,1745.65,1776.36,1754.60,1607.91,1887.60,1824.70,1769.85,1659.10,1776.14,1766.21,1787.39,1799.64,1699.64,1815.50,1781.18,1770.16,1689.74,1836.92,1721.34,1734.96,1714.32,1644.23,1807.27,1827.68,1716.00,1703.71,1620.96,1763.87,1793.51,1681.00,1832.19,1632.86,1652.04,1744.34,1741.75,1766.83,1806.78,1770.96,1749.22,1721.05,1733.45,1817.04,1853.05,1830.40,1794.34,1846.98,1806.08
cohort_1000_6.csv,6,1.3186,100.00,1805.57,1938.45,4424.97,0.01,296.58,4.00,0.010000,166.20,173.60,182.60,159.40,162.20,156.00,obj,2203.46,1847.66,1642.31,1681.00,1756.55,1835.26,1934.78,1725.92,1751.87,1793.98,2017.40,2032.43,2005.41,1859.34,1913.94,1983.41,1889.79,1897.51,1923.67,1833.50,1958.55,1929.46,2090.89,1953.03,1965.11,1979.88,1907.92,1892.02,1992.85,2039.12,1913.10,1923.33,1865.31,1866.88,1760.15,1812.89,1928.98,1861.77,1855.00,1930.20,1890.90,1937.41,1923.13,1912.76,1947.38,1918.58,1817.40,1941.12,1916.66,1894.26,1933.15,1913.36,1893.25,1892.70,1865.12,1829.98,1913.72,1906.14,1808.58,1829.03,1779.35,1834.54,1971.31,1788.16,1862.29,1876.05,1907.04,1920.50,1851.56,1835.86,1850.21,2059.97,1907.88,1876.98,1937.57,1940.46,1882.66,1896.31,1887.18,1947.71,1969.20,1781.08,1788.15,1839.96,1848.33,1847.46,1823.66,1796.33,1997.11,2050.32,2101.94,2198.17,2172.21,2113.29,2078.97,1858.53,1776.21,1775.70,1843.98,1938.45
cohort_1000_7.csv,7,1.5424,100.00,1832.17,1815.57,2469.23,0.01,76.49,4.00,0.010000,142.40,136.20,140.80,142.80,150.00,140.20,147.60,obj,2380.07,2020.41,1784.34,1726.43,1756.44,1740.53,1717.28,1869.40,1868.33,1817.33,1817.98,1805.17,1791.99,1836.60,1783.39,1755.85,1908.52,1890.30,1931.09,1882.38,1916.29,1880.56,1801.70,1768.57,1895.44,1868.66,1776.47,1852.96,1858.98,1905.82,1886.76,1857.88,1799.24,1864.78,1914.85,1873.57,1927.41,1813.11,1877.89,1836.60,1765.73,1793.41,1846.65,1853.35,1836.79,1821.97,1771.29,1808.42,1820.01,1824.97,1775.66,1858.20,1867.59,1834.26,1866.48,1878.81,1816.12,1877.24,1793.96,1774.26,1796.49,1881.55,1880.50,1728.53,1987.04,1798.92,1837.68,1805.37,1793.87,1717.86,1819.92,1833.98,1947.35,1981.78,2008.21,1976.43,1716.88,1791.35,1740.17,1732.06,1773.51,1830.06,1850.79,1774.51,1935.69,1828.86,1801.70,1859.15,1780.21,1802.15,1798.81,1816.53,1912.30,1843.70,1834.00,1856.55,1776.63,1776.79,1837.72,1815.57
cohort_1000_8.csv,8,1.7582,100.00,1641.40,1666.38,271.32,0.01,108.20,4.00,0.010000,128.80,122.00,110.80,144.20,114.40,127.80,128.20,123.80,obj,2387.67,1931.33,1910.43,1927.66,2381.93,2366.93,2100.18,2116.61,1822.97,1946.58,2102.77,2118.24,2272.24,1612.02,1699.89,1743.57,1828.85,1977.76,1633.26,1508.04,1713.90,1859.48,1804.01,1964.89,2056.38,1666.92,1752.07,1893.45,1953.41,2011.56,1662.60,1751.16,1735.10,1742.53,2091.38,2168.81,2199.03,2389.85,1970.60,1865.40,1841.25,2008.17,1556.38,1586.56,1668.56,2005.01,2262.05,2184.21,2251.99,1899.39,1690.92,1791.78,1692.44,1660.51,1689.78,1776.10,2021.28,2177.38,2325.91,2530.87,2250.21,2024.68,2133.32,1308.04,1406.39,1477.14,1594.05,1619.32,1502.03,1559.70,1676.23,1568.73,1606.55,1693.28,1718.98,1655.65,1651.35,1624.85,1630.40,1599.93,1539.92,1659.24,1741.31,1550.03,1539.91,1577.20,1587.01,1647.29,1632.41,1578.73,1594.23,1655.74,1650.28,1576.99,1681.28,1747.98,1629.03,1526.06,1688.44,1666.38
cohort_1000_9.csv,9,1.9651,100.00,1591.73,1629.60,24915.38,0.01,228.29,4.00,0.010000,109.00,114.60,108.40,100.60,99.00,114.20,100.80,114.00,139.40,obj,2270.61,1634.24,1591.93,1673.38,1675.57,1696.82,1710.44,1558.72,1698.67,1832.12,1734.13,1613.22,1624.93,1562.42,1499.89,1595.90,1792.98,1724.20,1529.71,1580.14,1565.93,1385.25,1459.04,1546.81,1794.93,1885.93,2188.30,1673.39,1649.81,1389.00,1402.30,1576.61,1414.54,1836.37,1590.69,1518.17,1584.71,1524.77,1718.02,1814.19,1670.73,1792.54,1629.53,1432.12,1383.25,1373.37,1412.25,1673.97,1687.23,1716.80,1599.43,1471.60,1561.57,1557.87,1481.44,1572.40,1690.33,1484.05,1545.35,1569.93,1671.68,1653.81,1800.70,2093.48,2055.65,2128.55,2094.46,1427.30,1384.25,1338.92,1397.98,1511.77,1635.47,1737.57,1590.05,1606.69,1693.54,1724.80,1692.38,1858.26,2200.66,1661.70,1484.92,1468.70,1539.11,1407.14,1480.95,1372.97,1417.80,1513.78,1859.85,2046.77,1940.74,1955.67,1761.61,1835.80,1893.08,1148.27,1363.34,1629.60
cohort_1000_10.csv,10,2.1755,100.00,1746.63,1988.14,10715.30,0.01,494.55,4.00,0.010000,101.00,130.40,93.00,95.40,96.20,104.60,102.20,122.00,81.00,74.20,obj,2507.25,1746.11,1708.30,1924.63,2177.34,1830.39,1900.08,2193.91,2323.99,1843.49,2174.88,1880.89,1408.69,1430.93,1628.88,1528.25,1535.16,1584.89,1661.72,1563.55,1865.74,1983.10,2002.76,1980.14,1971.40,1136.51,1196.08,1406.75,1633.15,1688.23,1991.18,2002.81,2065.09,1503.71,1554.75,1559.91,1429.25,1605.60,1626.53,1623.79,1682.98,1684.05,1719.17,1653.58,1784.57,1597.94,1616.03,1605.68,1523.73,1674.53,1687.53,1673.15,1711.81,1647.73,1633.47,1678.68,1773.43,1629.57,1543.78,1445.79,1527.58,1464.02,1463.55,1542.73,1693.79,1817.25,1828.17,1668.61,1661.71,1652.09,1629.32,1640.84,1748.11,1634.73,1638.30,1694.86,1663.31,1756.30,1548.94,1560.38,1740.50,1709.75,1736.69,1706.90,1678.44,1590.33,1666.61,1672.70,1747.27,1545.37,1640.76,1585.27,1633.65,1628.14,1655.93,1647.37,1549.10,1609.85,1741.06,1988.14
diabeteshealthindicators1_1000_3.csv,3,0.7185,100.00,18819.73,18821.17,123.80,0.02,42.62,4.00,0.010000,330.60,333.80,335.60,obj,19567.44,19096.16,19042.33,18926.05,18957.51,18917.07,18918.42,18949.58,18936.64,18949.80,19038.87,18973.49,18968.67,18925.30,18939.01,18886.74,18981.58,18880.65,18896.19,18923.48,18896.44,18892.40,18956.30,18868.87,18908.35,18917.30,18874.54,18866.45,18960.80,18924.86,18901.48,18932.01,18895.24,18892.97,18921.30,19020.99,18925.60,18948.34,18923.72,18913.44,18874.34,18978.45,18956.54,19000.76,18959.07,18924.41,18921.20,18932.82,18907.09,18896.11,19002.50,18901.41,18882.42,18927.19,18962.42,18873.67,18886.06,18910.16,18899.82,18898.58,18845.66,18846.85,18815.18,18821.92,18823.66,18856.22,18824.21,18802.36,18859.70,18862.31,18786.19,18861.80,18828.85,18876.39,18889.13,18824.87,18869.81,18828.38,18837.09,18906.92,18892.51,18861.58,18824.63,18868.01,18820.60,18892.26,18848.15,18865.49,18824.53,18871.95,18858.45,18825.89,18918.40,18842.94,18861.51,18866.08,18845.24,18820.47,18810.29,18821.17
diabeteshealthindicators1_1000_4.csv,4,0.9581,100.00,18865.14,18826.73,437.85,0.01,92.81,4.00,0.010000,245.60,243.20,255.20,256.00,obj,19222.45,18807.67,18861.03,18846.21,18876.75,18871.14,18925.15,18898.57,18937.51,18887.14,18950.40,18888.84,18919.36,18888.30,18946.04,18935.05,18865.41,18871.73,18866.58,18862.52,18855.78,18834.31,18846.41,18887.41,18826.86,18921.38,18933.11,18871.76,18853.03,18907.39,18815.10,18860.45,18875.63,18894.90,18875.98,18835.95,18853.56,18921.44,18851.95,18875.17,18828.11,18846.24,18831.76,18853.40,18848.00,18884.24,18859.14,18796.27,18840.49,18872.52,18836.12,18851.77,18825.15,18898.82,18862.82,18857.92,18829.40,18813.09,18873.40,18893.64,18862.56,18855.61,18848.46,18873.79,18839.90,18911.55,18869.14,18938.11,18841.10,18810.50,18937.64,18863.01,18904.72,18870.23,18850.91,18854.88,18824.70,18831.40,18856.96,18910.05,18812.60,18837.10,18851.20,18911.81,18882.36,18912.44,18836.26,18874.11,18860.22,18861.59,18959.97,18877.29,18989.12,18882.09,18837.28,18934.85,18893.15,18901.72,18938.97,18826.73
diabeteshealthindicators1_1000_5.csv,5,1.1594,100.00,18548.98,18565.10,217.40,0.01,43.03,4.00,0.010000,199.80,197.40,205.40,194.60,202.80,obj,18702.63,18376.42,18481.26,18550.33,18582.13,18651.62,18626.09,18624.90,18637.22,18626.96,18627.07,18748.94,18731.14,18672.40,18697.30,18687.63,18667.94,18667.11,18640.92,18637.42,18601.05,18657.39,18661.69,18665.49,18662.49,18688.63,18684.95,18677.82,18747.78,18586.90,18629.59,18632.16,18661.40,18648.53,18616.32,18615.66,18629.15,18617.23,18564.82,18669.45,18645.23,18643.06,18567.05,18556.60,18606.90,18590.91,18464.51,18602.54,18577.44,18575.49,18600.65,18605.99,18620.80,18566.24,18585.55,18547.96,18572.41,18512.28,18486.16,18564.56,18527.55,18614.94,18547.10,18536.92,18559.91,18543.39,18532.52,18505.60,18575.37,18573.03,18508.70,18545.13,18569.94,18569.79,18515.48,18547.67,18529.87,18489.34,18528.24,18485.34,18476.68,18496.29,18520.30,18539.76,18489.93,18506.68,18512.41,18479.74,18496.09,18498.45,18529.43,18506.62,18550.21,18581.78,18581.78,18561.37,18556.14,18519.86,18535.25,18565.10
diabeteshealthindicators1_1000_6.csv,6,1.3698,100.00,18660.44,18666.37,572.43,0.01,73.60,4.00,0.010000,158.20,171.20,168.20,161.20,171.40,169.80,obj,18754.42,18387.66,18376.24,18402.53,18480.77,18508.91,18545.45,18582.29,18549.95,18567.86,18571.40,18504.19,18612.79,18589.44,18673.29,18672.70,18599.81,18635.35,18697.22,18715.72,18700.34,18781.73,18689.75,18714.59,18661.30,18720.96,18644.03,18734.65,18672.17,18649.61,18680.54,18656.63,18703.97,18663.59,18707.38,18717.25,18658.71,18676.02,18663.14,18642.81,18659.10,18648.71,18660.81,18626.77,18689.13,18635.66,18621.39,18526.02,18617.03,18564.17,18624.42,18642.26,18585.53,18602.45,18662.65,18669.38,18685.38,18627.66,18609.89,18588.72,18631.23,18747.06,18709.78,18682.36,18709.19,18600.33,18586.09,18648.62,18686.01,18675.96,18649.19,18614.64,18646.76,18708.78,18607.19,18658.39,18596.40,18662.30,18570.92,18751.13,18691.96,18719.35,18650.80,18722.17,18627.36,18595.30,18638.53,18697.32,18690.75,18708.85,18689.81,18606.87,18691.86,18714.79,18589.38,18628.30,18748.45,18645.05,18691.88,18666.37
diabeteshealthindicators1_1000_7.csv,7,1.5797,100.00,18380.74,18416.41,418.91,0.01,58.83,4.00,0.010000,142.40,135.40,141.60,143.00,143.20,144.60,149.80,obj,18900.41,18218.38,18279.85,18268.51,18311.03,18293.61,18274.81,18294.05,18269.53,18253.18,18244.47,18329.33,18359.01,18317.31,18357.34,18410.33,18336.09,18388.41,18305.53,18272.39,18219.16,18345.05,18323.19,18398.16,18415.39,18394.45,18366.73,18358.81,18292.40,18305.13,18376.88,18352.53,18388.73,18282.96,18380.98,18358.43,18277.37,18380.17,18365.90,18341.64,18389.57,18319.40,18329.77,18287.86,18332.89,18355.49,18345.77,18352.56,18357.64,18379.88,18473.31,18371.00,18341.86,18351.85,18414.32,18297.03,18313.60,18377.14,18434.11,18323.20,18400.46,18315.36,18356.11,18445.46,18360.95,18304.23,18286.05,18389.34,18454.28,18359.76,18394.24,18340.57,18379.60,18318.07,18338.69,18427.43,18380.31,18389.10,18470.89,18448.44,18501.24,18376.60,18341.78,18316.33,18308.56,18287.95,18304.93,18349.52,18401.17,18404.63,18389.89,18356.82,18371.62,18464.70,18392.06,18368.45,18386.71,18389.39,18421.95,18416.41
diabeteshealthindicators1_1000_8.csv,8,1.7834,100.00,18046.68,18072.72,759.73,0.01,171.62,4.00,0.010000,117.20,133.00,124.00,124.20,126.60,126.80,129.40,118.80,obj,18135.32,18115.96,18301.79,18537.82,18024.91,18150.18,18176.28,18180.55,18167.83,18099.75,18152.75,18108.75,18092.72,18117.47,18068.72,18105.01,18037.28,17945.82,18126.45,18074.63,18055.43,18033.22,18038.64,18062.63,18094.98,18139.92,18123.21,18059.84,18127.45,18148.51,18106.93,18099.82,18084.65,18064.50,18104.87,18177.98,18095.10,18057.86,18030.79,18012.24,18094.41,18054.03,18157.94,18180.81,18042.92,18098.08,18058.04,18114.41,18082.73,18073.50,18105.07,18110.57,18041.57,17993.32,18076.03,17951.26,18088.68,18124.58,17999.39,18030.99,18014.27,18061.04,18126.24,18055.50,18090.16,18086.61,18025.24,18086.95,18067.53,18118.19,18086.17,18122.23,18191.96,18024.66,18109.86,18072.43,18047.07,18032.51,18038.30,18007.80,18099.29,17979.58,18134.20,18018.15,18136.47,18048.73,18182.56,18020.04,18010.15,18106.17,18008.24,18171.24,18051.87,18090.71,18124.54,18005.73,18056.39,18038.19,18088.96,18072.72
diabeteshealthindicators1_1000_9.csv,9,2.0216,100.00,18316.41,18321.16,106.84,0.01,43.31,4.00,0.010000,117.60,116.00,109.40,111.20,113.80,110.20,101.60,108.80,111.40,obj,17855.57,17858.46,18048.72,18104.43,18225.57,18230.44,18253.07,18209.21,18210.47,18168.45,18186.17,18310.08,18265.45,18261.99,18280.94,18295.36,18284.04,18302.46,18369.42,18321.06,18201.35,18327.73,18235.38,18217.35,18240.81,18309.13,18252.44,18245.96,18277.27,18191.62,18217.66,18217.14,18262.34,18233.99,18262.33,18266.84,18202.33,18226.53,18239.28,18245.24,18250.20,18307.58,18265.78,18225.37,18239.61,18279.01,18272.52,18255.12,18216.53,18258.90,18309.77,18249.55,18338.54,18289.48,18262.98,18236.85,18283.10,18287.47,18252.18,18245.87,18288.59,18259.84,18212.74,18231.33,18246.27,18294.03,18241.13,18269.28,18275.51,18225.49,18322.41,18281.53,18316.44,18210.89,18267.10,18244.08,18257.91,18274.75,18229.12,18255.49,18237.21,18197.36,18273.40,18201.62,18250.34,18245.57,18342.52,18279.56,18234.63,18251.09,18291.54,18285.66,18356.51,18283.79,18251.60,18277.28,18237.80,18241.82,18337.16,18321.16
diabeteshealthindicators1_1000_10.csv,10,2.2038,100.00,18005.52,17954.01,2486.50,0.01,145.12,4.00,0.010000,103.20,102.40,96.80,103.40,100.20,97.20,90.40,98.40,98.20,109.80,obj,17830.88,17814.03,17866.26,17873.72,18006.95,17939.21,18014.47,17996.72,17891.72,18082.63,17893.93,17948.41,18002.01,17865.24,18000.90,17939.95,18105.12,18041.13,17806.56,17795.81,17836.97,17880.72,17891.66,17840.41,17954.69,17974.62,18024.18,18012.02,18097.66,18021.71,17900.57,17992.15,17921.22,17944.90,17925.97,17932.07,18026.59,17957.92,17979.54,17907.48,18063.87,17994.62,18006.89,17767.57,17891.73,17871.38,17896.89,17979.29,17898.60,17908.80,18076.67,17944.95,17980.98,17932.54,17854.77,17994.56,18030.20,18109.92,18036.84,18171.18,17975.19,18115.43,17958.77,18047.01,17915.64,18044.78,17952.60,17889.10,17907.83,17876.86,18040.90,17984.99,18068.15,17998.99,17937.07,18035.90,17963.95,18085.51,18020.44,18064.89,18130.60,17984.06,18057.81,18121.00,18112.20,18011.11,18006.41,18021.02,18025.72,17939.21,17935.72,17949.10,18039.74,17962.33,17958.13,17905.52,18088.33,18008.63,17960.85,17954.01
NHANES_1000_3.csv,3,0.6976,100.00,7472.75,7500.08,435.07,0.01,58.49,4.00,0.010000,336.20,336.40,327.40,obj,8230.41,7557.73,7516.93,7530.56,7536.03,7498.77,7550.02,7536.64,7533.20,7509.93,7509.90,7536.05,7573.61,7501.20,7506.10,7517.85,7482.16,7520.47,7498.36,7526.99,7546.05,7525.81,7491.69,7518.29,7540.25,7530.51,7535.75,7536.44,7539.45,7521.48,7517.69,7590.60,7516.82,7576.41,7539.14,7545.36,7570.78,7524.61,7501.08,7539.93,7527.72,7543.92,7557.42,7504.54,7530.89,7477.30,7501.33,7483.58,7518.42,7507.97,7505.73,7468.93,7494.64,7493.96,7506.90,7488.03,7488.14,7523.90,7489.71,7526.54,7448.53,7477.80,7506.67,7496.20,7502.17,7516.44,7502.81,7480.52,7528.14,7498.76,7520.86,7473.72,7504.82,7509.81,7516.80,7461.89,7497.14,7511.09,7462.70,7493.82,7487.18,7548.52,7472.07,7536.61,7515.75,7536.87,7547.39,7491.50,7487.54,7541.02,7494.19,7534.51,7490.89,7486.88,7498.00,7506.57,7519.41,7506.75,7496.44,7500.08
NHANES_1000_4.csv,4,0.9135,100.00,7089.34,7089.70,742.65,0.01,73.73,4.00,0.010000,263.40,247.00,240.00,249.60,obj,7842.16,7235.44,7255.28,7136.35,7131.99,7101.57,7117.15,7030.17,7080.33,7053.65,7046.00,7068.88,7106.58,7167.07,7116.22,7111.64,7052.66,7076.17,7057.71,7139.76,7137.42,7130.87,7102.05,7044.00,7084.01,7095.55,7062.88,7119.27,7128.37,7103.88,7047.53,7090.47,7042.68,7113.78,7067.50,7056.53,7067.67,7114.10,7099.97,7055.50,7070.04,7121.29,7091.20,7114.67,7085.91,7076.81,7109.03,7098.61,7079.75,7101.42,7025.75,7047.56,7111.48,7068.93,7105.91,7110.65,7079.00,7111.09,7039.09,7092.15,7077.95,7077.20,7170.55,7103.64,7090.64,7142.97,7060.32,7086.32,7094.09,7080.17,7103.48,7101.95,7112.35,7141.94,7091.53,7067.83,7117.00,7126.63,7037.67,7116.15,7078.89,7126.98,7196.42,7164.42,7155.93,7080.35,7062.67,7128.65,7037.65,7064.87,7059.29,7068.53,7075.43,7042.29,7120.48,7151.60,7116.32,7106.73,7140.94,7089.70
NHANES_1000_5.csv,5,1.1358,100.00,7182.21,7192.42,561.60,0.01,133.28,4.00,0.010000,222.40,196.00,186.20,197.60,197.80,obj,7565.55,7274.76,7209.16,7193.36,7188.06,7199.19,7187.05,7211.43,7220.55,7192.28,7201.55,7187.85,7111.86,7161.48,7096.65,7116.59,7147.89,7202.71,7177.23,7211.42,7175.27,7177.21,7192.60,7163.74,7141.53,7195.59,7148.20,7174.72,7132.65,7219.58,7123.67,7113.23,7163.83,7146.51,7102.99,7212.27,7194.03,7135.87,7209.15,7143.39,7171.51,7155.97,7182.66,7143.44,7141.85,7137.27,7178.77,7182.07,7180.18,7138.25,7164.93,7153.05,7211.10,7196.75,7141.82,7205.10,7254.78,7182.33,7202.15,7243.65,7157.33,7110.87,7154.62,7162.68,7210.16,7165.32,7183.32,7176.40,7259.83,7198.82,7074.82,7208.99,7169.93,7210.60,7138.17,7183.77,7188.94,7147.44,7122.87,7178.72,7122.16,7197.01,7166.31,7207.54,7171.42,7124.65,7178.82,7158.16,7197.06,7175.38,7152.04,7179.99,7196.20,7172.48,7152.42,7120.02,7214.42,7183.04,7187.01,7192.42
NHANES_1000_6.csv,6,1.3518,100.00,6980.85,6993.18,2176.97,0.01,120.92,4.00,0.010000,164.40,170.60,160.20,165.60,164.80,174.40,obj,7232.26,7068.64,6950.54,6961.99,7029.84,7033.09,7074.69,7014.06,7102.03,6990.54,7109.06,6986.49,7031.59,7040.70,7091.88,6991.11,7029.69,7041.33,7147.05,7022.81,6986.74,7068.44,7027.18,7027.84,7062.38,7086.86,7036.74,7044.28,7050.27,7012.48,7012.26,7050.11,7088.01,6965.17,7033.97,7070.19,7058.02,7040.17,7086.73,7076.73,7128.76,7042.51,7008.11,6980.47,6934.65,7089.76,6998.20,7041.27,7125.94,6994.06,7096.60,7127.21,7089.89,6951.07,7035.70,7079.02,7035.81,7059.39,7071.76,7029.92,7003.87,7044.75,6992.23,7039.53,7074.48,6971.40,6964.46,7098.85,7059.72,7056.75,7074.75,6996.11,7046.34,7044.93,7072.74,7021.87,6985.95,6951.42,7067.49,6992.76,7102.40,7032.05,6965.98,7011.36,6969.45,6939.73,6999.83,7033.37,6966.15,7104.50,7048.72,7066.19,7011.81,7018.76,6978.81,7005.60,7062.67,7018.41,7021.47,6993.18
NHANES_1000_7.csv,7,1.5686,100.00,7161.32,7159.50,316.23,0.01,116.44,4.00,0.010000,138.80,143.00,145.20,144.20,146.60,142.00,140.20,obj,7327.16,7103.33,7052.30,7011.31,6971.33,7016.04,6952.18,6958.29,6983.80,6952.93,6985.10,7081.82,6990.34,6963.95,6872.53,7000.12,7058.35,6948.53,7067.04,7045.18,6987.95,7035.74,7010.58,7031.26,7033.48,7029.25,7077.57,7009.47,7071.47,7036.04,7057.98,7104.06,7141.72,7041.51,7066.43,7175.17,7047.94,7095.85,7220.37,7120.40,7107.48,7143.06,7125.96,7061.31,7166.59,7121.12,7090.23,7097.25,7092.80,7074.13,7140.36,7040.86,7105.57,7022.04,7062.22,7182.47,7186.39,7161.40,7069.67,7122.16,7121.10,7144.23,7049.80,7159.27,7109.66,7075.30,7107.38,7061.99,7010.47,7067.21,7187.45,7090.17,7070.24,7054.25,7080.40,7062.70,7102.38,7167.24,7023.50,7172.48,7089.80,7102.79,7072.19,7151.39,7229.29,7077.59,7104.38,7133.04,7163.19,7126.79,7079.91,7112.12,7187.44,7184.05,7058.69,7170.73,7068.27,7092.49,7084.77,7159.50
NHANES_1000_8.csv,8,1.7696,100.00,6919.66,6992.25,1110.92,0.01,191.49,4.00,0.010000,133.00,123.60,129.60,122.80,117.40,134.80,118.00,120.80,obj,6872.80,6902.60,7028.20,7018.98,7017.72,6952.22,7005.42,6743.71,6779.09,6980.25,6886.90,7015.19,6924.53,6915.77,6994.66,6954.19,6818.29,6860.18,6867.66,6890.74,6989.31,6906.32,6800.79,6845.32,6949.67,6897.31,6910.75,6826.69,6941.12,6777.56,6904.75,6820.77,6938.18,6887.73,6936.36,6963.52,6982.66,6919.05,6808.66,6853.81,6892.33,7032.62,6968.23,6805.21,6845.39,6964.44,6970.81,6874.06,6888.39,6882.99,6927.51,6965.59,6995.58,6965.25,6874.15,6969.86,6891.68,6877.35,6879.91,6920.11,6773.26,6920.08,7016.87,6969.02,6939.68,6914.85,6811.12,6890.21,6880.87,6979.41,6887.07,6801.44,6915.95,6974.45,6966.84,6893.11,6926.69,6848.91,6925.45,6939.96,6892.87,6904.12,6924.55,6921.05,6853.28,6887.31,6959.83,6961.06,6937.41,6906.05,6856.66,6935.29,6937.00,7047.27,6970.12,6875.43,6735.21,6935.66,6821.61,6992.25
NHANES_1000_9.csv,9,1.9898,100.00,6694.81,6843.74,3465.47,0.01,254.11,4.00,0.010000,109.40,125.20,111.60,100.40,111.60,109.80,109.40,117.60,105.00,obj,6765.11,6800.67,6872.57,6877.37,6784.83,6739.63,6636.37,6888.75,6651.82,6798.18,6727.42,6634.54,6750.04,6705.64,6667.27,6696.90,6769.68,6629.25,6818.61,6756.40,6701.22,6712.36,6585.11,6639.40,6693.10,6785.20,6596.40,6672.89,6606.73,6686.65,6740.85,6760.37,6835.45,6777.33,6709.91,6663.57,6615.03,6800.30,6769.32,6774.93,6762.25,6861.95,6804.38,6695.15,6681.70,6692.70,6855.87,6776.56,6683.05,6755.93,6793.57,6752.59,6519.51,6563.88,6684.03,6616.87,6685.07,6622.46,6712.43,6691.99,6647.64,6583.01,6584.61,6723.18,6684.99,6577.67,6677.40,6655.10,6577.94,6595.72,6533.27,6668.74,6697.64,6717.61,6647.25,6605.97,6707.09,6618.91,6648.21,6630.70,6639.51,6735.70,6771.83,6639.00,6609.28,6689.51,6747.96,6658.44,6658.03,6645.54,6632.83,6655.12,6600.13,6635.82,6802.07,6681.13,6684.56,6777.85,6806.03,6843.74
NHANES_1000_10.csv,10,2.1893,100.00,6607.81,6593.07,884.90,0.01,110.29,4.00,0.010000,102.40,93.40,109.20,106.20,89.40,101.20,89.20,110.20,95.00,103.80,obj,6791.97,6670.00,6677.27,6543.89,6690.77,6717.85,6784.10,6669.84,6827.98,6602.53,6723.93,6614.09,6618.44,6725.85,6685.81,6594.69,6731.17,6682.67,6636.65,6642.34,6597.98,6702.91,6687.51,6811.92,6799.62,6772.96,6546.38,6620.03,6639.29,6665.48,6629.01,6686.41,6623.53,6689.34,6732.60,6852.11,6680.39,6686.74,6724.58,6580.32,6674.11,6800.32,6682.48,6646.32,6635.37,6793.94,6696.56,6656.22,6680.08,6653.95,6730.70,6648.42,6638.21,6670.62,6672.95,6695.98,6649.39,6703.28,6681.00,6556.06,6680.97,6546.17,6620.31,6667.89,6630.16,6652.87,6663.85,6718.46,6739.48,6688.39,6620.90,6641.28,6687.80,6760.54,6792.70,6610.15,6579.54,6725.15,6655.58,6659.97,6670.26,6683.01,6665.47,6714.53,6555.76,6668.87,6698.02,6681.25,6740.26,6652.58,6617.10,6660.11,6703.20,6648.20,6662.75,6607.18,6569.87,6520.52,6580.80,6593.07
athlete_1000_3.csv,3,0.7048,100.00,2709.70,2711.10,6.53,0.01,49.39,4.00,0.100000,333.60,331.40,335.00,obj,3423.20,3175.94,3138.01,3074.22,3068.92,3044.96,3020.29,3023.11,2978.35,2991.09,2967.99,2937.64,2959.25,2905.35,2890.96,2896.17,2864.19,2848.21,2888.98,2874.80,2890.89,2863.43,2874.38,2823.50,2859.45,2848.33,2847.51,2836.38,2847.93,2873.95,2822.58,2842.84,2812.22,2836.42,2793.14,2816.25,2827.33,2801.72,2816.54,2804.63,2832.82,2805.75,2793.59,2794.18,2788.36,2801.48,2799.49,2758.02,2776.46,2758.29,2821.15,2752.22,2745.74,2719.68,2754.10,2743.58,2713.41,2747.25,2769.38,2751.03,2748.36,2771.08,2758.43,2726.90,2731.09,2753.85,2766.82,2729.84,2732.30,2723.73,2745.92,2729.97,2736.17,2762.26,2719.36,2723.05,2715.16,2740.27,2707.18,2718.59,2709.03,2713.85,2735.05,2730.77,2740.78,2750.26,2752.32,2746.00,2710.88,2760.96,2736.69,2712.86,2717.51,2697.84,2713.19,2695.82,2716.87,2727.47,2748.64,2711.10
athlete_1000_4.csv,4,0.9314,100.00,2539.81,2557.17,114.65,0.02,29.93,4.00,0.100000,250.80,249.80,247.40,252.00,obj,2794.75,2745.19,2699.98,2595.74,2620.31,2630.45,2575.28,2622.37,2603.05,2573.03,2554.48,2572.89,2587.64,2629.53,2587.97,2588.05,2606.74,2605.25,2601.18,2595.18,2543.70,2540.69,2593.02,2543.00,2581.52,2519.65,2539.98,2561.63,2539.34,2553.22,2567.37,2535.61,2518.18,2545.96,2489.30,2533.40,2521.59,2550.39,2548.67,2508.03,2536.39,2545.57,2565.96,2548.42,2504.64,2516.25,2527.78,2537.31,2514.38,2529.47,2497.86,2542.76,2550.33,2566.82,2588.90,2553.00,2548.96,2549.53,2536.11,2553.69,2560.34,2576.95,2580.07,2535.92,2554.04,2589.60,2514.33,2578.44,2550.15,2553.42,2571.41,2516.46,2535.71,2549.51,2544.06,2529.99,2540.75,2566.98,2512.91,2554.83,2523.20,2528.10,2537.02,2527.66,2552.39,2560.06,2520.55,2541.25,2520.30,2516.64,2533.86,2527.10,2496.81,2495.69,2527.30,2524.77,2520.78,2548.05,2562.43,2557.17
athlete_1000_5.csv,5,1.1588,100.00,2499.44,2509.61,86.40,0.00,36.33,4.00,0.100000,198.40,199.20,201.40,199.60,201.40,obj,2675.37,2640.91,2653.87,2620.16,2569.78,2603.80,2575.10,2590.36,2620.57,2560.92,2542.96,2623.34,2537.06,2593.86,2556.15,2548.82,2543.82,2542.44,2548.20,2569.55,2540.40,2541.20,2520.63,2518.87,2540.27,2530.57,2533.39,2499.77,2522.93,2505.67,2522.79,2531.09,2474.18,2507.50,2491.00,2487.93,2498.17,2489.80,2508.10,2535.79,2495.87,2514.92,2517.15,2473.53,2510.17,2501.51,2496.32,2523.39,2540.45,2524.85,2537.97,2491.96,2521.50,2504.01,2500.35,2486.28,2527.42,2499.30,2502.90,2495.37,2489.48,2479.57,2518.24,2474.11,2499.19,2507.67,2494.24,2515.17,2552.10,2574.36,2542.59,2514.09,2515.40,2527.01,2494.60,2497.42,2508.74,2496.12,2514.04,2458.96,2443.95,2446.81,2486.66,2482.75,2499.72,2477.54,2468.07,2470.29,2487.85,2523.89,2495.85,2511.17,2501.29,2493.89,2487.35,2496.63,2524.86,2489.08,2501.75,2509.61
athlete_1000_6.csv,6,1.3793,100.00,2378.12,2379.09,15.54,0.02,37.28,4.00,0.100000,162.80,163.80,168.60,168.40,170.60,165.80,obj,2531.83,2561.29,2528.35,2558.15,2516.77,2471.89,2482.28,2392.42,2452.63,2397.93,2326.15,2373.82,2397.38,2351.51,2407.54,2364.65,2307.05,2313.87,2390.96,2393.67,2375.11,2407.09,2346.56,2367.14,2397.72,2325.03,2186.91,2259.93,2307.85,2301.82,2259.75,2303.76,2286.44,2258.25,2270.52,2369.76,2383.92,2351.24,2424.48,2378.86,2395.50,2348.44,2310.70,2380.51,2434.74,2436.66,2358.87,2428.24,2418.91,2410.52,2409.87,2413.56,2384.00,2354.63,2289.14,2377.17,2291.10,2350.60,2392.08,2407.24,2320.77,2322.74,2308.55,2289.35,2276.67,2302.50,2273.39,2337.23,2276.73,2335.84,2288.06,2268.53,2305.58,2386.41,2340.13,2380.89,2341.93,2332.39,2290.09,2338.38,2322.93,2391.27,2412.86,2438.97,2389.97,2357.84,2367.02,2417.60,2318.09,2364.03,2380.09,2356.31,2355.34,2349.79,2381.65,2341.61,2388.76,2358.93,2376.82,2379.09
athlete_1000_7.csv,7,1.6028,100.00,2234.87,2269.90,244.24,0.02,145.07,4.00,0.100000,143.20,139.20,144.00,146.80,139.60,141.00,146.20,obj,2859.93,2704.03,2599.62,2482.79,2389.28,2365.76,2375.88,2364.30,2299.56,2283.38,2242.38,2393.03,2283.19,2271.23,2268.28,2317.10,2278.06,2279.24,2211.17,2268.44,2271.52,2250.83,2257.91,2253.47,2264.61,2213.11,2222.28,2253.31,2177.71,2213.59,2202.30,2217.60,2205.80,2149.40,2196.20,2272.13,2130.68,2156.36,2225.57,2240.00,2193.49,2287.15,2209.14,2217.67,2164.39,2151.91,2136.03,2165.16,2155.15,2263.70,2221.62,2208.23,2257.06,2211.79,2253.25,2254.70,2261.26,2192.70,2204.39,2230.95,2204.17,2186.09,2265.97,2290.38,2249.96,2198.86,2186.81,2229.72,2236.92,2219.01,2192.29,2157.45,2194.12,2233.51,2249.64,2203.02,2220.14,2219.46,2286.08,2232.14,2267.88,2216.53,2176.65,2216.89,2219.05,2207.82,2184.26,2278.18,2219.78,2259.09,2161.83,2266.29,2197.38,2227.95,2216.00,2210.75,2197.04,2234.24,2326.21,2269.90
athlete_1000_8.csv,8,1.8148,100.00,2194.25,2218.33,245.32,0.02,66.87,4.00,0.100000,122.20,126.80,125.00,126.00,123.00,126.60,125.20,125.20,obj,2917.88,2690.95,2583.46,2498.46,2441.47,2363.18,2399.39,2306.94,2237.69,2195.29,2171.02,2178.04,2161.36,2182.89,2173.61,2135.68,2194.83,2190.96,2184.45,2139.02,2161.45,2164.27,2078.35,2122.61,2172.23,2129.31,2113.80,2147.70,2124.03,2183.91,2128.96,2163.16,2187.51,2157.67,2143.85,2147.43,2124.67,2172.57,2161.79,2223.54,2200.12,2265.62,2260.29,2240.88,2238.65,2208.71,2255.85,2143.34,2225.82,2148.28,2120.45,2123.80,2126.17,2178.46,2140.65,2141.92,2154.12,2148.11,2224.27,2206.65,2198.39,2241.89,2256.01,2225.99,2165.35,2129.80,2167.03,2189.18,2132.11,2187.70,2110.95,2129.15,2173.93,2191.82,2243.82,2210.08,2208.11,2222.29,2239.69,2252.39,2263.08,2286.89,2236.88,2243.78,2126.43,2157.97,2145.80,2148.33,2207.47,2212.77,2189.44,2208.81,2198.97,2235.50,2220.89,2233.73,2186.87,2308.94,2275.69,2218.33
athlete_1000_9.csv,9,1.9984,100.00,2198.08,2273.25,330.78,0.02,136.15,4.00,0.100000,110.80,108.40,111.80,115.20,111.40,107.60,112.60,111.40,110.80,obj,2670.42,2503.86,2482.38,2401.61,2315.47,2317.56,2311.38,2348.16,2264.48,2280.64,2329.58,2257.74,2254.58,2193.18,2191.29,2167.89,2151.70,2186.59,2200.07,2191.20,2221.18,2242.59,2236.18,2175.92,2171.77,2186.87,2133.40,2116.62,2182.10,2197.08,2090.87,2235.40,2147.02,2231.63,2106.41,2139.05,2149.28,2119.40,2106.47,2162.57,2149.62,2213.59,2151.88,2127.17,2187.23,2178.55,2193.49,2167.24,2263.67,2266.24,2185.00,2203.22,2200.83,2255.03,2201.29,2237.65,2318.00,2371.68,2277.49,2246.13,2302.86,2293.76,2277.12,2271.86,2289.25,2274.44,2269.01,2191.03,2280.39,2293.05,2310.52,2236.25,2317.11,2240.40,2238.38,2211.09,2215.94,2182.89,2166.83,2204.07,2214.34,2188.18,2193.24,2210.28,2152.99,2267.75,2191.04,2160.74,2197.12,2217.73,2337.45,2229.99,2285.87,2170.81,2225.25,2253.36,2331.50,2251.67,2272.12,2273.25
athlete_1000_10.csv,10,2.2397,100.00,2121.72,2258.03,762.50,0.01,203.70,4.00,0.100000,96.80,103.00,97.40,101.40,101.60,100.20,101.80,99.60,100.60,97.60,obj,2949.05,2668.95,2483.08,2397.73,2307.57,2394.33,2224.97,2203.77,2224.47,2190.65,2222.14,2186.75,2084.13,2214.63,2111.81,2138.48,2177.81,2236.08,2133.74,2204.61,2256.55,2136.45,2122.32,2250.15,2251.83,2200.32,2283.13,2202.42,2207.53,2165.25,2327.11,2183.32,2190.55,2184.48,2230.65,2248.02,2250.06,2125.36,2184.18,2172.20,2189.19,2235.20,2120.74,2155.99,2101.67,2088.98,2265.40,2154.98,2102.59,2186.35,2186.98,2140.19,2300.51,2174.08,2177.30,2293.03,2169.29,2164.56,2154.96,2179.95,2277.27,2143.35,2213.18,2257.21,2242.88,2179.44,2271.60,2190.64,2241.24,2220.00,2168.35,2166.68,2248.74,2188.49,2183.50,2275.45,2159.00,2229.58,2207.30,2122.89,2162.67,2068.34,2175.62,2263.87,2176.17,2166.66,2200.94,2238.89,2223.98,2152.88,2176.66,2060.46,2136.50,2210.67,2199.36,2095.55,2205.56,2256.29,2123.47,2258.03
census_1000_3.csv,3,0.7331,100.00,4369.62,4373.82,40.00,0.01,60.63,4.00,0.100000,333.80,332.00,334.20,obj,4710.38,4626.65,4621.91,4547.66,4507.57,4499.77,4497.58,4533.29,4504.06,4519.97,4525.29,4516.05,4525.63,4537.33,4512.99,4525.67,4544.58,4548.48,4518.14,4509.12,4511.55,4485.54,4510.79,4508.90,4509.52,4500.98,4514.24,4494.91,4485.94,4485.85,4484.09,4498.80,4487.54,4549.32,4474.43,4491.68,4467.81,4489.61,4485.66,4492.95,4468.50,4483.93,4489.10,4490.04,4496.73,4496.73,4486.03,4468.99,4463.23,4478.30,4481.97,4483.00,4464.54,4461.89,4472.82,4422.29,4461.05,4455.70,4451.90,4454.08,4448.18,4455.61,4444.60,4425.99,4453.19,4435.51,4430.31,4417.43,4403.78,4415.59,4412.90,4406.71,4420.14,4401.41,4419.31,4395.04,4406.75,4406.63,4377.41,4381.99,4407.74,4387.98,4387.31,4389.61,4387.70,4389.78,4389.32,4381.02,4388.62,4390.33,4384.01,4392.75,4374.92,4400.80,4367.92,4331.61,4398.46,4385.89,4357.75,4373.82
census_1000_4.csv,4,0.9572,100.00,4230.32,4230.59,14.25,0.01,18.12,4.00,0.100000,250.00,250.00,250.20,249.80,obj,4734.11,4565.63,4571.10,4474.84,4464.61,4469.14,4439.24,4429.48,4401.48,4393.98,4435.40,4389.45,4395.62,4374.00,4381.20,4325.68,4344.38,4343.44,4339.52,4327.20,4332.02,4357.47,4327.05,4304.56,4298.37,4295.57,4307.55,4313.56,4295.68,4319.60,4293.52,4256.05,4282.11,4292.01,4293.39,4279.41,4277.57,4279.65,4284.93,4264.57,4257.83,4271.94,4235.86,4254.17,4247.45,4271.98,4278.81,4283.33,4257.90,4251.41,4276.40,4281.16,4267.23,4285.75,4229.65,4229.63,4238.73,4241.21,4242.63,4271.75,4265.74,4241.20,4265.36,4243.80,4233.67,4225.73,4246.05,4248.94,4253.66,4220.40,4224.34,4210.48,4262.54,4239.70,4224.52,4221.28,4237.44,4240.29,4206.90,4241.28,4236.11,4215.51,4219.27,4273.11,4244.68,4225.33,4248.58,4242.23,4217.41,4224.79,4243.70,4241.15,4166.86,4213.79,4183.91,4229.59,4231.36,4228.60,4258.49,4230.59
census_1000_5.csv,5,1.1683,100.00,4159.69,4172.75,72.11,0.01,50.94,4.00,0.100000,198.80,200.60,198.40,199.60,202.60,obj,4582.21,4472.61,4438.39,4466.57,4461.33,4456.09,4422.65,4381.52,4372.49,4352.31,4327.46,4356.50,4330.76,4345.23,4348.57,4367.86,4314.56,4335.25,4341.43,4335.71,4341.24,4311.16,4323.91,4274.54,4238.06,4249.41,4258.04,4258.90,4218.38,4258.36,4237.27,4219.21,4196.13,4195.07,4264.29,4201.28,4229.69,4206.66,4187.35,4184.71,4178.85,4199.10,4183.97,4159.91,4147.68,4189.70,4213.24,4157.42,4155.81,4190.87,4178.67,4161.22,4196.36,4166.59,4166.91,4200.08,4173.97,4159.51,4158.76,4148.34,4148.98,4171.83,4159.94,4131.59,4178.28,4148.49,4157.82,4166.63,4158.00,4160.91,4131.76,4149.80,4146.75,4121.68,4149.17,4143.19,4159.52,4133.51,4120.09,4126.58,4129.79,4149.34,4133.58,4156.49,4175.13,4142.89,4148.25,4174.94,4152.39,4127.33,4158.36,4136.40,4159.20,4130.55,4149.13,4126.27,4165.02,4131.29,4127.55,4172.75
census_1000_6.csv,6,1.3845,100.00,4107.71,4111.64,23.00,0.02,36.97,4.00,0.100000,167.80,165.80,167.80,166.40,166.00,166.20,obj,4625.38,4522.63,4492.70,4462.08,4446.77,4431.60,4396.33,4368.80,4378.16,4384.63,4320.06,4300.49,4280.72,4305.76,4278.78,4284.90,4264.60,4290.96,4237.12,4233.86,4243.88,4248.71,4194.98,4209.83,4198.16,4237.96,4203.29,4176.50,4202.76,4154.13,4167.44,4167.06,4171.35,4151.72,4144.62,4178.64,4124.87,4153.79,4156.70,4148.94,4134.70,4122.00,4138.77,4129.41,4134.84,4149.34,4126.74,4134.73,4116.38,4129.46,4148.64,4121.16,4092.79,4113.34,4118.22,4090.96,4134.55,4115.93,4101.49,4094.15,4104.65,4141.78,4106.86,4113.75,4093.54,4093.43,4087.25,4097.81,4116.83,4099.35,4117.74,4089.35,4130.70,4105.66,4115.40,4092.95,4084.70,4092.35,4084.60,4127.76,4079.19,4099.18,4101.00,4107.15,4115.94,4107.20,4120.03,4093.92,4097.57,4145.58,4112.64,4099.13,4118.77,4146.62,4098.30,4101.52,4104.88,4102.97,4095.85,4111.64
census_1000_7.csv,7,1.6097,100.00,4049.51,4055.42,43.40,0.02,33.10,4.00,0.100000,142.00,142.00,141.60,142.80,143.00,143.80,144.80,obj,4618.60,4513.97,4475.43,4403.32,4393.23,4371.97,4287.58,4291.69,4240.79,4227.39,4247.93,4222.65,4228.77,4194.98,4180.35,4158.72,4153.00,4151.51,4146.26,4120.96,4086.84,4139.10,4114.28,4112.12,4127.34,4105.76,4124.18,4100.90,4091.96,4101.65,4100.71,4086.61,4078.17,4075.07,4063.53,4067.42,4061.75,4099.52,4070.71,4051.68,4059.43,4073.46,4070.76,4070.89,4043.62,4078.72,4051.22,4066.56,4036.49,4048.61,4065.01,4061.55,4076.78,4054.03,4064.33,4063.54,4065.86,4056.97,4049.69,4075.30,4038.11,4059.16,4056.22,4073.47,4064.59,4070.71,4076.58,4056.61,4076.00,4084.52,4080.02,4078.89,4080.74,4091.17,4067.80,4068.46,4059.81,4079.36,4046.93,4065.73,4043.32,4088.87,4075.00,4089.06,4083.08,4042.24,4096.67,4059.46,4059.96,4054.83,4061.48,4067.65,4057.58,4072.37,4052.13,4062.59,4046.39,4083.06,4054.88,4055.42
census_1000_8.csv,8,1.8389,100.00,4027.49,4038.45,77.72,0.03,24.82,4.00,0.100000,121.80,125.40,125.00,127.40,123.40,127.60,122.00,127.40,obj,4409.07,4405.07,4358.54,4389.01,4319.47,4274.89,4262.73,4241.05,4181.86,4169.40,4184.34,4173.79,4125.22,4124.27,4115.01,4095.33,4077.58,4076.55,4109.88,4077.05,4050.45,4097.76,4068.92,4024.44,4091.17,4100.37,4097.39,4066.61,4073.60,4083.87,4102.62,4053.90,4028.79,4040.54,4056.35,4070.61,4064.09,4048.86,4056.55,4061.94,4043.58,4030.88,4023.55,4069.46,4054.33,4067.34,4064.55,4044.65,4041.00,4066.53,4061.60,4056.41,4065.21,4037.06,4060.95,4036.38,4062.37,4050.41,4033.59,4036.28,4036.00,4071.17,4076.92,4049.72,4067.05,4089.91,4075.54,4068.59,4049.95,4085.87,4061.65,4075.74,4106.43,4085.72,4053.38,4084.24,4088.02,4058.05,4065.64,4072.58,4046.75,4047.98,4052.25,4055.38,4058.74,4047.20,4049.35,4064.09,4049.51,4050.05,4009.99,4020.74,4062.75,4065.44,4061.10,4081.86,4064.37,4054.53,4031.59,4038.45
census_1000_9.csv,9,2.0444,100.00,4094.38,4116.33,98.49,0.03,50.46,4.00,0.100000,111.60,110.00,110.40,111.20,113.40,110.00,113.00,111.40,109.00,obj,4545.09,4417.71,4386.68,4355.08,4316.75,4308.20,4264.28,4257.13,4244.58,4216.90,4187.19,4170.62,4168.72,4124.16,4116.95,4125.57,4114.26,4110.86,4124.06,4091.74,4099.75,4087.49,4084.39,4109.83,4055.49,4101.31,4066.02,4077.54,4065.90,4084.38,4101.45,4068.33,4079.78,4077.52,4086.36,4080.93,4084.82,4084.57,4066.38,4061.12,4101.82,4092.35,4119.85,4082.53,4071.75,4077.67,4082.20,4104.41,4102.39,4106.32,4092.94,4116.38,4120.60,4118.55,4111.45,4113.22,4107.11,4103.38,4095.54,4101.44,4117.37,4088.37,4091.26,4111.49,4089.50,4098.18,4076.43,4083.12,4078.40,4088.97,4078.11,4080.53,4059.33,4068.60,4099.44,4079.89,4074.44,4090.43,4057.46,4076.22,4100.76,4087.60,4092.39,4125.89,4062.40,4071.79,4065.88,4065.53,4051.99,4083.78,4086.52,4075.60,4064.74,4065.99,4078.47,4073.63,4039.03,4047.52,4086.41,4116.33
census_1000_10.csv,10,2.2756,100.00,4059.24,4073.70,66.50,0.03,38.15,4.00,0.100000,102.00,100.60,99.80,102.00,100.00,97.60,97.60,100.40,101.00,99.00,obj,4410.62,4516.41,4448.93,4424.75,4414.09,4344.69,4291.93,4306.49,4256.80,4209.56,4172.57,4175.79,4134.87,4136.52,4127.37,4116.97,4127.53,4107.20,4117.94,4127.25,4104.55,4062.68,4058.77,4082.33,4047.73,4067.52,4059.74,4065.39,4105.24,4077.99,4063.63,4054.12,4029.51,4037.13,4077.42,4076.50,4048.33,4079.53,4045.98,4053.24,4056.85,4052.13,4065.95,4065.72,4058.13,4052.77,4084.87,4045.57,4054.56,4075.91,4058.38,4059.48,4044.30,4057.12,4051.13,4077.99,4056.22,4060.68,4044.20,4058.10,4057.99,4047.51,4036.81,4096.96,4035.27,4064.62,4029.85,4020.36,4043.21,4044.50,4034.13,4032.96,4030.84,4024.49,4037.34,4054.22,4049.45,4069.26,4041.27,4044.08,4056.71,4050.10,4018.09,4024.72,4027.69,4037.40,4047.93,4065.64,4077.17,4031.16,4050.60,4029.55,4040.27,4038.90,4046.74,4045.18,4057.40,4074.00,4043.74,4073.70
Spanish_1000_3.csv,3,0.7304,100.00,3906.55,3911.30,30.80,0.01,17.63,4.00,0.100000,331.40,334.00,334.60,obj,4512.06,4397.55,4371.34,4363.43,4344.52,4310.90,4315.73,4288.42,4280.57,4269.62,4271.15,4272.26,4282.21,4281.54,4275.67,4279.35,4273.49,4245.82,4264.86,4243.67,4232.50,4240.72,4246.75,4227.66,4241.59,4197.05,4233.25,4200.13,4220.90,4210.77,4188.24,4180.11,4180.11,4173.33,4164.44,4144.08,4143.14,4108.04,4120.24,4124.47,4111.03,4095.95,4101.70,4082.71,4076.98,4078.83,4073.39,4081.79,4057.98,4067.96,4039.83,4033.53,4011.64,4015.21,4010.38,4034.89,4003.08,4016.48,4018.53,3998.58,3992.22,3985.56,3981.46,3967.06,3992.71,4007.17,4002.48,3994.57,3973.16,3993.23,3986.21,3985.64,3974.39,3976.12,3978.57,3974.03,3987.21,3935.10,3931.56,3982.48,3955.24,3980.27,3937.74,3927.93,3930.12,3928.01,3925.63,3936.56,3928.06,3955.80,3974.74,3957.26,3948.20,3907.25,3942.44,3923.03,3924.58,3914.42,3943.10,3911.30
Spanish_1000_4.csv,4,0.9463,100.00,3798.21,3805.30,46.65,0.01,38.58,4.00,0.100000,251.00,250.00,249.40,249.60,obj,4662.42,4580.17,4527.91,4430.52,4407.98,4348.86,4342.33,4334.77,4281.54,4216.35,4185.14,4139.33,4176.14,4122.96,4112.05,4094.11,4072.92,4041.12,4069.56,4066.48,4035.05,4029.99,4027.84,4040.54,3996.81,4046.07,3997.71,3997.69,3971.24,3935.47,3923.86,3942.44,3903.96,3894.49,3900.20,3897.28,3925.50,3894.70,3906.43,3880.22,3876.04,3926.80,3887.62,3869.35,3854.85,3853.99,3865.57,3865.39,3865.94,3870.20,3883.61,3836.43,3855.58,3856.27,3851.21,3847.84,3859.48,3877.97,3846.40,3837.40,3842.62,3849.26,3855.77,3832.80,3843.00,3828.26,3819.76,3817.74,3872.02,3855.15,3854.12,3812.74,3867.82,3852.82,3824.16,3822.95,3820.63,3831.75,3814.19,3845.32,3829.94,3788.75,3829.64,3857.51,3840.31,3857.50,3816.61,3805.93,3809.73,3784.33,3825.39,3806.11,3801.46,3790.56,3783.30,3791.44,3800.74,3809.18,3838.04,3805.30
Spanish_1000_5.csv,5,1.1778,100.00,3707.20,3713.91,42.60,0.01,35.27,4.00,0.100000,199.60,196.00,201.80,201.00,201.60,obj,4341.30,4187.84,4137.47,4108.17,4055.43,4049.59,4008.94,4010.52,4014.57,3974.71,3997.09,3953.96,3898.95,3924.01,3944.42,3910.77,3949.40,3905.80,3920.35,3904.73,3896.60,3865.52,3890.62,3825.53,3820.68,3846.15,3810.73,3806.19,3764.37,3781.36,3792.18,3800.26,3754.59,3758.56,3775.28,3779.61,3759.70,3770.75,3785.93,3773.05,3752.25,3760.16,3725.26,3733.90,3739.64,3747.21,3713.44,3741.01,3715.60,3718.80,3732.02,3723.71,3758.09,3710.29,3716.14,3731.61,3745.55,3718.02,3715.04,3731.06,3718.43,3732.44,3720.02,3716.68,3710.93,3744.09,3747.93,3744.61,3750.99,3747.43,3736.96,3741.44,3723.78,3715.81,3722.69,3748.65,3724.64,3724.60,3750.00,3728.22,3737.50,3717.58,3719.09,3748.07,3710.83,3729.77,3737.32,3744.39,3765.77,3736.27,3764.09,3739.57,3715.62,3736.35,3731.88,3696.87,3719.29,3713.27,3728.43,3713.91
Spanish_1000_6.csv,6,1.3997,100.00,3639.56,3667.76,182.83,0.02,24.11,4.00,0.100000,167.20,166.40,166.60,164.00,167.80,168.00,obj,4222.54,4159.39,4133.45,4077.38,4083.34,4001.57,3982.30,3955.62,3871.80,3895.86,3902.56,3871.80,3886.58,3821.25,3779.50,3789.72,3787.29,3740.43,3762.84,3735.27,3747.34,3742.13,3718.92,3691.50,3711.04,3721.55,3699.85,3739.81,3720.11,3719.66,3697.60,3734.80,3724.61,3679.52,3667.91,3648.66,3672.52,3649.08,3635.13,3674.88,3668.13,3654.55,3646.22,3643.00,3638.99,3647.48,3669.38,3636.68,3686.81,3680.60,3654.16,3670.46,3650.18,3661.21,3653.95,3625.80,3667.46,3671.53,3621.64,3635.60,3681.13,3692.63,3664.62,3640.78,3669.76,3659.87,3665.41,3620.40,3648.60,3654.38,3675.90,3649.93,3657.64,3666.45,3650.99,3662.13,3680.09,3664.45,3650.83,3664.88,3654.91,3647.71,3667.85,3665.11,3647.94,3658.07,3669.51,3685.82,3638.30,3676.93,3671.15,3636.56,3706.27,3644.58,3653.16,3684.96,3687.71,3673.18,3667.57,3667.76
Spanish_1000_7.csv,7,1.6550,100.00,3614.87,3646.00,139.51,0.06,64.26,4.00,0.100000,142.20,144.20,142.00,142.60,139.60,142.60,146.80,obj,4282.90,4128.92,4057.26,3978.34,3983.83,3880.03,3821.60,3779.72,3806.74,3781.92,3764.79,3763.04,3717.69,3697.18,3707.22,3708.10,3722.05,3688.50,3683.38,3674.40,3672.07,3685.88,3669.92,3653.65,3667.50,3614.01,3592.76,3622.02,3608.56,3598.51,3632.50,3618.37,3646.04,3604.18,3653.37,3602.71,3620.75,3584.74,3573.78,3598.25,3619.77,3659.11,3644.95,3621.11,3592.65,3606.06,3633.95,3595.72,3617.16,3587.49,3590.69,3633.64,3628.19,3610.44,3636.13,3642.85,3595.76,3593.59,3605.70,3614.53,3639.66,3613.36,3629.82,3620.02,3608.81,3639.68,3615.73,3649.12,3689.04,3672.27,3616.37,3612.13,3629.25,3646.68,3615.85,3610.08,3670.68,3648.10,3596.18,3600.11,3619.87,3626.21,3624.75,3601.68,3646.89,3659.29,3603.84,3648.09,3616.79,3608.14,3612.78,3620.80,3608.28,3607.42,3626.71,3667.90,3641.92,3622.11,3638.45,3646.00
Spanish_1000_8.csv,8,1.8412,100.00,3628.86,3640.34,70.92,0.03,49.88,4.00,0.100000,128.80,124.00,123.80,124.60,126.80,125.00,121.80,125.20,obj,4479.69,4345.65,4259.30,4231.69,4149.11,4071.27,4016.40,3983.83,3901.51,3906.21,3922.43,3877.35,3838.32,3799.29,3825.54,3787.44,3788.44,3741.32,3756.07,3765.01,3720.04,3682.12,3705.66,3724.28,3753.37,3712.71,3687.36,3705.17,3732.44,3693.36,3708.57,3720.95,3728.93,3706.21,3704.78,3728.96,3731.00,3737.66,3748.31,3739.16,3756.37,3718.44,3691.32,3675.82,3674.29,3648.64,3647.87,3632.78,3640.82,3637.80,3653.46,3611.44,3631.43,3653.16,3630.81,3662.33,3671.84,3672.97,3660.63,3674.11,3695.06,3703.84,3633.25,3597.90,3638.45,3664.57,3606.43,3630.78,3647.51,3657.09,3615.52,3670.39,3687.94,3634.45,3667.73,3687.96,3654.90,3634.16,3680.77,3633.63,3666.22,3647.54,3674.82,3682.08,3705.97,3672.65,3666.91,3662.10,3632.00,3628.98,3633.05,3643.03,3626.19,3669.72,3610.51,3634.16,3635.72,3601.88,3629.63,3640.34
Spanish_1000_9.csv,9,2.0954,100.00,3622.85,3642.45,93.58,0.07,70.28,4.00,0.100000,109.80,109.80,112.80,111.80,114.80,109.00,108.40,112.80,110.80,obj,4445.34,4179.24,4135.24,4092.82,4036.53,4007.49,3950.60,3860.00,3894.90,3827.66,3829.60,3777.55,3813.67,3759.41,3717.41,3764.79,3723.56,3647.87,3701.39,3637.63,3651.82,3654.39,3666.54,3670.56,3636.98,3647.09,3642.13,3649.32,3608.30,3641.69,3631.51,3660.06,3616.82,3630.34,3639.76,3651.87,3641.85,3677.47,3630.42,3615.48,3634.52,3636.79,3611.98,3617.59,3626.37,3619.53,3614.25,3653.72,3640.50,3615.97,3657.61,3634.39,3634.90,3642.90,3642.34,3635.95,3632.96,3648.63,3604.62,3598.02,3616.85,3575.88,3648.42,3631.64,3606.23,3631.76,3610.86,3624.04,3626.24,3623.45,3634.32,3674.70,3594.29,3611.12,3634.31,3595.01,3621.90,3610.70,3654.73,3642.28,3617.30,3605.77,3591.83,3661.69,3643.68,3609.11,3591.81,3578.32,3611.29,3612.95,3596.43,3623.78,3605.93,3635.79,3619.90,3632.07,3657.17,3635.06,3613.90,3642.45
Spanish_1000_10.csv,10,2.2907,100.00,3467.62,3474.21,80.90,0.02,48.12,4.00,0.100000,98.60,100.40,102.40,100.80,100.00,101.40,97.60,98.40,100.00,100.40,obj,4269.05,4139.24,4040.15,3865.16,3792.02,3743.14,3728.70,3610.87,3648.58,3646.20,3596.23,3579.87,3535.39,3539.74,3553.28,3540.13,3546.32,3522.66,3507.15,3503.13,3482.25,3486.54,3535.15,3551.11,3511.24,3505.00,3539.81,3514.98,3524.46,3556.03,3528.04,3490.16,3489.45,3489.24,3537.51,3524.10,3490.13,3507.06,3502.01,3505.82,3502.64,3436.39,3473.43,3459.78,3484.02,3498.90,3454.05,3456.49,3503.56,3494.28,3464.05,3481.22,3483.06,3490.52,3456.98,3503.07,3443.01,3476.42,3491.74,3504.25,3485.64,3506.68,3468.14,3500.23,3510.78,3496.39,3482.35,3455.95,3576.25,3493.81,3426.86,3472.19,3563.70,3493.28,3488.44,3494.34,3498.88,3488.28,3530.77,3516.56,3546.14,3483.82,3509.68,3508.99,3489.40,3500.73,3577.58,3492.95,3511.07,3505.45,3512.87,3496.83,3493.87,3484.52,3509.37,3487.95,3465.11,3486.90,3498.79,3474.21
student_1000_3.csv,3,0.7843,100.00,1487.07,1493.58,43.80,0.05,54.69,4.00,0.100000,334.40,335.20,330.40,obj,1919.76,1885.43,1803.04,1740.01,1758.20,1752.64,1763.99,1749.65,1746.50,1712.81,1717.26,1704.07,1660.75,1655.67,1654.09,1635.46,1621.09,1635.20,1605.37,1581.94,1605.46,1606.87,1575.39,1535.07,1545.68,1525.61,1538.29,1513.67,1522.29,1551.06,1530.21,1550.02,1523.98,1519.71,1517.80,1504.58,1529.52,1512.60,1505.88,1516.42,1492.06,1500.77,1559.85,1528.05,1502.02,1508.50,1521.57,1538.74,1521.86,1577.59,1579.34,1578.63,1533.73,1534.77,1531.36,1529.87,1532.86,1549.79,1511.53,1539.62,1510.83,1490.36,1529.81,1530.29,1519.35,1504.56,1495.70,1489.52,1482.45,1482.51,1487.70,1497.48,1486.86,1490.10,1476.07,1475.30,1467.17,1484.92,1516.79,1519.05,1510.90,1501.40,1495.58,1507.80,1502.21,1495.42,1510.06,1495.21,1489.78,1496.23,1531.01,1529.67,1528.41,1506.56,1494.75,1496.73,1500.35,1532.52,1504.69,1493.58
student_1000_4.csv,4,0.9974,100.00,1510.40,1513.52,7.85,0.04,56.28,4.00,0.100000,249.60,249.80,250.40,250.20,obj,1946.37,1874.39,1819.69,1751.89,1705.24,1722.96,1692.11,1654.19,1588.24,1572.00,1594.22,1563.77,1540.06,1540.93,1538.98,1546.72,1588.61,1559.20,1553.17,1587.94,1552.11,1576.07,1557.58,1547.36,1548.44,1568.33,1521.05,1543.27,1568.68,1551.50,1535.65,1540.38,1527.97,1521.35,1533.43,1531.47,1527.38,1517.02,1563.85,1535.17,1514.87,1537.44,1530.56,1500.38,1527.33,1511.53,1512.67,1549.65,1545.40,1526.85,1537.97,1525.14,1537.07,1531.97,1496.93,1506.77,1495.47,1513.27,1505.29,1520.48,1500.29,1538.51,1533.64,1541.36,1528.39,1495.61,1519.14,1537.27,1494.39,1532.20,1554.08,1554.77,1572.05,1533.87,1542.50,1543.28,1523.01,1526.26,1529.91,1518.02,1502.86,1574.93,1523.31,1514.52,1526.14,1556.16,1539.23,1549.86,1530.30,1535.49,1535.18,1543.92,1555.70,1532.03,1549.37,1547.17,1534.70,1534.11,1514.00,1513.52
student_1000_5.csv,5,1.2372,100.00,1466.77,1476.32,119.80,0.03,21.87,4.00,0.100000,197.20,200.20,201.60,201.40,199.60,obj,1934.26,1864.40,1769.85,1700.49,1652.93,1649.91,1662.78,1618.46,1634.93,1608.67,1604.42,1574.61,1555.86,1574.09,1541.53,1522.59,1545.03,1535.51,1540.40,1517.76,1490.97,1531.72,1508.66,1529.24,1487.98,1480.15,1492.71,1486.22,1484.19,1499.90,1491.21,1469.38,1492.56,1492.19,1471.42,1478.38,1477.59,1451.80,1502.05,1482.51,1496.95,1481.53,1472.20,1467.24,1499.62,1501.71,1499.31,1486.64,1503.20,1491.68,1472.02,1451.09,1455.96,1482.90,1468.32,1465.07,1467.88,1457.57,1493.65,1495.26,1479.07,1492.81,1481.13,1483.28,1454.45,1460.31,1456.49,1474.63,1457.81,1487.13,1439.03,1477.42,1466.14,1461.40,1477.03,1476.71,1481.92,1455.76,1482.71,1463.25,1466.07,1441.44,1453.87,1444.13,1473.27,1456.21,1461.42,1471.37,1462.77,1480.14,1472.58,1471.91,1460.23,1461.45,1497.85,1451.00,1493.67,1456.13,1471.56,1476.32
student_1000_6.csv,6,1.4423,100.00,1460.94,1463.51,39.90,0.03,82.38,4.00,0.100000,169.20,165.40,163.60,164.20,169.20,168.40,obj,1955.87,1840.26,1731.21,1675.09,1613.63,1591.56,1557.27,1521.28,1531.09,1539.93,1505.51,1503.48,1491.88,1492.22,1507.68,1523.59,1546.87,1488.12,1486.05,1492.40,1538.62,1530.81,1484.46,1505.04,1490.09,1484.37,1485.24,1502.80,1478.19,1466.51,1491.00,1486.56,1477.37,1468.72,1480.64,1473.82,1476.87,1469.84,1461.02,1479.17,1473.50,1455.98,1459.40,1450.32,1478.80,1476.11,1483.08,1473.42,1489.26,1480.54,1475.73,1501.53,1470.39,1473.57,1478.57,1451.24,1467.65,1476.50,1462.29,1463.93,1474.67,1448.90,1443.08,1493.81,1471.76,1462.73,1467.97,1463.31,1451.46,1448.64,1474.08,1453.25,1450.01,1471.58,1475.32,1457.69,1453.23,1490.07,1452.69,1455.16,1446.09,1446.64,1464.67,1469.26,1458.77,1472.41,1452.04,1465.18,1453.36,1463.48,1464.26,1464.62,1450.03,1477.09,1457.04,1474.19,1517.62,1479.94,1471.07,1463.51
student_1000_7.csv,7,1.6370,100.00,1430.68,1438.55,67.43,0.02,17.10,4.00,0.100000,139.40,141.60,143.00,145.00,143.00,143.40,144.60,obj,1992.86,1881.63,1840.60,1736.30,1685.50,1629.50,1599.64,1619.80,1623.21,1565.58,1607.51,1597.23,1582.79,1570.58,1553.66,1560.32,1546.39,1524.24,1534.13,1544.26,1528.78,1483.65,1498.56,1484.74,1527.38,1500.48,1486.79,1494.94,1493.63,1482.25,1496.88,1479.37,1452.24,1459.70,1477.72,1443.04,1448.07,1425.19,1450.71,1448.61,1451.45,1415.21,1429.03,1432.85,1439.90,1434.71,1455.95,1449.47,1450.99,1437.35,1426.80,1427.31,1423.07,1437.77,1443.18,1449.85,1470.32,1457.73,1437.04,1468.66,1447.80,1457.73,1480.22,1427.87,1444.17,1478.18,1435.84,1423.68,1436.58,1452.45,1450.29,1457.58,1432.14,1435.69,1468.28,1430.60,1430.28,1448.88,1447.77,1447.01,1424.17,1443.22,1443.96,1429.55,1446.75,1454.95,1447.38,1493.97,1444.99,1467.61,1428.91,1428.25,1442.91,1440.51,1444.44,1444.25,1471.17,1459.52,1428.23,1438.55
student_1000_8.csv,8,1.8497,100.00,1336.10,1343.56,65.71,0.02,16.94,4.00,0.100000,126.80,124.40,121.60,128.20,124.40,125.80,125.00,123.80,obj,1961.33,1827.62,1682.51,1596.28,1571.13,1534.86,1560.30,1483.14,1441.21,1437.92,1461.75,1462.35,1429.37,1417.62,1423.53,1448.08,1437.32,1402.98,1401.34,1382.47,1388.70,1375.24,1415.03,1375.62,1370.45,1378.10,1373.70,1375.62,1368.26,1374.61,1403.89,1356.16,1361.83,1397.54,1378.94,1354.87,1407.59,1385.59,1372.29,1360.53,1338.97,1347.15,1346.50,1360.36,1364.03,1368.69,1339.19,1382.21,1359.15,1400.60,1368.42,1333.90,1350.27,1361.69,1442.93,1335.17,1359.18,1382.08,1351.83,1350.10,1342.22,1357.08,1377.52,1338.73,1346.46,1347.73,1355.57,1373.97,1345.16,1333.54,1330.79,1367.42,1360.09,1364.40,1336.91,1385.15,1349.09,1332.18,1359.54,1310.12,1372.55,1379.78,1366.45,1349.21,1355.94,1357.14,1334.96,1355.70,1359.74,1373.97,1341.62,1335.39,1348.95,1346.99,1360.67,1310.63,1350.84,1367.20,1345.54,1343.56
student_1000_9.csv,9,2.0672,100.00,1356.87,1361.75,50.27,0.02,69.97,4.00,0.100000,111.40,111.00,109.60,112.40,109.80,110.20,109.80,114.40,111.40,obj,1934.99,1780.25,1645.51,1571.26,1531.89,1511.62,1491.38,1454.99,1425.27,1445.57,1435.30,1403.85,1410.22,1408.35,1413.73,1397.37,1405.00,1391.35,1405.55,1397.74,1429.00,1389.67,1442.53,1370.53,1394.29,1400.43,1403.65,1407.63,1371.32,1396.87,1383.33,1382.65,1385.82,1398.73,1391.33,1373.44,1406.29,1377.96,1392.89,1384.09,1391.34,1410.70,1369.92,1367.63,1380.74,1391.45,1374.34,1392.02,1374.07,1402.01,1380.84,1373.95,1380.53,1414.25,1380.03,1365.75,1374.04,1388.80,1360.79,1365.34,1381.33,1383.24,1382.88,1384.70,1387.43,1377.57,1388.32,1377.81,1390.47,1395.97,1367.67,1387.89,1393.87,1380.05,1384.62,1380.00,1380.25,1445.81,1360.60,1353.44,1396.13,1387.15,1371.55,1374.96,1397.84,1376.47,1379.57,1390.87,1389.61,1419.19,1395.68,1404.48,1400.99,1396.44,1404.62,1371.12,1400.20,1377.38,1371.65,1361.75
student_1000_10.csv,10,2.3158,100.00,1336.00,1365.93,111.30,0.04,73.47,4.00,0.100000,101.40,99.00,101.20,99.40,97.60,100.60,100.40,101.00,101.00,98.40,obj,1908.61,1748.00,1582.86,1566.31,1528.83,1501.23,1418.01,1434.32,1424.22,1397.00,1403.15,1383.78,1365.10,1390.52,1396.32,1416.76,1381.69,1376.89,1355.11,1402.04,1371.04,1377.00,1403.45,1423.93,1400.10,1440.63,1462.83,1396.77,1400.46,1399.43,1410.72,1404.72,1377.34,1372.06,1379.78,1378.26,1381.67,1379.83,1438.74,1362.24,1373.30,1358.56,1365.72,1383.59,1382.61,1393.64,1351.29,1323.57,1313.53,1341.07,1367.97,1343.76,1380.79,1374.01,1368.51,1345.41,1334.78,1347.20,1352.47,1341.65,1362.11,1342.93,1380.21,1348.44,1372.15,1393.09,1324.20,1343.63,1351.80,1394.01,1346.76,1390.71,1349.68,1320.85,1355.47,1336.57,1313.10,1339.77,1318.92,1357.29,1382.26,1339.57,1353.95,1387.43,1342.51,1346.90,1345.11,1359.66,1335.87,1377.23,1332.06,1377.76,1341.89,1331.23,1318.95,1378.88,1346.53,1362.77,1344.24,1365.93
pricerunner_1000_3.csv,3,0.7301,100.00,2258.39,2260.66,18.60,0.00,24.20,4.00,0.100000,333.40,335.40,331.20,obj,2831.72,2783.32,2692.12,2635.32,2552.43,2499.47,2438.60,2398.93,2351.85,2345.94,2358.93,2309.63,2279.24,2274.07,2284.20,2310.37,2275.25,2282.71,2287.56,2292.44,2267.24,2297.95,2241.51,2283.99,2275.43,2294.41,2280.18,2233.08,2240.08,2297.18,2270.31,2272.18,2255.46,2242.46,2264.56,2251.91,2285.97,2260.07,2267.45,2290.29,2245.46,2286.35,2283.85,2267.24,2248.27,2285.57,2289.13,2284.25,2261.50,2229.95,2290.30,2251.89,2266.60,2243.62,2251.45,2268.65,2267.99,2288.02,2282.76,2277.58,2271.38,2271.13,2277.43,2282.00,2291.10,2290.37,2255.71,2306.53,2278.48,2246.95,2268.98,2267.59,2262.18,2231.91,2312.24,2234.95,2271.40,2257.36,2262.96,2261.91,2278.76,2278.89,2276.74,2282.03,2305.59,2227.94,2287.82,2279.64,2253.47,2301.69,2285.89,2315.33,2286.04,2261.47,2265.52,2264.65,2262.07,2250.88,2265.91,2260.66
pricerunner_1000_4.csv,4,0.9777,100.00,2489.00,2513.38,138.06,0.02,81.55,4.00,0.100000,254.80,247.60,250.40,247.20,obj,2434.23,2536.46,2523.44,2507.90,2545.04,2558.30,2500.66,2543.16,2548.68,2515.78,2556.32,2547.99,2554.72,2522.99,2541.34,2529.45,2520.52,2553.59,2521.71,2524.35,2531.59,2525.23,2530.65,2494.14,2507.32,2555.52,2523.68,2550.65,2538.14,2517.63,2542.25,2505.92,2527.21,2538.97,2525.09,2530.01,2514.71,2565.21,2498.37,2554.35,2538.53,2486.25,2526.44,2552.01,2518.30,2526.86,2539.59,2495.39,2520.93,2489.40,2531.67,2524.90,2534.95,2531.53,2504.55,2500.09,2502.61,2507.30,2498.15,2524.19,2535.86,2531.90,2536.11,2511.02,2494.09,2507.92,2512.26,2516.67,2530.57,2497.79,2533.19,2511.95,2515.08,2505.33,2501.65,2505.67,2513.38,2556.21,2527.02,2515.28,2526.79,2506.83,2499.38,2526.51,2523.30,2514.13,2533.91,2499.83,2523.23,2522.85,2492.45,2497.86,2544.32,2514.29,2515.37,2552.37,2521.03,2492.44,2501.02,2513.38
pricerunner_1000_5.csv,5,1.1915,100.00,2204.10,2216.07,47.20,0.01,33.04,4.00,0.100000,200.20,199.00,196.20,202.00,202.60,obj,2565.18,2407.78,2392.11,2343.13,2296.21,2289.59,2258.18,2267.59,2234.21,2200.78,2239.88,2242.42,2277.01,2206.40,2276.43,2341.74,2200.73,2269.12,2249.54,2224.61,2224.00,2234.60,2195.37,2242.81,2244.97,2236.44,2294.63,2302.66,2248.27,2206.77,2226.28,2217.64,2279.62,2253.61,2257.51,2252.88,2187.30,2223.36,2219.73,2269.20,2220.39,2245.42,2234.64,2225.91,2181.90,2260.96,2196.59,2192.01,2226.66,2207.06,2227.72,2248.78,2236.94,2221.54,2236.66,2218.76,2252.14,2212.44,2285.07,2220.15,2231.13,2213.56,2240.75,2231.52,2246.28,2206.33,2215.49,2236.64,2231.90,2224.37,2170.03,2249.57,2230.54,2208.11,2205.34,2223.17,2231.22,2196.56,2178.48,2156.75,2190.76,2221.92,2200.47,2256.31,2232.04,2216.34,2223.24,2224.99,2187.35,2230.98,2199.00,2214.97,2187.37,2178.12,2203.99,2195.23,2200.38,2205.33,2207.99,2216.07
pricerunner_1000_6.csv,6,1.4113,100.00,2214.65,2216.40,74.83,0.02,163.02,4.00,0.100000,164.80,164.00,167.00,168.20,167.20,168.80,obj,2713.63,2574.91,2351.20,2269.90,2288.47,2211.51,2212.33,2200.53,2233.95,2234.48,2238.19,2171.27,2241.49,2248.22,2236.36,2278.50,2282.69,2256.68,2301.07,2284.75,2238.07,2300.58,2236.54,2287.31,2229.95,2261.01,2236.65,2268.85,2262.16,2286.36,2237.59,2264.40,2213.14,2272.33,2198.94,2225.87,2229.14,2220.29,2202.40,2260.45,2231.43,2189.65,2210.81,2208.09,2231.29,2223.99,2220.69,2195.08,2221.91,2221.23,2207.60,2242.23,2273.45,2207.18,2212.86,2253.74,2240.16,2293.36,2199.52,2253.69,2178.99,2248.16,2237.09,2259.30,2228.69,2218.45,2255.47,2214.11,2216.14,2264.54,2195.24,2184.76,2236.40,2211.84,2240.92,2258.45,2233.15,2224.58,2272.33,2204.69,2216.12,2202.52,2254.44,2209.31,2208.30,2205.05,2194.61,2222.59,2219.89,2151.87,2236.87,2222.89,2207.79,2207.67,2229.57,2218.00,2228.10,2216.67,2249.46,2216.40
pricerunner_1000_7.csv,7,1.6229,100.00,2035.45,2109.43,537.60,0.02,94.75,4.00,0.100000,144.20,138.20,141.20,141.60,142.00,143.80,149.00,obj,2553.84,2346.43,2377.10,2389.87,2320.22,2261.81,2227.72,2278.80,2193.09,2146.62,2152.71,2223.43,2164.91,2137.13,2118.22,2120.08,2128.84,2094.56,2129.41,2069.36,2129.99,2089.58,2078.19,2099.04,2077.24,2071.74,2070.66,2054.32,2088.24,2053.50,2142.23,2084.94,2057.67,2095.10,2087.85,2077.21,2106.82,2140.76,2108.06,2076.06,2096.92,2078.67,2123.35,2063.50,2077.10,2061.36,2078.23,2061.92,2055.96,2109.76,2086.52,2135.44,2102.21,2084.78,2089.88,2103.96,2058.28,2071.96,2118.36,2094.05,2076.99,2071.69,2047.99,2082.49,2066.47,2030.37,2087.04,2082.75,2085.60,2064.28,2055.02,2095.72,2059.40,2094.41,2093.61,2044.43,2070.93,2093.04,2044.83,2096.38,2096.45,2092.45,2138.65,2086.34,2126.38,2127.78,2084.12,2078.72,2089.93,2076.03,2042.06,2066.42,2117.08,2089.59,2049.43,2079.42,2064.15,2066.43,2070.60,2109.43
pricerunner_1000_8.csv,8,1.8492,100.00,1964.63,1984.21,153.32,0.05,129.90,4.00,0.100000,124.40,127.40,124.60,125.20,121.80,125.20,127.00,124.40,obj,2606.85,2319.29,2220.45,2167.40,2133.39,2125.46,2125.99,2142.20,2090.63,2101.29,2087.92,2097.80,2056.67,2078.10,2097.17,2108.43,2112.51,2142.97,2108.47,2119.20,2106.54,2122.90,2051.14,2063.82,2058.78,2080.57,2038.20,2026.20,2018.49,2008.07,1993.28,2008.81,1984.96,1997.16,2002.05,1983.25,1962.15,1956.67,1944.88,1959.28,1969.45,1959.22,1979.03,1931.64,1964.38,1940.20,1947.44,1923.16,1953.80,1878.85,1926.38,1938.85,1907.82,1876.37,1899.03,1978.09,1900.21,1923.17,1920.16,1919.46,1960.58,1951.59,1939.39,1929.25,1953.32,1990.25,1974.37,2050.68,1989.85,2015.53,2028.23,2036.00,1964.68,1987.38,2014.10,1997.60,1977.92,2005.82,2016.96,2023.55,1974.96,2070.61,2028.13,2022.74,2036.44,2044.80,2028.85,1989.27,1996.28,2013.60,1982.84,1990.71,1982.78,1964.46,2020.95,2007.02,2032.91,1958.78,1997.29,1984.21
pricerunner_1000_9.csv,9,2.0461,100.00,1934.79,1972.63,246.07,0.03,139.36,4.00,0.100000,112.80,111.40,112.80,109.20,107.60,113.00,108.60,109.00,115.60,obj,2922.06,2156.86,2127.77,2039.99,2080.58,2198.57,2090.74,2044.94,2010.92,2030.89,2003.53,2021.52,2028.95,2098.47,2040.33,2116.76,2055.48,1998.02,2022.82,1926.07,1938.31,1945.20,1984.39,1970.56,1963.00,1982.05,1971.27,1894.94,1947.64,1930.15,1942.83,1883.61,1921.90,1948.99,1985.47,1935.54,1874.72,1963.85,1904.22,1989.35,1918.59,1970.53,1911.61,1980.24,1946.66,1881.13,1980.35,2007.65,1932.32,1981.39,1890.74,1935.80,1932.54,1929.77,1865.01,1934.26,1931.83,1886.44,1882.35,1964.89,1922.08,1966.26,1931.48,2073.57,1876.47,1955.40,1900.28,1929.11,1899.88,1974.22,1913.03,1840.03,1911.29,2011.30,1886.02,1884.80,1924.80,1941.85,1944.29,2022.59,1981.59,1921.91,1880.00,1928.51,1904.79,1955.97,1892.48,1938.92,1890.94,2063.58,2023.15,1894.84,1899.12,1937.21,1971.64,1959.20,1965.38,1992.37,2003.50,1972.63
pricerunner_1000_10.csv,10,2.2813,100.00,1955.57,1957.79,131.30,0.01,74.20,4.00,0.100000,100.80,101.20,102.60,100.00,97.60,96.20,104.00,98.20,102.60,96.80,obj,2492.50,2229.80,2168.15,2076.07,2044.31,2032.32,2005.72,2017.16,2053.09,2048.44,2047.99,2061.90,2061.56,2082.02,2044.21,2029.51,2012.67,2019.43,1999.18,2027.98,2010.34,2075.53,2043.62,2011.44,2032.40,2045.60,1997.31,2004.62,2010.65,2048.47,2016.36,2028.90,2031.64,2023.79,2069.61,2043.28,2030.29,2018.29,2048.50,2030.50,2004.43,1969.17,2018.22,1977.45,1994.50,1971.20,1991.89,1988.99,1960.94,2009.47,2015.44,1979.68,1985.05,2021.13,1982.47,1993.66,2085.17,2038.02,1994.96,1971.56,1993.58,1955.57,2012.28,2019.83,2029.47,1987.22,2020.01,1988.78,2021.23,2035.33,1999.99,2042.26,2005.45,2018.42,2005.23,2007.50,2037.60,2015.13,2018.61,2033.91,2005.85,2016.58,2009.59,1975.92,1991.71,2008.92,2014.00,2026.06,1986.08,2016.65,1975.89,1987.69,1966.62,1953.81,1993.89,1976.87,1998.15,1947.28,1980.95,1957.79
cohort_1000_3.csv,3,0.7354,100.00,2209.61,2218.78,60.40,0.01,64.60,4.00,0.100000,334.00,333.00,333.00,obj,2697.77,2683.06,2635.86,2612.45,2612.19,2597.44,2565.19,2596.38,2585.04,2596.19,2600.75,2595.68,2560.51,2552.95,2546.76,2529.58,2524.62,2497.60,2508.64,2484.84,2473.55,2476.31,2449.24,2447.11,2436.09,2430.42,2458.29,2443.78,2450.97,2461.35,2458.85,2429.53,2443.35,2435.65,2427.68,2416.71,2426.91,2405.43,2428.70,2403.56,2415.43,2416.31,2417.94,2406.14,2423.41,2431.62,2440.54,2397.48,2344.25,2389.45,2389.76,2409.75,2381.16,2343.96,2334.71,2293.95,2293.40,2258.55,2244.28,2264.02,2242.06,2239.17,2241.61,2216.76,2219.57,2219.81,2191.54,2197.32,2228.21,2236.92,2202.56,2218.98,2225.53,2247.83,2225.75,2194.94,2214.80,2238.00,2249.96,2242.49,2241.91,2222.73,2224.85,2231.19,2228.47,2263.38,2238.58,2229.03,2222.26,2237.35,2205.30,2193.67,2204.39,2212.60,2217.42,2200.83,2187.31,2187.65,2190.87,2218.78
cohort_1000_4.csv,4,0.9698,100.00,2018.74,2032.72,110.25,0.04,40.86,4.00,0.100000,246.80,247.40,251.20,254.60,obj,2477.21,2515.32,2465.52,2508.77,2489.14,2493.61,2449.81,2471.92,2455.28,2469.24,2482.64,2437.66,2417.07,2394.23,2469.22,2423.49,2417.60,2380.65,2378.42,2385.91,2358.13,2326.85,2363.85,2384.14,2280.40,2316.34,2284.07,2242.16,2234.38,2255.69,2261.32,2234.54,2221.73,2222.54,2218.32,2191.41,2150.87,2156.24,2163.05,2180.79,2162.03,2109.62,2151.34,2154.27,2138.83,2127.60,2134.57,2121.18,2135.44,2121.15,2135.16,2126.08,2087.92,2092.55,2085.95,2099.57,2062.35,2050.34,2045.45,2056.14,2035.74,2010.88,2042.02,2064.48,2073.53,2031.90,2044.26,2048.61,2070.69,2059.20,2067.02,2051.63,2069.20,2077.48,2076.87,2053.13,2064.61,2082.38,2034.69,2043.38,2053.54,2057.07,2048.74,2062.46,2053.21,2042.00,2079.36,2062.49,2046.05,2033.36,2039.87,2051.70,2071.37,2040.60,2053.44,2040.21,2064.60,2068.39,2051.07,2032.72
cohort_1000_5.csv,5,1.1832,100.00,2134.35,2149.76,90.20,0.01,44.99,4.00,0.100000,198.80,201.80,201.40,197.60,200.40,obj,2739.58,2727.08,2698.06,2634.78,2603.05,2601.53,2501.87,2520.32,2569.27,2432.74,2387.62,2366.61,2333.45,2380.64,2311.37,2313.40,2340.16,2322.43,2349.94,2393.13,2328.28,2284.43,2301.60,2287.29,2250.48,2245.63,2210.05,2229.74,2241.96,2204.14,2204.65,2181.20,2179.67,2177.46,2176.31,2141.28,2131.43,2161.78,2157.22,2138.71,2124.22,2135.29,2143.08,2129.10,2121.86,2106.95,2143.57,2100.32,2143.14,2158.51,2148.87,2145.15,2124.66,2088.76,2095.44,2109.02,2070.05,2042.01,2061.67,2047.81,2090.48,2083.81,2087.59,2124.08,2113.80,2108.12,2120.56,2101.91,2080.42,2103.42,2083.02,2128.99,2100.28,2121.27,2111.21,2077.91,2066.99,2022.56,2045.88,2060.93,2108.50,2102.50,2086.99,2114.08,2118.94,2087.95,2088.38,2131.41,2158.85,2165.43,2138.98,2168.34,2148.83,2150.40,2152.25,2133.81,2107.06,2106.70,2149.21,2149.76
cohort_1000_6.csv,6,1.3994,100.00,1895.82,1910.79,100.70,0.01,94.77,4.00,0.100000,162.00,168.20,168.40,165.80,167.20,168.40,obj,2728.95,2756.71,2644.96,2445.49,2369.97,2387.11,2349.85,2339.71,2298.86,2264.59,2256.69,2244.43,2231.86,2217.16,2161.44,2215.29,2200.58,2147.19,2104.78,2090.47,2091.03,2068.28,2043.61,2014.63,2018.65,2018.84,2031.02,2010.74,1970.69,1967.05,1989.85,1909.33,1966.35,1923.90,1993.45,2025.94,1971.79,1996.52,1959.04,1987.28,2002.06,1987.68,1964.33,1985.97,1952.20,1954.97,1951.42,1964.08,2013.74,1941.28,1970.02,1934.79,1971.84,1947.88,1996.61,1954.77,1943.59,1959.17,1940.18,1954.99,1966.69,1967.83,1947.96,1943.64,1926.54,1942.84,1941.49,1939.64,1965.19,1963.51,1929.04,1966.03,1899.65,1868.04,1895.60,1885.76,1881.17,1858.00,1894.70,1842.82,1918.33,1890.76,1929.98,1921.47,1943.61,1919.35,1870.98,1894.57,1880.75,1897.91,1879.23,1898.66,1925.39,1909.02,1953.04,1995.33,1947.83,1927.30,1924.30,1910.79
cohort_1000_7.csv,7,1.6244,100.00,2046.21,2059.63,63.78,0.02,46.31,4.00,0.100000,141.40,144.80,142.40,143.20,143.60,141.20,143.40,obj,2829.35,2725.50,2592.88,2456.56,2358.58,2351.10,2308.79,2370.58,2239.12,2215.86,2203.37,2149.26,2149.75,2071.17,2046.58,2042.85,2049.10,2086.58,2038.26,1991.58,2013.07,2042.86,1997.35,1987.08,1983.49,2006.64,2011.69,2037.72,2075.49,2076.40,2077.33,2044.54,2026.21,2060.24,2061.24,2086.74,2034.45,2095.11,2026.05,2109.83,2106.76,2069.29,2067.02,2074.82,2053.35,2044.08,2084.55,2049.04,2041.46,2056.78,2048.82,2054.36,2055.68,2050.51,2078.73,2046.41,2062.07,2068.52,2063.27,2069.70,2081.30,2071.07,2114.14,2047.46,2078.15,2070.64,2064.29,2092.09,2049.18,2083.71,2050.49,2095.03,2049.93,2063.76,2056.10,2040.63,2032.12,2073.53,2103.73,2049.98,2018.41,2037.23,2048.09,2073.99,2062.10,2075.18,2039.88,2088.70,2086.33,2081.25,2069.95,2104.69,2091.55,2078.40,2069.87,2064.57,2072.26,2051.21,2075.64,2059.63
cohort_1000_8.csv,8,1.8382,100.00,2051.61,2073.08,185.72,0.02,61.33,4.00,0.100000,123.00,126.20,123.40,126.60,120.20,129.00,125.00,126.60,obj,2907.37,2652.50,2394.10,2311.77,2204.61,2232.39,2180.91,2231.38,2165.22,2201.49,2236.08,2163.61,2102.38,2161.82,2115.91,2087.25,2141.11,2122.35,2124.11,2097.64,2117.47,2064.67,2074.77,2106.33,2073.66,2077.85,2062.09,2092.44,2014.22,2024.37,2062.16,2032.13,2070.01,2103.52,2045.53,2043.77,2081.17,2064.33,2082.42,2064.46,2041.84,2102.26,2067.59,2062.76,2091.69,2044.01,2073.63,2097.85,2052.70,1984.28,2034.53,2038.49,2036.36,2010.53,2054.50,2059.59,2076.71,2041.23,2033.18,2020.85,2075.16,2005.29,2014.32,2071.17,2006.22,2023.30,2027.85,1962.91,2057.69,2020.58,2076.55,2059.18,2022.32,2042.64,2030.25,2018.21,2069.99,2115.37,2012.92,2003.32,2036.92,2135.76,2051.98,2101.25,2081.81,2028.88,2029.17,2008.04,1990.42,2032.65,2065.73,2078.78,2060.33,2109.18,2037.60,2037.24,2077.08,2019.58,2052.37,2073.08
cohort_1000_9.csv,9,2.0675,100.00,2042.37,2083.91,306.98,0.02,41.44,4.00,0.100000,112.00,113.60,111.60,107.40,109.20,110.80,111.80,110.60,113.00,obj,2879.97,2610.64,2352.14,2304.66,2225.59,2200.57,2212.32,2185.62,2149.53,2194.01,2089.75,2100.34,2145.58,2084.91,2022.13,2017.86,2042.60,2042.20,2010.47,2065.83,2045.78,2008.87,2018.13,2015.91,2046.01,2091.73,2033.74,2017.01,2030.38,2027.80,2096.52,2069.65,2132.71,2003.50,2028.16,2014.20,2021.64,2034.28,2072.72,2070.25,2054.35,2044.93,2049.15,2036.52,2033.89,2032.89,2099.27,1993.40,2123.42,2086.89,2034.06,2054.67,2032.29,2040.41,2030.11,2083.70,2029.37,2051.98,2058.24,2027.75,2075.99,2127.50,2088.18,2064.49,1983.44,2054.12,2025.08,2065.46,2050.64,2048.89,2062.30,2058.02,2097.87,2080.77,2074.39,2071.11,2035.21,2057.88,2050.84,2044.12,2020.92,2159.69,2108.42,2075.36,2062.85,2078.12,2059.72,2084.94,2123.35,2058.81,2057.72,2049.09,2064.68,2046.50,2078.48,2056.73,2092.84,2086.09,2102.15,2083.91
cohort_1000_10.csv,10,2.2750,100.00,1979.52,1987.61,72.90,0.01,41.56,4.00,0.100000,96.00,102.00,100.00,99.80,101.60,98.00,98.40,100.20,101.60,102.40,obj,2898.69,2525.63,2337.49,2329.40,2249.45,2289.34,2257.95,2149.90,2183.95,2133.09,2108.39,2028.22,2052.41,2050.21,2049.13,2001.48,1957.99,2028.00,1987.40,2046.94,1989.68,1990.29,1995.87,1968.91,1978.11,2020.39,2074.29,2044.28,2058.06,2023.75,2014.56,2033.63,2004.46,2014.62,2009.26,2010.95,2056.97,1994.67,2008.17,2009.31,2033.77,1986.56,1980.71,2044.99,2016.66,2018.78,2003.07,2065.08,2026.21,2010.39,2045.14,2026.26,2078.19,2026.22,2010.43,1999.83,2005.85,2053.57,2009.59,2032.21,2019.79,2052.65,2030.84,2044.77,2019.49,2007.43,2085.91,2082.87,2023.66,2036.24,2033.87,2057.50,2059.15,2065.42,2077.55,2027.86,1990.95,2010.79,2031.45,2062.08,2060.14,2026.08,2012.87,2006.60,2019.03,2024.61,2039.59,2037.90,2097.33,2028.94,2028.05,2048.67,2030.92,2011.90,2008.42,1990.69,2012.59,2012.67,2026.20,1987.61
diabeteshealthindicators1_1000_3.csv,3,0.7543,100.00,18949.22,18954.25,12.47,0.03,94.30,4.00,0.100000,332.00,334.40,333.60,obj,20218.61,19673.04,19537.57,19373.37,19344.12,19302.54,19230.19,19206.56,19181.65,19163.15,19199.15,19092.07,19156.82,19126.43,19156.69,19119.02,19182.65,19091.18,19081.36,19086.33,19039.55,19117.06,19075.41,19022.91,19058.11,19071.30,19039.57,19007.98,19079.57,19064.76,18993.42,19067.36,18987.85,19030.42,19056.61,19075.42,19046.83,19020.24,18991.35,18989.85,19019.47,19062.61,19027.11,19067.02,19021.85,19001.36,19024.06,19019.45,19008.86,18982.83,19039.43,18979.79,18988.16,19025.40,19035.94,19001.19,19004.35,19035.91,19014.17,19032.15,18974.74,19007.55,18987.62,19042.08,19022.21,19008.55,18930.46,18971.43,18993.27,19003.04,18916.88,18984.31,18969.18,18945.54,19001.54,18941.62,18923.59,18952.89,18966.36,18951.93,19009.94,19006.25,18972.30,19004.18,18973.72,18994.01,18909.86,18968.82,18908.90,18896.66,18930.51,18976.26,18996.40,18963.20,18939.37,18999.96,18907.85,18957.87,18960.01,18954.25
diabeteshealthindicators1_1000_4.csv,4,0.9971,100.00,18922.64,18948.93,160.25,0.01,62.98,4.00,0.100000,251.20,250.80,250.00,248.00,obj,19911.13,19363.94,19159.77,19053.77,18990.96,18931.25,18906.19,18897.80,18861.07,18816.11,18913.20,18872.74,18911.52,18871.17,18884.87,18895.28,18901.69,18932.63,18926.82,18940.15,18999.27,18988.45,18996.96,18989.20,18922.97,18943.39,18968.90,18956.18,18957.63,18962.16,18923.61,18909.17,18972.95,18975.54,18946.04,18918.90,18889.19,19002.91,18921.72,18972.79,18892.95,18878.86,18968.03,18923.03,18924.88,18927.08,18932.33,18969.29,18901.10,18901.17,18924.86,18938.93,18920.05,18898.03,18914.18,18944.58,18909.85,18910.97,18931.27,18961.22,18921.62,18975.08,18916.69,18909.63,18938.59,18926.80,18923.75,18911.15,18944.99,18864.60,18944.76,18900.70,18945.55,18926.55,18918.79,18884.59,18934.76,18934.93,18865.76,18910.86,18884.87,18958.94,18908.88,18864.37,18939.76,18931.32,18913.64,18904.50,18892.53,18905.10,18906.87,18880.96,18925.70,18920.21,18903.23,18943.63,18900.27,18967.08,18931.94,18948.93
diabeteshealthindicators1_1000_5.csv,5,1.2262,100.00,18596.53,18602.42,55.57,0.01,88.10,4.00,0.100000,198.40,200.20,202.00,199.20,200.20,obj,19652.47,18954.36,18874.84,18750.39,18716.29,18769.94,18701.95,18678.02,18722.51,18720.61,18673.46,18666.13,18681.68,18635.48,18731.36,18654.92,18667.65,18630.90,18676.35,18693.38,18655.80,18620.92,18582.04,18547.84,18543.87,18506.30,18558.72,18538.44,18564.49,18525.21,18557.45,18514.89,18536.97,18543.24,18553.84,18544.23,18582.70,18537.06,18465.81,18478.35,18523.03,18541.74,18532.56,18553.24,18569.09,18558.16,18549.90,18548.80,18533.73,18579.79,18548.74,18564.56,18547.76,18585.78,18547.05,18547.13,18573.08,18534.34,18521.94,18561.94,18582.47,18598.33,18586.45,18591.97,18570.67,18552.92,18554.27,18558.36,18548.40,18609.76,18554.90,18561.30,18518.46,18561.63,18573.58,18528.20,18585.66,18509.67,18515.51,18511.04,18482.61,18564.52,18501.19,18540.94,18538.76,18568.48,18537.23,18574.97,18554.03,18589.69,18544.88,18529.72,18581.91,18634.73,18592.50,18612.74,18605.28,18593.07,18609.26,18602.42
diabeteshealthindicators1_1000_6.csv,6,1.4327,100.00,18784.26,18791.29,82.57,0.02,45.30,4.00,0.100000,165.20,167.80,166.80,161.20,171.20,167.80,obj,19821.52,19061.54,18896.31,18802.98,18761.94,18816.93,18790.50,18768.98,18813.26,18782.95,18739.48,18714.42,18775.04,18726.80,18776.42,18757.14,18742.29,18741.68,18775.79,18788.34,18747.03,18773.37,18758.82,18735.11,18716.53,18693.93,18731.61,18752.61,18734.78,18802.52,18747.55,18709.35,18740.73,18825.87,18796.64,18802.96,18737.24,18723.84,18782.33,18817.06,18773.16,18807.64,18814.42,18804.80,18811.92,18826.41,18761.77,18774.02,18810.04,18783.65,18770.87,18713.93,18746.82,18732.77,18765.22,18822.27,18836.26,18816.75,18750.43,18792.28,18773.27,18801.21,18712.26,18804.88,18788.47,18740.61,18749.07,18740.81,18716.92,18818.06,18741.61,18784.17,18750.73,18806.22,18780.28,18746.53,18763.71,18809.39,18730.68,18762.43,18794.24,18721.32,18761.87,18747.38,18751.47,18736.31,18754.64,18732.98,18745.67,18701.16,18791.17,18724.35,18755.07,18742.42,18724.43,18745.80,18769.16,18741.12,18797.39,18791.29
diabeteshealthindicators1_1000_7.csv,7,1.6433,100.00,18364.15,18377.34,56.51,0.02,33.61,4.00,0.100000,141.20,144.40,140.00,138.60,146.60,146.20,143.00,obj,19569.03,18894.16,18732.18,18676.87,18615.72,18494.45,18539.92,18466.63,18480.73,18547.22,18496.67,18530.78,18511.85,18485.78,18490.27,18471.77,18437.72,18477.17,18404.87,18417.39,18419.08,18473.97,18484.72,18466.94,18464.43,18491.60,18465.83,18449.91,18440.80,18419.72,18452.40,18464.42,18486.36,18466.55,18475.36,18419.17,18467.61,18508.44,18410.15,18498.07,18508.27,18566.56,18497.58,18480.80,18441.60,18420.31,18441.77,18448.79,18499.93,18499.31,18528.86,18454.40,18433.67,18469.50,18486.97,18463.34,18480.64,18441.21,18490.78,18489.28,18484.30,18465.61,18452.83,18427.59,18444.67,18432.92,18430.40,18399.83,18502.82,18404.92,18454.58,18445.45,18434.19,18430.38,18440.24,18437.87,18430.91,18468.75,18427.35,18455.81,18386.03,18345.51,18386.03,18399.30,18439.86,18464.55,18410.91,18405.32,18403.02,18484.43,18443.43,18403.52,18442.92,18424.71,18419.49,18429.95,18409.61,18415.00,18431.42,18377.34
diabeteshealthindicators1_1000_8.csv,8,1.8622,100.00,18140.30,18163.05,86.53,0.02,192.32,4.00,0.100000,125.20,126.00,128.20,123.60,119.20,125.00,126.20,126.60,obj,19139.86,18379.31,18292.52,18254.45,18143.34,18112.60,18055.84,18056.60,17996.14,18036.48,18062.60,18015.70,18022.63,18035.05,18015.42,18068.75,18044.25,18083.60,18115.54,18129.36,18056.03,18092.55,18033.89,18096.76,18025.69,18064.89,17984.66,18064.50,18063.22,18056.52,18115.77,18044.04,18144.82,18091.67,18052.46,18088.32,18059.64,18064.70,17993.14,18091.92,18076.79,18036.26,18078.25,18041.08,18094.88,18135.76,18095.76,18100.69,18123.55,18101.55,18127.00,18181.75,18119.64,18157.83,18081.72,18086.21,18093.38,18123.03,18082.70,18107.05,18157.31,18130.31,18148.12,18155.28,18091.63,18107.88,18055.72,18141.94,18049.84,18075.51,18117.32,18135.37,18133.17,18143.75,18154.14,18081.21,18122.27,18054.18,18055.25,18073.48,18095.43,18099.35,18081.63,18097.43,18089.79,18094.75,18068.31,18035.75,18073.33,18112.11,18073.86,18181.55,18154.91,18127.45,18167.27,18183.45,18155.11,18199.77,18155.51,18163.05
diabeteshealthindicators1_1000_9.csv,9,2.0797,100.00,18302.65,18412.42,652.96,0.02,79.88,4.00,0.100000,111.40,112.80,111.00,111.60,111.20,113.00,105.40,109.60,114.00,obj,18625.37,18451.62,18282.92,18366.32,18378.54,18428.03,18449.56,18416.78,18331.05,18339.37,18339.09,18324.41,18265.34,18355.18,18383.18,18380.35,18359.57,18314.74,18347.01,18283.18,18396.71,18301.54,18349.33,18332.61,18348.03,18357.23,18314.58,18329.45,18346.46,18302.65,18393.99,18398.84,18388.69,18351.96,18381.67,18312.20,18339.48,18319.10,18380.71,18347.01,18359.80,18329.52,18352.93,18318.93,18366.36,18340.90,18339.57,18295.24,18342.41,18432.17,18359.29,18326.39,18340.59,18339.18,18273.09,18379.58,18297.19,18336.19,18358.98,18360.51,18374.58,18286.30,18370.75,18315.31,18361.95,18389.17,18323.18,18374.38,18362.54,18329.75,18373.99,18265.52,18276.18,18344.92,18349.52,18295.61,18340.95,18297.10,18311.37,18365.17,18316.60,18352.78,18350.28,18348.27,18356.32,18312.79,18382.12,18393.59,18307.05,18338.61,18319.81,18301.41,18295.04,18310.96,18345.04,18310.42,18327.77,18369.35,18411.97,18412.42
diabeteshealthindicators1_1000_10.csv,10,2.2863,100.00,18315.82,18347.92,264.90,0.02,123.71,4.00,0.100000,98.80,103.80,103.40,99.80,96.00,102.20,98.80,104.00,95.80,97.40,obj,18684.31,18205.31,18153.85,18202.47,18197.03,18200.92,18160.89,18165.65,18197.03,18258.83,18242.02,18182.79,18151.42,18211.35,18257.38,18160.14,18268.98,18082.14,18136.32,18140.21,18087.27,18110.87,18122.24,18187.65,18147.50,18106.04,18208.46,18161.33,18135.26,18159.51,18216.23,18094.14,18074.55,18208.00,18138.99,18209.29,18119.27,18180.46,18215.11,18187.32,18261.96,18237.55,18254.44,18270.57,18220.39,18150.35,18238.82,18233.93,18281.67,18274.56,18250.37,18177.36,18295.71,18292.57,18245.28,18252.81,18394.13,18398.35,18344.00,18401.39,18342.43,18293.50,18286.37,18466.75,18404.25,18335.19,18191.97,18358.97,18230.76,18290.59,18293.30,18336.30,18293.36,18298.12,18271.61,18354.51,18310.96,18305.55,18380.22,18312.07,18295.81,18299.06,18271.36,18356.62,18251.79,18310.92,18310.89,18273.22,18348.40,18287.10,18371.62,18236.48,18336.15,18229.25,18358.37,18213.68,18222.37,18335.81,18281.90,18347.92
NHANES_1000_3.csv,3,0.7295,100.00,7489.05,7495.22,19.40,0.01,101.12,4.00,0.100000,334.80,333.60,331.60,obj,8611.39,8185.56,7979.94,7900.98,7866.84,7846.90,7826.98,7814.64,7828.23,7806.08,7777.22,7777.32,7767.23,7710.85,7723.35,7685.95,7646.94,7648.49,7652.14,7683.88,7676.39,7670.35,7612.32,7647.43,7660.02,7665.77,7626.99,7626.16,7651.16,7641.32,7598.86,7646.14,7605.57,7633.82,7604.91,7585.98,7632.29,7580.90,7571.73,7608.50,7557.18,7613.83,7601.28,7577.51,7609.41,7587.24,7584.77,7565.54,7588.58,7586.10,7571.66,7560.78,7566.67,7546.48,7547.99,7590.20,7592.65,7593.09,7574.95,7577.54,7567.14,7546.16,7547.77,7553.71,7520.11,7604.00,7563.71,7560.55,7552.32,7533.82,7536.06,7542.03,7541.14,7531.11,7534.76,7494.02,7536.92,7570.93,7484.95,7530.86,7562.19,7539.95,7501.32,7539.13,7563.46,7559.17,7565.50,7527.92,7559.29,7539.35,7566.09,7542.76,7551.41,7521.45,7534.21,7518.32,7503.45,7538.62,7500.41,7495.22
NHANES_1000_4.csv,4,0.9500,100.00,7105.54,7113.98,55.85,0.01,48.83,4.00,0.100000,250.00,252.40,249.40,248.20,obj,8635.02,7989.18,7705.36,7700.80,7663.16,7605.99,7565.31,7520.99,7459.43,7447.54,7380.44,7378.33,7380.86,7353.89,7362.16,7343.09,7240.61,7251.22,7238.02,7251.50,7272.67,7231.61,7204.73,7189.75,7180.89,7163.36,7126.70,7197.63,7232.90,7182.27,7182.16,7193.83,7165.72,7145.79,7107.80,7099.42,7110.17,7133.88,7176.79,7186.94,7249.08,7208.42,7125.32,7165.08,7122.60,7129.32,7167.22,7121.41,7167.48,7185.92,7106.96,7100.31,7175.00,7104.11,7102.72,7088.11,7138.10,7151.52,7053.99,7144.37,7087.77,7150.20,7146.97,7150.59,7111.46,7093.37,7096.82,7097.20,7158.77,7095.17,7154.59,7087.35,7107.41,7139.04,7146.68,7105.69,7134.68,7167.80,7137.95,7173.08,7080.74,7111.16,7170.29,7131.06,7194.73,7121.61,7102.19,7157.07,7118.26,7114.66,7135.11,7126.06,7131.27,7083.21,7184.76,7134.10,7152.39,7168.39,7186.38,7113.98
NHANES_1000_5.csv,5,1.1726,100.00,7081.58,7088.61,56.00,0.02,130.94,4.00,0.100000,201.80,201.00,200.20,199.60,197.40,obj,8406.66,7802.11,7481.18,7471.28,7319.02,7288.20,7236.14,7279.81,7262.08,7233.67,7158.62,7089.80,7073.79,7039.82,7030.37,7041.53,7091.91,7076.60,7116.92,7080.22,7005.74,7072.64,7070.14,7017.47,7050.33,7052.04,7106.81,7077.04,7021.67,7041.96,7035.56,6991.27,7077.03,7069.42,7001.97,7005.96,7094.68,7059.95,7020.47,7056.05,7011.80,7057.93,7055.37,7029.96,7036.80,6979.24,7052.65,7036.96,7099.20,7009.92,7053.81,7036.50,7042.17,7017.29,6986.32,7018.53,7059.28,6992.24,7071.69,7039.27,7092.73,7012.99,7029.28,6990.92,7051.26,7056.90,7045.48,7046.11,7092.66,7069.66,7031.15,7072.23,7035.66,7043.51,7045.25,7085.87,7020.73,7033.24,7036.26,7034.02,7009.35,7117.18,7059.96,7060.42,7063.32,7029.40,7081.36,7032.40,6996.97,7039.04,6975.97,7031.04,7021.53,7016.92,7023.18,6991.72,7023.33,7058.98,7048.20,7088.61
NHANES_1000_6.csv,6,1.3925,100.00,7012.24,7027.60,104.43,0.01,57.50,4.00,0.100000,162.60,165.00,166.80,167.60,169.20,168.80,obj,8033.05,7636.88,7671.23,7526.92,7482.60,7465.98,7393.39,7257.46,7294.99,7238.45,7218.66,7283.24,7092.72,7153.38,7143.53,7122.01,7119.98,7058.72,7078.73,7062.17,7038.46,7090.89,7097.21,7081.68,7043.88,7070.53,7058.74,7052.51,7071.65,7066.59,7035.51,7055.95,7112.28,7038.26,7085.81,7052.54,7056.72,7048.04,7114.69,7092.85,7103.12,7043.32,6996.82,7023.56,7089.59,7086.16,7122.37,7111.18,7116.47,7071.10,7090.46,7069.53,7034.22,7020.49,7087.18,7096.24,7067.65,7067.10,7056.95,7044.43,7071.38,7085.74,7091.82,7037.58,7089.70,7108.94,7128.75,7087.74,7098.48,7066.82,7070.89,7037.41,7069.58,7070.01,7047.44,7083.08,7057.26,7046.90,7135.96,7127.30,7137.04,7098.40,7080.09,7039.64,7096.42,6986.09,7084.46,7062.19,7059.58,7088.77,7076.40,7099.08,7068.77,7039.98,7043.84,7041.83,7060.90,7038.80,7085.17,7027.60
NHANES_1000_7.csv,7,1.6193,100.00,6861.05,6882.35,116.74,0.03,150.36,4.00,0.100000,139.80,143.40,140.80,147.40,145.20,140.40,143.00,obj,8151.76,7935.06,7663.60,7472.19,7355.08,7246.97,7172.29,7192.33,7112.40,7137.85,7174.81,7075.05,7114.87,7122.13,7028.75,7064.31,6977.93,7027.58,6997.35,7081.11,7027.84,7054.52,7016.30,6973.24,6924.13,6988.45,6999.10,7002.57,6999.43,6978.50,6955.56,7030.24,7029.35,7073.37,6992.82,7023.14,6958.33,6921.69,6953.60,6910.77,6889.82,6883.21,6878.82,6970.20,6877.12,6911.18,6880.02,6947.02,6954.05,6942.47,6897.60,6930.04,6962.33,6922.83,6882.29,6906.56,6922.80,6932.76,6846.75,6952.29,6937.56,6907.80,6835.20,6893.02,6845.14,6890.10,6874.00,6869.58,6856.81,6924.25,6873.49,6870.42,6931.04,6898.59,6914.57,6879.66,6940.31,6961.55,6955.90,6939.10,6938.70,6931.08,6892.33,6891.99,6965.78,6912.46,6906.75,6917.37,6925.22,6914.90,6880.97,6984.97,6929.45,6952.60,6940.14,6908.73,6950.36,6932.90,6933.50,6882.35
NHANES_1000_8.csv,8,1.8156,100.00,6965.52,6973.02,68.53,0.01,68.55,4.00,0.100000,124.60,122.80,130.00,127.00,122.20,123.80,124.40,125.20,obj,7788.11,7691.77,7480.46,7313.00,7193.61,7141.23,7179.03,7034.65,6976.69,6881.57,6990.04,6954.55,6948.82,6986.79,6940.94,7034.28,6986.00,6947.44,6876.07,6869.31,6881.58,6887.92,6951.07,6939.47,6951.02,6909.40,6935.62,6982.40,6941.01,6856.93,6990.01,6929.72,7028.34,6987.04,6982.91,6955.50,6949.60,6929.03,6907.90,6894.92,6932.39,6938.27,6948.45,6975.36,6954.63,6977.22,6990.34,7014.46,7046.71,7041.69,7051.08,7074.18,6990.27,7010.36,7015.07,7053.02,7025.79,6986.78,6991.40,7040.79,6923.81,7022.42,7003.61,6953.51,6926.96,6971.58,6917.08,7003.62,6917.19,7006.79,6919.87,6913.34,6952.35,6993.52,6914.20,6943.98,6956.55,6934.04,6927.29,6924.04,6926.18,6977.74,6931.13,6914.60,6941.68,6952.38,6980.09,7029.59,7015.32,6971.40,7047.78,6986.54,6984.36,7051.15,7013.11,6950.70,6954.87,6960.63,6922.02,6973.02
NHANES_1000_9.csv,9,2.0452,100.00,6810.05,6841.64,258.38,0.01,163.83,4.00,0.100000,109.00,111.40,110.20,110.40,114.00,108.60,109.60,112.00,114.80,obj,7742.17,7462.91,7061.05,7166.59,6969.58,6922.29,6889.55,6907.53,6877.16,6888.85,6922.14,6925.19,6794.41,6877.04,6856.89,6950.75,6870.17,6826.18,6976.67,6827.09,6788.33,6812.66,6868.98,6827.71,6809.57,6866.85,6765.43,6859.60,6788.41,6833.66,6763.63,6753.05,6803.78,6720.22,6750.67,6767.24,6829.32,6832.07,6791.94,6816.39,6755.36,6730.67,6865.57,6812.35,6889.24,6765.14,6725.53,6739.91,6844.61,6799.63,6743.49,6798.80,6743.77,6814.29,6748.31,6863.43,6792.97,6778.31,6762.76,6753.39,6782.30,6836.18,6801.38,6790.84,6770.29,6839.86,6703.13,6708.25,6734.39,6761.27,6744.28,6716.85,6776.31,6786.64,6790.89,6864.63,6806.89,6805.46,6768.40,6718.74,6787.68,6789.11,6823.87,6767.41,6745.03,6787.72,6832.46,6887.82,6792.45,6803.29,6778.24,6734.41,6781.68,6783.15,6869.81,6781.59,6808.21,6816.69,6922.89,6841.64
NHANES_1000_10.csv,10,2.2786,100.00,6798.23,6889.97,340.90,0.04,126.05,4.00,0.100000,96.80,101.40,97.60,101.20,97.00,96.60,104.20,98.60,101.80,104.80,obj,7739.52,7474.64,7231.70,7167.71,7065.19,6953.66,6989.95,6888.17,6961.52,6863.87,6843.16,6818.79,6894.58,6942.99,6815.37,6832.74,6863.03,6817.53,6802.71,6835.52,6837.19,6858.71,6880.10,6821.49,6887.22,6844.82,6860.67,6835.75,6838.09,6828.36,6855.55,6882.08,6899.86,6783.44,6841.00,6859.00,6801.09,6788.68,6802.95,6920.57,6780.14,6816.69,6869.03,6867.83,6952.26,6918.18,6861.04,6873.38,6765.90,6951.29,6821.59,6784.21,6845.26,6831.82,6874.11,6781.80,6847.07,6850.91,6814.28,6875.53,6877.12,6757.97,6826.56,6801.33,6883.54,6788.05,6769.03,6807.12,6730.11,6764.25,6831.28,6795.87,6842.95,6833.13,6836.83,6868.80,6819.43,6853.89,6890.08,6863.55,6908.51,6897.18,6790.38,6877.03,6803.75,6791.51,6785.26,6770.85,6790.79,6895.39,6889.28,6843.17,6844.73,6771.64,6877.82,6820.33,6730.27,6877.92,6812.50,6889.97
athlete_10000_3.csv,3,22.1037,100.00,27691.60,27691.54,3.12,0.10,329.01,4.00,0.100000,3334.80,3331.20,3334.00,obj,29779.28,29069.64,29169.65,28632.10,28583.55,28529.35,28501.67,28582.37,28501.06,28596.68,28398.62,28474.75,28565.24,28576.58,28496.52,28559.58,28732.89,28309.58,28534.05,28332.30,28310.55,28424.44,28276.59,28188.66,28063.99,28116.82,28072.66,28260.77,28250.37,28163.16,28054.60,28408.51,28621.45,28408.93,28102.37,27955.61,28014.54,28295.02,28310.75,28176.33,28146.06,28379.72,28360.73,28217.14,28140.86,28255.74,28242.32,28199.03,27895.05,27890.44,27767.25,27766.39,27980.74,27951.43,27869.45,28177.83,27994.58,27866.15,27825.95,27807.61,27941.33,28116.15,27964.04,27996.98,27833.36,27721.97,27833.08,27891.17,27844.78,28051.11,27963.44,27782.03,27864.25,27637.81,27592.60,27589.80,27606.66,27656.85,27421.28,27725.02,27781.21,27802.00,27542.88,27760.95,27962.62,27606.78,27509.06,27560.62,27543.81,27674.76,27758.88,27798.85,27639.63,27728.46,27844.64,27857.29,27847.57,27635.73,27805.67,27691.54
athlete_10000_4.csv,4,25.9204,100.00,26284.15,26290.63,15.35,0.59,217.18,4.00,0.100000,2501.00,2499.20,2499.80,2500.00,obj,27657.49,27099.78,26725.23,26522.64,26160.09,25839.77,25725.11,25949.77,25801.20,25665.40,26077.95,25910.24,25859.61,25930.58,25949.98,25785.29,25612.84,25453.87,25923.24,25794.42,25616.40,25804.22,25677.98,25686.85,25756.55,25805.12,25748.98,25758.62,25665.69,25672.30,25775.70,25706.00,25462.64,25576.23,25609.65,25537.04,25627.23,25637.00,25561.72,25587.35,25636.16,25693.73,25570.47,25604.32,25762.76,25797.43,25461.10,25586.69,25651.04,25626.64,25675.47,25752.52,25717.60,26077.42,25909.83,26060.42,26145.18,26122.17,26161.58,26049.71,26245.54,26178.29,26104.45,26122.71,26108.54,25955.78,26099.97,25955.21,26095.40,26157.45,26195.93,26194.49,26322.43,26300.57,26147.52,26110.48,26129.69,26172.90,26020.77,26128.52,26001.00,26033.19,26037.41,26065.10,25887.40,25821.95,25880.66,25967.31,25838.79,25875.26,25907.15,25855.46,26028.77,26014.82,25986.60,25934.59,25976.19,26202.82,26184.05,26290.63
athlete_10000_5.csv,5,28.1454,100.00,25742.70,25756.01,73.87,0.16,460.17,4.00,0.100000,2002.20,1999.00,2000.60,1999.20,1999.00,obj,28283.44,27288.16,27333.41,27019.26,27039.21,27049.97,26783.53,26906.03,26887.50,26788.04,27036.29,27157.75,27016.96,27020.86,26887.87,26875.45,26826.48,26722.84,26769.83,27078.00,26803.78,26803.68,26858.92,26819.30,26771.31,26718.46,26695.01,26624.16,26459.75,26359.03,26408.21,26365.11,26393.40,26258.88,26336.70,26308.46,26243.71,26165.57,26325.31,26522.19,26401.11,26511.55,26552.99,26485.49,26483.90,26350.94,26308.17,26241.18,26276.09,26343.94,26320.39,26317.25,26171.68,26258.64,26156.89,26027.36,26033.32,25961.06,25949.44,25787.31,25713.64,25721.72,25696.32,25768.20,25702.90,25722.39,25651.99,25574.04,25772.04,25487.67,25582.59,25695.06,25678.39,25579.16,25480.85,25498.33,25318.95,25376.00,25518.32,25557.83,25522.98,25467.31,25536.07,25537.61,25490.00,25522.88,25584.84,25441.34,25718.00,25672.90,25655.57,25653.57,25653.71,25747.38,25722.57,25797.95,25693.89,25673.38,25664.11,25756.01
athlete_10000_6.csv,6,30.3613,100.00,25581.25,25576.68,27.19,0.17,839.92,4.00,0.100000,1668.00,1667.80,1665.60,1664.00,1668.60,1666.00,obj,30387.96,29824.82,29728.28,29422.83,29222.64,28900.64,28446.27,28154.62,27850.34,27983.33,27861.52,27830.21,27724.04,27568.13,27479.54,27411.76,27395.34,27151.84,27280.29,27317.77,27248.38,27143.95,27273.72,27177.69,27067.93,27038.06,27122.91,27065.39,26993.28,27095.56,27226.58,26737.13,26823.09,26704.63,26774.41,26696.01,26704.92,26544.75,26634.39,26413.10,26564.38,26398.96,26233.61,26167.96,26189.04,26404.79,26184.39,25952.09,25858.20,25952.15,25931.19,25793.76,25604.61,25871.50,25692.52,25640.15,25653.38,25608.07,25627.21,25419.41,25446.96,25492.48,25489.89,25434.83,25266.11,25254.98,25398.74,25420.62,25514.75,25566.35,25362.46,25396.28,25367.22,25091.52,25354.77,25146.63,25199.73,24921.73,25095.74,25040.99,25110.21,24936.07,25077.88,25069.67,25334.16,25468.99,25488.83,25612.44,25578.42,25635.39,25668.43,25736.52,25813.51,25722.19,25754.05,25739.60,25810.68,25705.49,25616.89,25576.68
athlete_10000_7.csv,7,32.9533,100.00,24367.63,24374.24,69.49,0.49,1777.82,4.00,0.100000,1427.80,1426.60,1431.20,1430.60,1428.00,1428.20,1427.60,obj,29880.76,29555.20,29456.99,29564.64,29251.54,29322.81,28913.35,28655.26,28384.19,28410.90,28117.53,27982.67,27821.71,27757.60,27849.97,27750.95,27553.16,27379.90,27392.38,27354.02,27216.58,27063.29,26968.30,26915.80,26952.47,26811.42,26648.79,26841.25,26896.74,26925.86,26718.96,26659.34,26257.59,26359.07,26259.69,26358.57,26420.07,26503.81,26437.04,26236.78,26077.28,26107.08,26053.06,25922.49,25900.49,25889.14,25702.56,25639.15,25803.23,25965.32,25614.86,25554.86,25581.11,25613.12,25611.23,25641.71,25704.04,25788.02,25850.73,25688.27,25696.52,25443.27,25572.63,25651.24,25710.47,25838.78,25778.47,25552.42,25500.58,25434.58,25351.55,25420.76,25300.23,25199.33,25301.62,25147.29,24900.15,24820.85,24845.91,24955.19,24922.11,25026.29,24939.59,25013.35,24973.80,24622.59,24675.20,24660.13,24711.03,24621.48,24461.20,24472.19,24728.60,24532.41,24720.05,24560.00,24483.32,24414.28,24275.08,24374.24
athlete_10000_8.csv,8,35.2627,100.00,23600.38,23608.65,30.12,0.24,581.30,4.00,0.100000,1251.20,1248.80,1250.60,1249.00,1250.40,1251.60,1246.80,1251.60,obj,31208.47,31308.52,31173.40,30741.73,30469.81,29937.47,29795.91,29711.73,29537.86,29377.05,29333.80,29093.21,28978.18,28933.66,28939.19,28830.81,28774.80,28463.96,28524.46,28181.53,28077.31,27712.06,27662.18,27476.07,27402.38,27250.88,27062.14,26805.35,26859.21,26947.42,26570.55,26626.38,26545.59,26608.99,26208.55,26154.76,26158.38,26049.83,25843.92,25900.50,25909.54,26078.75,25638.84,25479.81,25455.93,25371.36,25095.91,25237.15,25142.40,25292.12,25023.81,24965.68,25066.41,24919.28,24832.02,24957.77,24728.32,24728.36,24696.32,24825.85,24814.92,24736.14,24691.48,24486.41,24463.40,24275.56,24415.58,24177.45,24065.98,24132.97,24254.30,24048.05,23937.29,23966.00,23722.10,23814.90,24023.98,23932.84,23870.86,23586.35,23830.10,23766.00,23680.13,23613.39,23663.30,23675.80,23604.85,23537.31,23653.41,23494.78,23606.99,23541.83,23663.81,23859.93,23833.28,23727.16,23526.15,23667.82,23581.08,23608.65
athlete_10000_9.csv,9,37.7572,100.00,22801.19,22812.94,128.82,0.69,389.09,4.00,0.100000,1110.00,1111.40,1106.20,1110.60,1112.80,1112.00,1110.80,1113.20,1113.00,obj,29453.59,28624.55,28272.50,27759.41,27638.81,27441.48,27127.53,27049.60,27070.47,26953.70,26758.45,26628.41,26519.05,26124.02,25947.74,26020.75,25828.68,25888.01,25557.34,25352.80,25193.98,24900.61,24968.17,24791.96,24699.50,24545.15,24658.95,24775.28,24543.60,24504.24,24564.36,24608.13,24338.99,24178.74,24167.64,24173.27,24059.09,24016.57,24241.65,24129.21,24163.87,24063.78,23910.09,24324.61,24097.34,24285.13,24277.20,24009.91,23597.72,23731.09,23634.59,23527.64,23581.27,23404.44,23414.83,23523.16,23613.05,23502.81,23425.80,23362.92,23318.04,23426.33,23471.88,23276.11,23199.08,23088.77,23306.62,23146.09,22981.35,22960.42,23112.51,22993.11,22887.07,22760.95,22790.28,22832.50,22788.13,22985.91,23161.04,23132.77,23139.41,23264.25,23252.55,23243.52,23219.83,22929.32,22843.46,22939.68,22920.64,22699.14,22740.90,22758.36,22747.55,22693.43,22826.44,22616.79,22806.88,22996.03,22904.65,22812.94
athlete_10000_10.csv,10,39.4436,100.00,22665.95,22711.90,192.00,0.42,724.13,4.00,0.100000,1000.20,1001.20,1001.40,1003.60,999.20,1000.00,1002.20,999.60,996.00,996.60,obj,31851.47,30438.59,30257.92,29940.88,29542.56,29011.81,28579.03,28228.82,28034.68,27630.44,27328.15,27307.43,27268.49,27077.83,26720.06,26528.81,26508.23,26451.54,26241.69,26375.34,26173.54,26007.95,25963.32,25707.85,25680.66,25775.90,25522.41,25529.04,25564.87,25579.46,25555.75,25279.86,25260.63,25201.20,25133.93,25131.66,25164.09,24936.61,24958.57,25107.33,25087.56,24978.84,24836.42,24864.25,24853.82,24805.07,24484.07,24441.12,24137.04,24124.67,24081.64,24051.07,23993.90,23947.28,23708.90,23822.68,23634.52,23459.17,23424.75,23457.54,23502.81,23228.31,23145.38,23098.87,23069.41,23198.05,23381.06,23334.71,23044.31,23299.14,23190.82,23121.77,23106.94,23086.02,22902.12,22919.13,22935.09,22998.87,22917.70,23019.00,22905.94,22840.58,22938.53,22930.35,23228.95,23223.37,23169.01,23148.41,23023.77,22958.59,23140.04,23002.21,23040.09,22950.30,22807.57,22762.94,22951.98,22872.72,22727.23,22711.90
census_10000_3.csv,3,22.9610,100.00,36262.92,36263.05,16.78,0.13,360.61,4.00,0.100000,3331.80,3333.00,3335.20,obj,38137.26,37510.10,37486.16,37478.95,37425.34,37350.91,37105.46,36986.43,37353.34,37219.85,37070.53,37251.31,37254.18,37211.76,37277.51,37383.51,37168.46,37185.06,37167.74,37217.89,37341.21,37483.26,37615.50,37774.96,37570.09,37627.21,37574.78,37565.48,37763.50,37772.54,37766.50,37719.91,37669.82,37671.06,37657.61,37722.25,37800.57,37738.19,37706.96,37882.83,37604.11,37857.29,37645.57,37756.80,37592.54,37504.12,37421.65,37329.83,37192.25,37319.88,37177.04,37339.06,37287.77,37215.37,36946.01,37137.28,36859.53,36940.49,37004.68,36931.00,37040.09,36753.05,36802.76,36765.61,36438.20,36602.08,36673.61,36713.55,36592.93,36514.92,36353.34,36338.25,36430.41,36330.36,36228.08,36296.88,36388.51,36499.27,36401.83,36473.51,36384.65,36546.03,36634.05,36451.83,36331.63,36289.89,36161.41,36129.29,36122.28,36095.10,36357.66,36266.19,36241.00,36102.18,36177.58,36229.26,36300.55,36172.68,36158.14,36263.05
census_10000_4.csv,4,25.5144,100.00,34958.20,34975.42,83.14,0.32,932.37,4.00,0.100000,2500.40,2499.60,2502.00,2498.00,obj,38187.82,37282.14,36996.82,36555.07,36286.41,36344.58,35953.99,35800.45,35975.79,35736.83,35710.08,35745.77,35950.77,35983.95,36029.52,35997.16,36007.48,35801.12,35769.13,35613.43,35713.97,35714.82,35681.46,35616.40,35584.20,35713.02,35506.94,35445.36,35623.86,35494.69,35512.47,35433.58,35462.83,35409.45,35201.30,35285.65,35305.53,35797.00,35781.66,35822.16,35629.08,35675.05,35437.87,35346.51,35291.68,35282.34,35183.65,35232.93,35398.89,35566.00,35331.79,35102.85,35485.47,35734.40,36069.84,35926.39,35446.92,35290.19,35459.53,35878.61,36111.63,36055.59,35929.82,35793.12,35953.40,35873.67,35969.05,36074.38,35898.64,35825.69,36034.15,35981.76,35769.06,35672.11,35771.82,35697.87,35615.30,35629.97,35865.24,35519.93,35529.60,35448.43,35198.86,35049.66,35201.00,35207.75,35162.50,35183.74,35019.76,35143.30,35083.17,34910.42,35092.75,35139.49,35289.10,35200.84,35045.28,35232.19,35134.96,34975.42
census_10000_5.csv,5,28.5768,100.00,35418.54,35417.99,17.51,0.25,1853.36,4.00,0.100000,1998.20,1999.40,2001.00,2001.60,1999.80,obj,38159.80,36784.52,36291.72,35921.17,35743.69,35704.73,35674.17,35482.15,35387.23,35366.40,35348.78,35190.79,35182.02,35042.73,34952.24,34972.53,34894.84,34940.92,34648.08,34627.09,34389.43,34296.18,34220.97,34204.86,34107.57,34242.05,34159.88,33871.52,34136.37,34153.53,34095.86,33908.31,33970.05,34007.71,34085.30,34077.93,34047.18,34197.24,33961.90,34164.23,34017.20,34271.65,34380.23,34171.05,34103.89,34157.69,34118.89,34132.36,34369.96,34376.53,34018.21,34065.79,33925.87,33861.09,33867.04,33784.15,33851.26,34041.63,34086.39,34110.44,34129.09,34277.51,34494.50,34457.86,34317.84,34333.69,34510.97,34592.71,34895.60,34931.06,35121.84,34994.81,35444.84,35391.59,35280.43,35642.74,35466.46,35693.48,35795.20,35319.31,35785.92,35713.36,35827.22,35685.33,35520.37,35430.88,35517.98,35677.41,35629.30,35771.29,35809.22,35785.97,35673.74,35625.23,35887.94,35868.06,35592.32,35436.34,35311.25,35417.99
census_10000_6.csv,6,30.8632,100.00,34387.63,34403.02,54.80,0.34,182.15,4.00,0.100000,1665.20,1668.60,1668.60,1666.20,1666.20,1665.20,obj,38381.86,37421.43,36989.27,36344.87,36050.08,36060.10,35805.11,35600.66,35478.19,35327.65,35072.32,35067.49,34915.69,34985.77,35002.81,35003.36,34883.58,34795.81,34856.91,34831.31,34857.39,34869.90,34915.92,34969.59,35188.62,34863.57,34718.55,34769.92,34783.69,34719.31,34855.57,34946.44,34806.56,34684.53,34787.01,34889.89,34704.76,34775.96,34662.41,34984.97,35008.06,35197.51,35042.07,35262.78,35414.08,35431.82,35593.79,35504.21,35560.96,35620.42,35489.94,35543.94,35758.96,35817.01,35778.23,35790.48,35728.52,35821.23,35722.20,35867.47,36103.24,36222.22,36236.34,36149.21,36119.50,36309.63,36369.74,36180.64,36368.62,36314.30,36110.42,36324.84,36134.96,35921.76,35869.19,36073.15,36056.92,35922.26,35689.28,35594.97,35430.89,35318.69,35214.98,35227.87,35309.46,35066.19,35163.37,35065.99,35031.99,35004.76,34926.25,34746.52,34628.68,34717.86,34738.13,34563.01,34785.57,34630.23,34523.80,34403.02
census_10000_7.csv,7,33.6639,100.00,33086.71,33105.27,241.11,0.37,795.80,4.00,0.100000,1427.40,1429.20,1428.40,1428.00,1423.80,1429.20,1434.00,obj,38334.32,36613.49,35756.45,35153.29,34824.32,34973.80,34820.52,34844.45,34687.59,34601.56,34626.25,34798.86,34841.54,34655.28,34730.18,34753.19,34673.79,34693.03,34792.14,34822.13,34845.57,34807.13,34761.09,34693.17,34793.02,34927.85,34715.90,34650.05,34640.11,34463.95,34401.15,34389.10,34280.83,34292.92,34341.92,34344.23,34371.99,34343.17,34337.21,34450.15,34306.59,34100.49,34368.58,34183.16,34259.19,34336.61,33979.26,33882.34,34056.16,34092.82,34100.23,34049.42,34136.32,34270.81,34016.91,34124.57,33995.24,33798.36,34039.21,34037.54,34297.92,34197.38,33917.63,34008.76,33982.89,33915.04,33900.77,33855.92,34079.60,33902.55,33674.01,33766.91,33537.00,33660.64,33756.09,33741.62,33346.32,33627.70,33461.96,33450.77,33346.92,33165.33,33240.87,33318.65,33253.66,33362.54,33202.32,33238.17,33032.00,33311.54,33256.19,32999.56,33068.84,33092.69,32971.46,33226.95,33114.32,33043.83,33162.18,33105.27
census_10000_8.csv,8,35.6340,100.00,32616.57,32620.78,64.39,0.45,1240.70,4.00,0.100000,1251.20,1251.20,1252.80,1246.40,1251.60,1250.00,1245.40,1251.40,obj,37830.53,36072.28,35253.87,34808.01,34501.83,34546.81,34362.12,34296.30,34117.50,33990.64,34073.98,34130.22,33922.31,33839.03,33924.07,34039.51,33794.69,33674.64,33666.13,33389.30,33378.87,33496.05,33591.14,33596.16,33500.80,33588.38,33602.88,33593.83,33478.09,33525.67,33541.35,33413.12,33458.04,33431.48,33496.42,33436.69,33417.65,33372.18,33370.14,33423.51,33478.51,33468.18,33497.85,33407.21,33640.06,33443.70,33451.88,33691.55,33749.50,33603.93,33414.60,33323.42,33417.90,33526.70,33635.11,33375.80,33534.11,33491.78,33525.90,33673.53,33618.35,33599.40,33655.86,33294.16,33453.87,33293.63,33219.37,33215.64,33234.95,33215.92,32940.72,32759.55,32950.50,33020.36,33285.73,32968.09,32967.49,32990.96,33097.92,32972.49,33000.11,33136.48,33178.89,33135.70,32965.17,32886.01,32656.71,32694.93,32703.19,32791.50,32804.66,32781.48,32726.10,32764.80,32750.15,32799.70,32640.52,32617.43,32659.92,32620.78
census_10000_9.csv,9,38.1261,100.00,32142.92,32142.12,8.69,0.20,390.29,4.00,0.100000,1110.80,1112.60,1109.00,1111.40,1108.00,1111.40,1111.80,1113.80,1111.20,obj,38235.62,36340.63,35391.78,34880.07,34567.31,34474.27,34427.44,34281.45,34385.32,34438.26,34467.97,34510.41,34599.76,34519.53,34731.20,34581.66,34595.37,34497.45,34322.92,34162.21,34243.36,34203.55,34048.80,33925.59,33941.62,33875.12,33727.41,33792.20,33598.46,33657.51,33576.51,33547.23,33674.00,33679.91,33479.32,33404.77,33541.40,33451.27,33772.54,33657.63,33615.20,33514.73,33384.88,33376.67,33504.07,33402.78,33341.13,33360.02,33290.80,33213.98,33306.81,33355.90,33358.55,33305.19,33241.12,33352.37,33448.70,33361.56,33225.92,33335.21,33247.70,33098.72,33153.77,33249.32,33059.37,33076.68,33103.14,33220.40,32980.86,33068.66,32974.87,32899.07,32932.22,32761.21,32623.78,32718.28,32740.31,32654.61,32715.47,32605.63,32496.17,32419.82,32350.90,32430.99,32341.17,32407.70,32306.96,32309.57,32296.96,32241.22,32033.04,32069.90,32058.39,32118.93,32188.24,32110.10,32111.23,32179.34,32153.47,32142.12
census_10000_10.csv,10,39.9794,100.00,32397.59,32408.59,130.00,0.48,613.97,4.00,0.100000,1001.20,1000.80,1000.00,998.80,1002.60,999.80,1000.00,998.40,999.20,999.20,obj,37848.41,36762.91,35858.36,35144.81,34947.94,34945.59,34751.02,34765.22,34974.62,34838.74,34828.01,34709.84,34661.89,34572.51,34587.61,34400.51,34310.05,34308.80,34268.51,34165.92,34225.51,34069.67,34098.80,33871.38,33944.95,33883.18,34005.06,34101.45,34025.83,33925.41,33889.51,33977.72,33856.63,33812.65,33764.67,33729.57,33664.37,33743.41,33797.16,33702.84,33869.65,33763.19,33765.09,33761.12,33846.06,33749.87,33798.56,34100.34,33883.43,33998.81,33887.21,33965.51,33972.53,33942.38,33902.60,33838.98,33768.12,33715.12,33784.76,33692.31,33858.97,33737.67,33667.99,33606.94,33597.64,33445.41,33507.61,33569.00,33344.67,33309.23,33282.50,33249.03,33322.70,33226.77,33086.92,33096.06,32991.39,32909.57,32818.63,32725.41,32890.51,32740.15,32457.59,32624.64,32643.95,32647.19,32494.60,32458.63,32504.09,32420.70,32412.23,32335.81,32335.01,32407.60,32317.59,32275.52,32366.72,32319.42,32392.87,32408.59
Spanish_10000_3.csv,3,6.0936,100.00,19018.76,19020.86,12.80,0.15,593.58,4.00,0.100000,1579.60,1584.20,1582.20,obj,20276.30,20034.91,19904.94,19655.13,19643.04,19610.34,19613.57,19529.64,19530.66,19534.50,19615.99,19483.38,19547.27,19535.52,19512.25,19469.86,19502.64,19503.09,19496.79,19506.72,19515.26,19560.60,19441.50,19556.52,19494.65,19468.96,19479.21,19495.72,19455.71,19434.04,19540.16,19549.67,19459.21,19572.05,19554.29,19522.64,19579.29,19494.68,19495.07,19445.92,19406.19,19407.24,19356.10,19400.31,19379.99,19379.48,19352.31,19270.17,19304.03,19315.07,19242.29,19334.75,19193.06,19328.95,19272.83,19241.85,19246.59,19194.75,19233.00,19194.16,19264.27,19253.23,19257.24,19226.68,19199.13,19144.43,19148.14,19102.83,19190.37,19220.34,19129.14,19137.51,19165.49,19092.74,19134.94,19189.13,19152.44,19198.51,19217.89,19100.85,19221.12,19236.39,19173.59,19178.40,19186.40,19020.70,19060.96,19153.95,19152.89,19181.54,19171.16,19112.98,19096.65,19122.49,19125.45,19188.34,19117.94,19082.68,19166.45,19020.86
Spanish_10000_4.csv,4,7.4638,100.00,18918.64,18927.99,46.50,0.10,398.75,4.00,0.100000,1188.00,1185.80,1186.80,1185.40,obj,20571.15,20110.49,19633.92,19439.16,19360.66,19260.24,19299.74,19158.33,19184.97,19223.85,19352.67,19282.70,19324.01,19298.01,19402.16,19274.58,19210.94,19269.93,19288.37,19282.10,19287.44,19250.02,19329.43,19281.34,19287.11,19294.60,19276.48,19320.66,19276.50,19354.19,19404.90,19301.86,19264.34,19292.99,19327.45,19254.86,19173.45,19259.41,19279.16,19221.52,19169.66,19171.94,19204.73,19102.95,19164.75,19246.30,19080.32,19122.19,19133.87,19172.18,19078.25,19074.15,19107.87,19092.17,19088.97,19067.21,19152.77,19225.39,19225.97,19105.58,19149.47,19253.10,19121.82,19127.38,19099.08,19123.07,19170.27,19104.47,19171.86,19128.95,19086.29,19018.93,19008.74,19147.39,19101.43,19099.92,19094.10,19188.47,19183.07,19234.66,19079.26,19033.24,19132.14,19153.85,19237.95,19188.45,19104.78,19074.71,19049.87,19026.68,19041.08,19103.96,19055.56,18996.44,19009.88,18953.84,18981.36,18981.71,18943.30,18927.99
Spanish_10000_5.csv,5,8.7040,100.00,19172.48,19183.47,83.78,0.05,577.77,4.00,0.100000,950.40,949.20,950.00,948.20,948.20,obj,20776.03,20145.92,19897.93,19633.16,19552.78,19405.07,19450.49,19392.83,19366.87,19248.11,19182.90,19188.49,19166.22,19139.93,19100.34,19080.47,19074.98,19023.60,19036.28,18964.78,18923.31,18975.53,19040.80,19023.12,19001.39,19040.15,19000.77,18942.15,18950.04,18925.34,18993.04,18950.05,19005.46,19007.33,19015.60,18966.35,19063.14,18938.57,18954.93,18997.28,19048.94,19036.40,18990.55,18952.62,19035.40,18992.63,19095.88,19035.18,19142.72,19009.28,19082.52,19116.28,19103.03,19133.48,19021.42,19031.64,19075.43,19063.77,18969.20,18967.39,18929.71,19059.73,18906.39,18896.50,18954.05,18966.38,18978.47,18962.56,18962.34,19049.54,19087.66,18997.63,19038.03,18991.90,19085.00,19025.29,19054.60,19072.50,19115.99,19068.78,19052.92,19049.90,19048.44,19008.48,19084.32,19171.20,19108.10,19115.67,19065.27,19139.75,19163.99,19111.73,19165.46,19109.70,19170.41,19111.26,19124.21,19003.45,19036.29,19183.47
Spanish_10000_6.csv,6,9.6364,100.00,18636.02,18648.01,36.70,0.05,440.59,4.00,0.100000,791.40,789.20,794.60,789.20,791.20,790.40,obj,20540.58,20192.86,19968.40,19879.89,19826.49,19802.59,19710.69,19683.22,19634.35,19732.39,19644.86,19450.17,19442.53,19519.97,19425.42,19400.63,19324.87,19375.06,19332.76,19218.39,19245.14,19186.41,19205.63,19133.61,19189.77,19147.75,19087.36,19073.23,19001.16,19021.23,19035.59,19022.30,18958.60,18951.23,18943.32,19013.16,19061.18,18958.51,18838.35,18858.69,18885.11,18937.04,18870.68,18909.40,18840.81,18846.55,18913.81,18964.03,18844.82,18946.70,18915.97,18915.94,18861.80,18857.93,18896.13,18846.23,18916.14,18859.55,18837.75,18823.23,18800.90,18801.98,18805.12,18712.76,18823.04,18805.56,18854.00,18816.34,18730.20,18778.48,18767.30,18696.12,18776.08,18747.69,18813.52,18781.25,18785.78,18853.36,18883.25,18806.66,18743.80,18833.38,18917.44,18793.00,18807.62,18695.68,18745.43,18747.19,18745.30,18838.95,18800.40,18716.43,18788.63,18703.96,18546.78,18544.58,18581.78,18545.97,18624.89,18648.01
Spanish_10000_7.csv,7,10.8500,100.00,18595.36,18597.96,33.96,0.07,625.56,4.00,0.100000,675.40,681.20,680.00,674.80,679.60,677.20,677.80,obj,21025.05,20728.45,20474.57,20369.36,20291.79,20268.25,20162.35,20094.52,20052.59,20042.69,20073.84,20126.78,20035.38,20057.74,19950.69,19902.44,19903.87,19848.35,19690.16,19698.71,19637.15,19697.08,19643.25,19699.59,19609.25,19557.97,19558.16,19527.76,19513.40,19479.61,19503.41,19372.88,19262.50,19237.42,19284.48,19286.10,19365.32,19217.21,19204.57,19211.44,19243.02,19353.24,19362.83,19347.97,19361.60,19427.15,19378.54,19373.17,19380.69,19441.04,19354.72,19455.40,19347.05,19392.00,19324.86,19356.26,19287.30,19284.26,19346.50,19335.02,19255.96,19191.96,19276.55,19227.88,19251.98,19081.65,19129.59,19124.11,19077.20,19089.66,19124.58,19016.94,18958.48,18948.36,19057.54,19011.98,18944.13,19026.04,18924.77,18836.73,18771.77,18947.22,18811.37,18779.05,18863.25,18852.00,18845.13,18783.24,18849.64,18770.83,18709.64,18690.27,18555.63,18590.01,18576.53,18578.84,18620.43,18642.43,18570.63,18597.96
Spanish_10000_8.csv,8,12.0509,100.00,18126.19,18134.61,271.87,0.06,389.78,4.00,0.100000,593.20,593.20,591.80,591.20,592.20,593.20,592.80,598.40,obj,21105.73,20908.17,20641.23,20577.74,20492.75,20444.64,20298.80,20376.83,20267.04,20236.43,20184.95,20098.67,20074.57,20033.34,20066.16,19913.35,20066.59,19965.41,19829.37,19777.42,19719.98,19795.34,19828.75,19701.67,19613.66,19496.65,19534.39,19474.86,19421.14,19331.73,19419.66,19312.24,19252.52,19241.67,19236.75,19138.99,19187.50,19138.38,19063.96,19198.48,19221.78,19295.68,19190.39,19251.32,19097.72,19096.16,19239.75,19234.18,19261.97,19139.63,19209.56,19186.45,19178.93,19136.24,18996.74,18925.82,18960.08,18999.28,18956.30,18995.64,18903.62,18968.95,18850.78,18929.58,18846.50,18717.99,18652.86,18706.81,18618.66,18699.55,18569.94,18574.07,18568.42,18459.18,18506.88,18511.50,18473.15,18418.81,18471.11,18452.79,18418.54,18339.30,18291.28,18287.53,18339.80,18313.10,18208.89,18304.89,18275.29,18252.26,18284.82,18260.24,18091.48,18116.98,18200.22,18115.62,18099.92,18082.81,18035.85,18134.61
Spanish_10000_9.csv,9,13.2209,100.00,17762.62,17769.94,40.78,0.05,125.55,4.00,0.100000,528.60,524.60,527.80,526.60,529.00,524.00,527.40,529.60,528.40,obj,20508.85,20235.51,20165.30,20018.77,19935.81,19756.93,19939.28,19930.47,19883.63,19770.90,19839.98,19764.09,19718.75,19633.23,19592.11,19587.79,19541.55,19459.65,19397.86,19387.12,19342.08,19258.46,19164.87,19163.96,19121.92,18999.95,18943.03,18898.00,18888.78,18888.35,18857.64,18834.58,18876.79,18839.55,18840.84,18770.53,18755.54,18723.76,18770.96,18724.71,18719.25,18619.20,18781.92,18689.70,18647.93,18590.42,18640.73,18674.85,18722.24,18676.48,18610.62,18589.70,18547.28,18572.74,18509.26,18404.16,18398.01,18439.22,18372.49,18409.59,18304.99,18248.98,18176.60,18099.53,18195.52,18117.66,18145.49,18122.58,18064.72,18102.39,17996.97,17984.63,17999.60,17929.87,17908.53,17965.47,17896.31,17882.39,17916.88,17900.58,17922.54,17898.02,17917.69,18000.36,18008.04,17832.06,17868.31,17815.90,17798.51,17846.46,17814.21,17811.42,17814.55,17781.68,17830.27,17815.37,17781.55,17793.67,17780.40,17769.94
Spanish_10000_10.csv,10,14.4443,100.00,17577.68,17581.26,74.70,0.08,83.03,4.00,0.100000,473.60,473.80,477.40,474.20,474.40,472.60,476.20,473.20,475.40,475.20,obj,20590.30,20362.99,20025.56,19991.97,19865.68,19857.52,19776.54,19781.37,19661.33,19652.08,19680.25,19606.28,19579.45,19502.07,19514.04,19325.94,19315.69,19339.63,19233.26,19165.59,19222.80,19096.59,19067.56,18943.66,18857.89,18854.01,18858.93,18769.08,18994.21,18715.17,18724.13,18568.40,18628.83,18594.43,18539.52,18610.38,18598.22,18544.00,18562.56,18537.33,18489.95,18377.35,18386.59,18390.05,18467.81,18416.52,18432.22,18369.06,18267.32,18215.76,18221.01,18258.43,18167.78,18222.04,18077.66,18080.48,18117.03,18088.01,17995.83,17884.19,17886.76,17881.07,17905.19,17902.54,17864.31,17850.63,17855.00,17810.73,17772.92,17826.80,17801.24,17738.14,17770.24,17823.19,17756.50,17692.40,17760.48,17764.44,17732.90,17707.28,17729.78,17735.86,17708.74,17626.93,17657.13,17660.29,17772.86,17762.25,17742.82,17696.62,17594.04,17662.85,17684.19,17584.52,17684.74,17579.15,17607.12,17652.49,17676.92,17581.26
student_10000_3.csv,3,22.7415,100.00,17803.38,17806.69,31.57,0.19,1185.72,4.00,0.100000,3330.00,3333.60,3336.40,obj,18480.79,18457.80,18663.87,18586.66,18414.81,18301.71,18324.00,18322.66,18655.14,18827.01,18899.62,18671.65,18819.64,18745.11,18790.45,18633.43,18407.14,18337.60,18272.71,18434.81,18347.96,18230.75,18185.20,18266.61,18710.42,18811.25,18791.39,18849.73,18871.82,18573.52,18501.02,18547.57,18681.64,18698.33,18579.60,18274.43,18346.25,18231.84,18221.00,18387.01,18398.47,18148.75,18211.91,18471.11,18705.60,18360.89,18101.54,18110.14,18235.93,18254.20,18344.75,18269.79,18428.89,18529.93,18500.81,18557.35,18613.29,18709.31,18541.51,18489.48,18413.19,18542.87,18368.78,18456.72,18328.51,18256.53,18029.39,17752.20,17995.41,17989.22,17936.72,17893.26,17819.96,17691.52,17921.04,17849.16,17771.58,17693.14,17616.59,17581.86,17478.99,17471.42,17463.39,17462.34,17262.07,17261.61,17436.35,17674.03,17716.82,17938.28,18044.12,17954.22,17644.19,17632.06,17557.01,17660.42,17797.09,17787.78,17750.52,17806.69
student_10000_4.csv,4,25.2560,100.00,18005.59,18034.28,92.86,0.09,1822.78,4.00,0.100000,2502.00,2498.00,2502.00,2498.00,obj,18937.06,18925.87,18540.02,18010.64,17417.56,17113.16,16997.21,17015.03,16639.02,16729.78,16815.35,16569.21,16681.43,16706.35,16806.56,16721.29,16524.69,16455.12,16462.51,16147.29,16334.22,16410.46,16190.41,16166.09,16331.77,16039.14,16246.40,16223.79,16350.10,16509.29,16463.94,16417.72,16374.32,16574.39,16581.59,16684.24,16741.07,16680.83,16603.24,16699.93,16794.21,16792.99,16672.42,16694.28,16807.00,16736.38,16661.79,16632.25,16631.17,16577.03,16546.76,16648.35,16544.90,16546.43,16641.69,16683.11,16739.64,16686.05,16610.74,16787.48,16812.60,16711.12,16663.25,16798.53,16690.04,16689.92,16850.07,16662.55,16816.49,16891.51,17041.47,16988.67,16720.23,16853.14,17002.37,17030.55,16862.40,17121.74,17230.64,17355.57,17467.23,17867.51,17925.44,18007.15,17990.08,17931.44,17831.47,17956.59,17863.03,17856.56,17906.06,18023.64,18268.41,18153.61,18212.66,18224.22,18100.75,18198.22,17960.35,18034.28
student_10000_5.csv,5,28.6178,100.00,15746.67,15746.46,21.72,0.38,1076.93,4.00,0.100000,2001.60,1998.00,2002.80,1997.20,2000.40,obj,19442.51,19324.13,18855.28,18595.84,18147.42,17852.44,17721.15,17773.48,17909.07,17911.03,17944.31,18039.43,18282.85,18403.08,18776.56,19046.11,19067.84,19149.72,19327.85,19317.04,19447.41,19528.59,19621.31,19648.76,19707.27,19809.92,19923.54,19835.69,19861.26,19788.58,19832.56,19752.36,19788.05,19852.32,19939.90,19893.82,19880.82,19991.12,19853.80,19869.65,19825.54,19825.84,19911.42,19763.48,19902.58,19778.52,19729.81,19583.55,19338.61,19000.27,18538.98,18346.62,18132.54,17979.01,17777.85,17540.58,17514.72,17220.89,16890.73,16548.34,16320.72,16174.61,16271.27,16003.87,16019.07,15932.04,15825.14,15857.53,15965.07,15868.26,15960.98,15954.71,15779.70,15913.48,15917.19,15825.71,15857.66,15870.89,15880.47,15904.99,15830.52,15911.35,15999.21,15905.07,15712.79,15961.98,15966.60,15913.94,15866.50,15869.97,15974.55,15973.81,15901.97,16079.81,15869.82,15950.14,15773.44,15879.67,15867.44,15746.46
student_10000_6.csv,6,30.8321,100.00,15806.27,15819.16,69.39,0.25,127.58,4.00,0.100000,1665.40,1663.80,1670.00,1667.80,1668.00,1665.00,obj,19797.34,19426.56,18973.24,18485.22,18193.08,18326.45,18590.53,18686.91,18892.31,19096.20,19233.73,19307.71,19412.43,19467.42,19546.92,19589.10,19606.05,19619.90,19670.49,19680.64,19728.12,19706.28,19746.72,19800.34,19760.93,19782.96,19792.65,19796.05,19789.22,19782.35,19846.33,19791.84,19783.69,19805.75,19765.09,19748.68,19775.15,19723.73,19640.03,19725.36,19484.45,19266.19,19070.06,19027.79,19036.80,18862.03,18687.14,18221.69,17420.18,16902.37,16534.33,16298.54,16263.71,16136.29,16112.86,15934.52,15857.38,15917.68,15941.69,15994.40,15868.62,15910.16,15822.41,15870.17,15931.90,15833.88,15918.36,15784.42,15878.09,15805.88,15774.78,15791.03,15846.29,15825.67,15799.64,15770.90,15815.30,15804.88,15836.38,15808.23,15773.41,15679.69,15680.28,15735.69,15746.81,15701.32,15781.72,15726.65,15888.66,15908.07,15815.09,15802.68,15851.88,15711.84,15762.15,15786.18,15751.46,15654.25,15753.13,15819.16
student_10000_7.csv,7,33.2938,100.00,16233.63,16285.76,192.09,0.27,691.90,4.00,0.100000,1427.60,1431.40,1429.20,1428.60,1429.20,1428.60,1425.40,obj,19912.96,19027.85,19049.77,18891.24,18677.24,18766.00,18755.45,18716.95,18899.20,18922.80,19456.98,19271.03,19348.83,19358.94,19254.40,19253.43,19355.11,19496.83,19359.03,19408.77,19792.35,19491.75,20258.29,19478.07,19634.43,19480.88,19602.48,19942.64,19563.89,19641.19,19661.16,19674.57,19629.50,19549.63,19516.42,19421.72,19350.49,18953.19,18796.45,18453.30,18052.14,17896.52,17898.48,17550.18,17338.50,16982.58,16892.00,16769.33,16670.89,16731.24,16642.38,16643.55,16647.40,16620.32,16718.66,16549.13,16649.84,16642.16,16566.40,16353.21,16320.31,16264.90,16266.71,16329.29,16223.52,16335.18,16241.90,16255.01,16271.64,16176.34,16323.38,16299.18,16314.14,16300.16,16323.70,16311.35,16329.05,16252.97,16265.49,16263.96,16233.77,16299.11,16296.09,16237.43,16277.06,16322.79,16233.74,16254.77,16241.37,16285.54,16276.63,16305.80,16232.66,16256.23,16303.40,16259.99,16248.99,16215.84,16257.23,16285.76
student_10000_8.csv,8,35.5330,100.00,15587.65,15594.04,123.60,0.42,188.67,4.00,0.100000,1250.60,1251.40,1251.60,1247.80,1249.00,1251.60,1248.20,1249.80,obj,19529.81,18960.91,18521.46,18103.20,17962.70,17932.46,18050.85,18245.83,18406.90,18719.13,18894.86,18899.83,18963.54,19072.32,19134.38,19102.78,19131.07,19077.49,19188.03,19253.99,19257.22,19295.16,19322.80,19287.04,19294.54,19297.78,19272.23,19346.29,19338.12,19288.28,19156.83,18970.32,18811.11,18588.80,18210.47,17898.10,17510.63,17374.46,17217.75,17011.38,16916.02,16844.39,16812.35,16649.25,16334.55,16209.55,16115.29,16004.94,15973.56,15926.51,16003.20,15955.75,15856.68,15947.51,15970.76,15945.20,15892.59,15827.13,15911.43,15884.33,15800.93,15883.26,15840.61,15797.40,15790.04,15785.10,15857.98,15757.79,15726.14,15812.60,15739.91,15748.27,15705.45,15678.81,15710.68,15717.63,15772.93,15706.07,15686.68,15745.03,15669.64,15713.47,15723.96,15676.35,15683.59,15717.93,15721.81,15688.09,15661.02,15631.99,15642.98,15697.09,15645.38,15661.68,15670.13,15654.83,15676.61,15662.93,15676.37,15594.04
student_10000_9.csv,9,37.6811,100.00,14814.73,14847.97,116.58,0.56,194.23,4.00,0.100000,1112.60,1110.80,1109.00,1111.60,1110.80,1111.40,1111.40,1112.00,1110.40,obj,19736.57,19165.20,18400.02,18022.66,17641.09,17609.31,17758.56,17987.55,18380.04,18359.88,18383.33,18547.04,18649.86,18759.79,18832.39,18719.25,18850.90,18891.10,18906.10,19028.36,19077.27,19139.16,19215.36,19191.04,19202.86,19164.91,19143.98,18965.85,18729.28,18582.40,18217.24,18000.04,17596.83,17120.57,16611.29,16208.83,16138.39,15963.80,15722.10,15535.00,15634.43,15421.80,15589.06,15294.19,15224.64,15231.01,15332.93,15338.76,15322.48,15229.57,15334.91,15124.51,15226.38,15127.13,15133.08,15130.54,15214.05,15089.15,15108.71,15161.98,15049.58,15021.47,15010.32,15028.36,15000.32,15039.37,14984.91,15057.06,14962.66,14979.17,15016.06,15001.33,15031.61,14950.52,14940.83,14976.71,14954.68,14925.39,14953.08,14935.87,14916.34,14948.22,14899.93,14917.61,14901.10,14892.38,14855.86,14904.00,14842.49,14882.19,14924.17,14884.44,14850.44,14933.67,14854.98,14844.08,14919.06,14961.07,14826.84,14847.97
student_10000_10.csv,10,40.6319,100.00,14894.51,14931.17,214.00,0.51,618.76,4.00,0.100000,999.00,1003.40,1002.80,1001.20,1002.20,998.20,999.40,998.00,998.60,997.20,obj,19639.49,18867.90,18190.27,17845.77,17636.59,17509.13,17427.60,17673.36,17803.16,17882.90,17993.78,18138.74,18223.64,18315.61,18377.85,18532.92,18559.45,18527.87,18547.98,18653.45,18683.48,18736.57,18696.58,18929.66,18752.38,18881.05,18768.28,18682.67,18389.44,18097.35,17847.44,17580.24,17163.83,16827.07,16574.54,16524.95,16119.40,15901.57,15731.03,15538.02,15518.49,15462.52,15434.91,15448.35,15319.92,15403.97,15307.86,15404.29,15415.85,15368.04,15324.65,15367.79,15290.49,15334.22,15375.54,15334.69,15203.48,15245.47,15178.86,15342.97,15240.76,15210.24,15188.52,15351.10,15244.63,15210.06,15195.24,15185.55,15166.85,15176.57,15155.39,15128.34,15165.04,15174.01,15146.56,15069.51,15109.29,15131.43,15036.57,15044.70,15094.52,15113.06,15067.13,15100.91,15159.25,15082.56,15129.43,15140.33,15048.85,15020.11,15075.92,15042.39,15047.97,15008.37,15034.55,15038.34,15018.89,15042.07,14916.86,14931.17
pricerunner_10000_3.csv,3,23.0793,100.00,30751.10,30761.20,38.15,0.19,4199.69,4.00,0.100000,3333.40,3330.40,3336.20,obj,32301.18,32168.35,32210.82,32152.46,32167.87,32141.31,32198.24,32207.52,32240.58,32269.08,32126.95,32137.86,32215.32,32093.20,32097.55,31984.21,32028.96,32170.69,31964.95,32073.55,32113.77,32141.27,32105.10,32286.25,32234.43,31966.45,31910.40,31796.74,31907.85,31819.66,31833.23,31772.13,31743.48,31834.97,31819.73,31827.48,31688.53,31813.60,31806.59,31769.06,31824.01,31817.44,31685.82,31742.10,31674.23,31545.25,31468.63,31526.09,31682.30,31703.17,31662.43,31543.03,31584.49,31374.09,31580.35,31449.83,31333.68,31386.54,31337.25,31248.53,31252.94,31253.11,31114.32,31141.47,31210.78,31337.19,31304.86,31275.82,31174.20,31160.74,31089.69,31132.98,30985.49,30989.70,31049.67,31072.80,31064.20,31070.23,30962.37,31004.86,31024.63,31108.16,30900.07,30871.59,30996.09,30936.80,30834.72,30788.41,30933.58,30847.72,30789.95,30787.97,30852.09,30877.51,30943.12,30831.45,30828.59,30740.37,30765.46,30761.20
pricerunner_10000_4.csv,4,25.2950,100.00,26227.82,26230.06,62.94,0.24,144.67,4.00,0.100000,2504.20,2495.00,2500.40,2500.40,obj,27617.23,27864.81,27815.29,27773.25,27572.29,27463.40,27439.89,27471.35,27371.90,27268.73,27143.48,27302.78,27176.02,27187.97,27035.76,27152.02,27058.99,27028.34,27203.15,27015.91,27101.68,27091.20,27103.61,27013.86,27002.24,26983.17,26869.40,26898.91,26898.29,26935.82,26926.00,26968.20,26941.87,26900.07,26845.35,26908.32,27014.53,26890.87,26953.17,27074.04,26930.95,26780.95,26857.76,26917.10,26748.50,26743.93,26687.50,26768.21,26679.56,26707.88,26805.40,26693.33,26807.90,26712.08,26622.28,26666.49,26615.75,26585.23,26740.56,26561.06,26606.46,26678.88,26559.89,26577.12,26626.11,26555.25,26683.47,26677.45,26682.56,26569.91,26587.80,26473.24,26475.30,26459.71,26312.07,26467.18,26356.54,26278.30,26423.25,26332.12,26362.92,26300.30,26346.42,26317.66,26213.29,26211.59,26326.53,26354.60,26140.44,26260.68,26315.38,26199.59,26280.26,26350.89,26238.07,26295.18,26258.92,26256.10,26124.27,26230.06
pricerunner_10000_5.csv,5,27.9848,100.00,24316.52,24314.40,271.00,0.22,2718.98,4.00,0.100000,1998.60,1996.60,2001.80,2002.40,2000.60,obj,28230.15,27130.15,26278.57,25759.26,25597.76,25734.00,25533.93,25504.89,25265.82,25278.68,25131.02,25122.89,25278.97,25005.22,25015.13,25073.61,24969.82,24937.45,24926.72,24842.34,24838.12,24792.23,24689.63,24708.38,24664.29,24707.33,24767.39,24888.12,24765.14,24828.67,25008.31,24976.39,24923.75,24885.16,24907.16,24938.53,24807.93,24678.49,24769.77,24922.24,24833.72,24915.32,24910.75,25001.32,25022.93,25032.76,25034.94,24980.02,25090.04,24909.24,24886.40,24965.86,24980.55,25066.12,24961.80,25019.69,24933.80,24854.65,24814.33,24877.22,24880.05,24820.05,24929.01,24853.64,24851.27,24780.36,24691.98,24536.77,24333.04,24278.84,24235.57,24164.95,24147.34,23995.39,24072.55,24157.04,24093.66,24080.63,24120.43,24040.85,23928.58,23962.56,23895.05,23981.12,24055.10,24124.92,23899.10,24052.55,24039.42,24116.92,23953.68,24029.50,24081.82,24223.91,24341.49,24416.39,24316.56,24326.88,24453.67,24314.40
pricerunner_10000_6.csv,6,30.1807,100.00,24409.08,24421.19,44.13,0.19,1296.69,4.00,0.100000,1667.80,1662.40,1670.80,1666.20,1667.20,1665.60,obj,31000.32,27342.30,25870.85,25507.20,25339.09,24995.24,24915.70,24873.17,24794.26,24789.44,24726.45,24717.19,24751.19,24929.98,24955.74,24811.77,24825.71,24930.55,24757.84,24950.44,24839.78,24911.88,24960.19,24694.40,24889.97,24832.90,24997.25,25010.20,25101.52,25121.08,24976.58,25001.99,25044.11,25053.09,25102.29,25034.06,24909.22,25084.84,25149.28,25085.16,25083.82,25017.12,24998.94,25019.21,24961.45,24867.88,24923.59,24855.35,24722.25,24875.53,24753.36,24758.58,24643.59,24700.18,24640.74,24723.94,24570.20,24566.65,24502.82,24542.60,24547.03,24497.98,24580.64,24540.56,24521.93,24516.79,24459.99,24574.94,24355.63,24460.29,24485.73,24363.81,24490.17,24415.09,24358.62,24382.40,24459.01,24487.04,24481.66,24554.97,24625.56,24469.77,24453.37,24380.62,24399.90,24356.44,24343.28,24444.23,24492.41,24516.28,24411.15,24424.09,24483.55,24371.75,24316.30,24336.94,24342.62,24411.35,24381.45,24421.19
pricerunner_10000_7.csv,7,32.5877,100.00,22983.58,23035.17,124.63,0.19,1011.94,4.00,0.100000,1427.20,1431.60,1426.80,1430.60,1426.80,1425.80,1431.20,obj,28946.73,27482.80,26151.61,25599.12,25296.20,25173.34,25195.42,25008.12,24921.03,24826.58,24521.09,24506.90,24633.33,24381.50,24378.43,24405.40,24228.41,24098.93,24140.19,24051.15,24009.93,24200.96,23994.50,23896.47,23975.24,23737.37,23922.18,23943.11,23941.19,24054.33,23963.86,24065.00,24054.12,24023.70,24021.96,23954.93,23922.36,24053.53,23870.97,23875.31,23860.82,23841.21,23904.21,23820.00,23816.81,23868.86,23826.78,23789.38,23833.49,23793.00,23716.08,23712.73,23683.72,23700.49,23592.08,23725.41,23665.80,23620.09,23741.35,23901.76,23621.46,23584.97,23587.19,23684.20,23683.15,23550.41,23412.03,23454.27,23428.41,23420.09,23388.38,23407.15,23432.26,23398.04,23433.26,23416.32,23482.09,23426.09,23379.23,23376.22,23336.30,23342.40,23320.75,23415.38,23286.12,23302.90,23293.50,23238.34,23195.19,23430.07,23327.76,23351.03,23311.82,23237.33,23292.85,23089.19,23218.29,23116.84,23108.43,23035.17
pricerunner_10000_8.csv,8,35.2462,100.00,22256.51,22271.82,138.10,0.38,1769.26,4.00,0.100000,1246.40,1249.60,1248.80,1250.00,1250.00,1254.60,1250.00,1250.60,obj,30875.97,26978.91,24538.78,24371.86,24116.16,24099.83,23991.93,23961.41,23912.48,23852.76,23860.57,23675.42,23771.76,23648.64,23599.76,23609.96,24000.52,23823.18,23632.15,23701.62,23684.90,23662.52,23627.34,23672.71,23510.58,23531.66,23590.55,23648.27,23511.28,23454.21,23443.17,23422.13,23346.63,23422.20,23430.45,23326.59,23173.86,23224.23,23189.79,23092.62,23211.92,23188.21,23054.93,23065.25,23142.56,23125.34,23101.22,23014.72,23002.69,23143.44,22994.93,23107.74,23027.90,23024.55,22908.75,23033.18,23110.23,23203.92,23071.33,23021.60,22949.62,22903.65,23013.31,23021.21,22967.04,22989.76,22865.73,22948.34,22955.85,22925.92,22889.80,22782.42,22806.33,22855.87,22769.42,22795.38,22749.90,22689.82,22635.15,22576.78,22545.25,22709.22,22481.50,22461.72,22380.13,22341.83,22333.33,22387.11,22420.46,22364.49,22384.88,22498.07,22521.91,22398.70,22408.61,22438.13,22407.17,22281.96,22363.24,22271.82
pricerunner_10000_9.csv,9,37.6092,100.00,20808.44,20811.83,247.61,0.24,1977.11,4.00,0.100000,1109.20,1111.20,1110.00,1108.60,1114.00,1111.60,1112.00,1109.80,1113.60,obj,29069.53,25467.49,23934.18,23470.57,23373.10,22919.35,22810.44,22771.58,22352.00,22150.18,22070.17,22082.57,22005.11,22161.04,22156.55,22092.33,22038.11,21885.42,21970.42,21923.89,21815.54,21826.16,21889.20,22050.37,22110.26,21954.21,21897.48,21873.52,21790.85,21830.49,21608.85,21758.74,21655.60,21689.53,21565.63,21630.83,21605.86,21547.84,21653.73,21616.95,21549.08,21623.50,21522.59,21502.35,21242.86,21382.17,21294.31,21422.74,21552.93,21509.27,21300.70,21303.30,21371.39,21420.44,21441.66,21449.04,21262.78,21367.24,21460.60,21401.66,21274.82,21349.44,21310.55,21262.18,21407.35,21292.11,21218.67,21292.10,21285.61,21235.14,21220.34,21408.81,21164.52,21215.10,21385.77,21128.45,21010.03,21141.91,21024.05,20991.56,20993.91,20972.49,20975.53,20964.99,21000.21,21029.58,20979.39,20943.64,21040.79,20941.96,20854.98,20877.36,20779.20,20884.56,20869.44,20837.62,20945.91,20976.99,20818.50,20811.83
pricerunner_10000_10.csv,10,39.6157,100.00,21105.62,21155.75,182.00,0.24,961.00,4.00,0.100000,999.00,997.20,1002.80,1000.60,1003.40,998.60,998.60,1003.20,1000.20,996.40,obj,31039.03,27608.47,25523.91,25130.99,24766.20,24550.90,24561.50,24482.96,24451.51,24216.35,24227.48,24004.75,23850.89,23653.03,23338.12,23303.60,23159.99,23170.29,23040.67,22986.07,22941.17,22738.37,22752.52,22776.17,22696.38,22637.58,22537.82,22476.12,22435.86,22461.21,22459.88,22372.83,22263.29,22165.68,22221.84,22036.81,21900.74,22005.74,21952.07,21798.90,21768.25,21803.28,21622.23,21633.84,21660.11,21577.49,21716.11,21506.44,21386.34,21474.58,21369.10,21387.63,21527.40,21440.49,21523.82,21503.99,21438.80,21559.77,21359.48,21233.85,21377.48,21377.60,21254.26,21178.05,21182.21,21131.23,21146.95,21188.24,21111.56,21143.38,21212.64,21151.18,21299.65,21340.99,21306.93,21283.89,21247.64,21202.24,21162.38,21222.40,21227.18,21226.38,21262.09,21143.15,21265.56,21160.28,21314.71,21336.93,21253.48,21159.41,21147.87,21196.81,21126.75,21181.55,21159.19,21088.21,21148.03,21240.61,21142.47,21155.75
cohort_10000_3.csv,3,22.7973,100.00,26246.18,26249.60,44.71,0.23,3162.95,4.00,0.100000,3330.60,3333.00,3336.40,obj,25940.27,26040.23,26187.67,26414.11,26530.35,26582.66,26679.23,26721.53,26823.51,26790.48,26656.96,26679.29,26586.02,26520.38,26538.07,26624.12,26616.05,26714.86,26724.91,26631.92,26757.55,26745.86,26633.98,26638.48,26623.20,26629.93,26686.09,26581.98,26593.55,26526.40,26534.91,26536.83,26590.25,26664.29,26597.88,26579.96,26665.80,26699.58,26478.78,26597.33,26724.95,26735.93,26741.31,26647.74,26542.56,26503.89,26625.62,26592.74,26509.44,26528.18,26639.09,26589.54,26568.92,26610.44,26541.51,26533.31,26586.98,26703.99,26616.82,26462.23,26473.60,26626.58,26570.20,26530.18,26463.61,26461.73,26606.12,26489.35,26525.58,26422.82,26413.37,26368.77,26456.52,26518.08,26537.32,26536.81,26403.57,26424.38,26427.58,26375.38,26392.21,26410.11,26439.62,26365.64,26464.56,26273.44,26321.59,26455.02,26297.18,26326.50,26370.88,26484.22,26507.96,26495.44,26499.55,26468.40,26381.49,26334.45,26369.75,26249.60
cohort_10000_4.csv,4,25.5650,100.00,25313.55,25315.12,22.62,0.24,352.30,4.00,0.100000,2494.60,2500.20,2503.20,2502.00,obj,24756.90,25087.78,25316.97,25395.53,25150.40,25213.82,25203.09,25472.32,25294.11,25359.28,25340.70,25471.63,25296.96,25413.02,25335.39,25348.13,25287.93,25328.78,25164.55,25079.63,25335.58,25389.07,25322.31,25352.69,25435.95,25340.80,25381.45,25165.25,25150.18,25184.92,25073.85,25058.43,25062.81,25172.53,25142.43,25375.08,25458.02,25462.06,25356.38,25326.77,25105.91,25184.47,25240.34,25476.34,25497.96,25458.47,25399.91,25471.35,25547.65,25496.55,25593.28,25525.33,25503.18,25808.19,25805.36,25521.41,25433.54,25307.54,25298.26,25116.71,25284.02,25328.89,25079.09,25040.82,25010.96,25092.62,25204.35,24893.77,24876.25,24868.91,24994.15,24949.12,24850.36,24795.41,25021.58,24971.40,24963.08,24914.09,24763.78,24965.12,24867.78,24936.03,24848.99,24875.72,24894.01,24738.75,24746.26,24986.56,24984.92,24843.65,24885.71,24700.86,24728.80,24808.79,25013.14,25323.02,25297.35,25284.07,25218.76,25315.12
cohort_10000_5.csv,5,28.2617,100.00,23872.85,23879.07,48.12,0.33,1048.46,4.00,0.100000,1999.20,2000.80,1999.20,2003.00,1997.80,obj,27794.54,27904.76,28382.19,28949.83,29327.04,29361.88,29371.43,29329.93,29382.37,29436.81,29389.98,29428.73,29397.52,29297.64,29374.19,29482.27,29547.00,29647.29,29574.51,29552.49,29637.20,29625.84,29698.49,29689.42,29689.83,29674.40,29866.28,30088.17,29651.59,29702.19,29770.88,29724.15,29734.14,29786.20,29757.11,29736.84,29763.57,29721.37,29615.35,29040.32,28625.39,28475.11,28436.81,28374.91,28405.23,28390.68,28433.86,28406.78,28380.81,28388.61,28377.99,28450.67,28373.06,28416.91,28320.77,28302.46,28385.12,28364.27,28360.22,28366.23,28377.52,28381.46,28380.83,28356.70,28393.44,28397.27,28383.50,28431.61,28385.16,28443.58,28637.57,28454.33,28472.33,28375.02,28365.27,28339.52,28266.42,28251.16,28027.67,27852.20,27373.00,26852.64,26670.31,26493.37,26250.87,26067.70,25712.43,25588.92,25417.56,24878.32,24833.67,24811.97,24552.36,24074.66,24098.33,24173.19,24259.88,24004.26,23932.97,23879.07
cohort_10000_6.csv,6,30.5740,100.00,24113.49,24159.43,275.67,0.34,1251.48,4.00,0.100000,1666.20,1669.20,1668.60,1665.40,1666.40,1664.20,obj,28218.30,29068.81,29155.60,28729.01,28305.19,27972.99,27760.72,27851.50,27821.47,27964.00,28240.87,28294.65,28672.73,28943.87,29096.89,29291.15,29420.10,29483.62,29476.01,29532.27,29515.70,29542.72,29600.71,29703.21,29702.43,29696.39,29731.47,29682.51,29720.53,29696.04,29736.76,29784.12,29772.73,29848.48,29814.92,29823.44,29820.21,29836.63,29821.02,29849.76,29841.77,29901.60,29879.60,29923.54,29976.81,30025.68,30010.89,29971.60,29888.47,29980.00,29892.57,29758.83,29603.60,29445.27,28850.19,27921.94,27003.98,26487.02,25589.64,24823.37,24656.87,24501.24,24617.09,24676.10,24479.96,24374.55,24576.58,24456.56,24526.17,24568.16,24460.15,24395.90,24355.32,24328.98,24449.29,24360.26,24378.59,24289.97,24354.09,24291.94,24282.33,24324.82,24341.42,24178.51,24195.07,24199.16,24064.25,23995.82,24066.81,24010.03,24068.02,24069.03,24139.64,24122.99,24091.86,24129.56,24085.55,24075.08,24121.53,24159.43
cohort_10000_7.csv,7,33.3665,100.00,22231.24,22244.51,148.59,0.32,249.63,4.00,0.100000,1427.80,1429.60,1430.60,1432.00,1425.60,1427.80,1426.60,obj,28135.93,28914.49,28612.81,28141.34,27822.96,27656.57,27440.36,27420.62,27548.60,27864.22,28225.14,28469.57,28939.73,29172.08,29251.81,29316.60,29395.71,29487.16,29474.27,29545.87,29598.99,29603.52,29585.94,29609.62,29636.96,29644.08,29708.77,29704.19,29748.16,29826.57,29817.87,29833.63,29861.42,29888.30,29890.03,29884.24,29934.52,30001.82,29905.89,29976.86,29735.30,29680.30,29537.89,29396.11,28965.23,27946.79,27300.21,26424.76,25679.42,24633.66,24174.89,23771.50,23710.10,23622.18,23690.15,23472.11,23426.59,23495.42,23476.85,23317.09,23525.68,23360.63,23245.80,23262.32,23306.60,23132.01,23271.15,23133.00,23233.34,23123.48,23015.33,22906.17,22998.47,22980.41,22682.00,22718.66,22813.32,22693.72,22532.46,22455.09,22427.32,22402.86,22319.46,22191.96,22154.75,22145.65,22162.86,22091.97,22094.12,21899.46,22079.29,22142.87,22137.73,22056.05,22058.93,22009.75,22126.44,22251.85,22165.84,22244.51
cohort_10000_8.csv,8,35.7667,100.00,21822.77,21839.55,178.17,0.35,491.80,4.00,0.100000,1251.00,1250.20,1249.20,1247.20,1246.80,1251.60,1250.80,1253.20,obj,28844.97,28714.29,27411.86,26384.62,26088.73,25945.50,25954.44,25919.01,26044.19,26360.78,26717.10,27424.20,27999.80,28347.04,28595.74,28828.94,29121.82,29273.15,29342.47,29350.86,29450.82,29538.98,29544.26,29619.58,29653.89,29585.58,29630.12,29677.91,29730.26,29721.59,29692.56,30008.94,29661.97,29556.15,29414.38,29157.12,28734.83,28227.03,27052.74,25544.55,24453.71,24038.51,23738.46,23725.90,23688.21,23598.26,23387.19,23420.01,23516.43,23373.00,23250.81,23156.77,23232.45,23158.39,22995.40,22824.18,22995.16,22974.33,22728.89,22575.66,22518.31,22604.21,22542.37,22498.46,22664.59,22543.87,22449.70,22478.49,22404.24,22224.58,22166.61,22058.73,22024.06,22008.98,22060.23,21899.24,21900.61,21731.43,21726.81,21786.10,21852.87,21769.32,21642.48,21644.45,21735.76,21635.61,21711.03,21963.26,21756.71,21920.35,22025.87,21871.55,21939.86,21945.50,21968.67,22062.51,22020.30,22041.52,21949.84,21839.55
cohort_10000_9.csv,9,37.9572,100.00,21470.67,21481.64,92.96,0.34,314.79,4.00,0.100000,1111.20,1111.80,1106.40,1113.20,1109.00,1112.00,1109.00,1114.40,1113.00,obj,29366.52,28491.05,26882.27,25987.62,25308.40,24777.07,24887.65,24899.43,25100.00,25297.20,25811.12,26381.81,26889.23,27635.34,28310.61,28762.93,29100.54,29212.41,29312.92,29339.54,29443.81,29552.10,29640.47,29554.51,29383.19,29170.83,29183.25,29040.95,28613.86,28178.01,27600.02,27031.13,26269.01,25530.08,25188.41,24585.47,24236.27,24055.97,23915.53,23953.76,23811.94,23916.21,23725.59,23621.81,23546.03,23478.32,23403.76,23406.99,23360.83,23218.25,23156.51,23093.89,23113.82,23046.25,22924.03,23036.62,22819.30,22956.72,22957.08,22820.39,22637.63,22616.02,22509.66,22494.12,22273.70,22273.65,22192.45,22221.07,21997.86,22104.95,22063.54,22054.19,22123.25,22229.79,21975.13,21966.76,21886.39,21776.81,21678.52,21802.25,21829.15,21783.20,21727.25,21752.94,21777.81,21727.56,21744.25,21571.87,21615.95,21441.21,21520.64,21452.27,21512.66,21398.68,21532.14,21505.12,21542.98,21544.05,21538.76,21481.64
cohort_10000_10.csv,10,40.3875,100.00,21208.64,21219.46,67.80,0.39,246.32,4.00,0.100000,1000.60,999.80,999.60,1000.20,1002.80,1000.00,1001.40,997.60,997.60,1000.40,obj,29485.04,28534.24,26598.20,24821.56,24073.20,23669.87,23810.11,24007.36,24248.87,24522.82,24741.42,25110.76,25568.35,26336.38,26943.48,27610.33,27969.85,28194.95,28227.79,28225.30,28212.92,27915.05,27502.02,26711.92,25574.66,24524.88,23830.81,23741.54,23621.16,23462.32,23314.03,23300.62,23149.71,22971.19,22764.02,22791.62,22579.38,22760.54,22643.75,22397.17,22386.99,22299.93,22221.76,22225.46,22301.38,22117.94,22025.82,21965.22,21965.37,22102.79,21965.94,21791.21,21988.43,21704.83,21805.58,21829.32,21820.62,21944.70,21742.40,21796.15,21807.65,21691.86,21858.68,21703.47,21791.38,21727.27,21725.81,21730.67,21788.50,21670.74,21720.99,21683.41,21547.34,21479.81,21487.85,21461.87,21389.25,21445.67,21394.02,21491.25,21385.65,21271.64,21346.22,21184.81,21234.85,21257.97,21265.97,21368.62,21227.77,21326.20,21367.87,21164.01,21149.97,21172.18,21312.79,21421.93,21376.33,21169.93,21221.64,21219.46
diabeteshealthindicators1_10000_3.csv,3,23.1963,100.00,192156.60,192172.45,35.55,0.11,378.43,4.00,0.100000,3334.00,3332.60,3333.40,obj,200814.97,199887.49,197456.10,196378.27,195102.18,194358.63,193782.92,193889.79,193943.41,193853.51,193887.91,194114.70,193974.49,193818.13,193915.77,193565.25,193982.97,193792.55,193795.06,193788.35,193528.65,193714.33,193245.33,193038.31,193235.54,193301.79,193422.40,193021.96,193060.69,193096.16,193231.19,193055.90,193332.02,192757.85,192802.67,192786.23,192711.89,192918.13,192832.94,193122.59,192923.29,192670.60,192675.18,192603.30,192752.03,192761.48,192629.71,192736.66,192513.02,192687.72,192560.54,192428.20,192332.06,192475.32,192241.98,192401.37,192302.09,192414.51,192183.92,192218.57,192532.04,192307.25,192206.83,192451.45,192231.15,192082.57,192063.34,192500.95,192128.33,192249.84,191956.04,192072.12,192201.64,192004.38,192109.46,192025.37,191980.80,192178.32,191989.79,192094.82,192072.43,192465.00,192097.64,192194.71,192261.89,192391.56,192100.21,192615.15,192409.23,192399.55,192332.70,192326.39,192370.54,192214.76,191769.81,191835.11,192027.91,192188.35,191918.03,192172.45
diabeteshealthindicators1_10000_4.csv,4,25.9491,100.00,191975.25,191992.73,65.00,0.24,723.35,4.00,0.100000,2497.60,2500.00,2500.40,2502.00,obj,200494.28,200060.51,199233.83,198756.47,197835.53,197076.07,196816.90,196792.15,196202.15,196115.71,195698.44,195542.26,195554.84,195385.07,195394.73,194885.44,194578.78,194698.43,194574.34,194215.31,194131.72,194106.96,193870.59,193701.79,193683.99,193717.10,193727.86,193452.10,193323.25,193343.47,193293.19,193255.74,193236.50,193137.51,193111.49,192965.35,193065.39,193023.94,193021.17,193042.35,193002.85,193116.47,193060.47,192975.01,193109.05,193106.94,193141.13,192905.06,192815.56,193002.40,192823.29,192810.40,192812.46,192784.71,192790.27,192754.18,192741.57,192842.94,192692.65,192546.54,192680.14,192687.46,192576.23,192538.43,192377.65,192561.37,192411.16,192491.60,192390.91,192336.30,192345.00,192324.19,192226.63,192204.78,192252.47,192280.50,192220.77,192241.63,192089.29,191988.80,192034.33,192054.52,192144.38,192146.39,192072.04,192147.24,192148.00,192074.36,192010.90,192016.92,191998.12,191961.90,191937.83,192056.74,192043.84,192089.38,192093.69,192120.79,192036.27,191992.73
diabeteshealthindicators1_10000_5.csv,5,28.3574,100.00,189745.77,189760.00,70.88,0.16,613.46,4.00,0.100000,2000.20,1999.60,1997.80,2002.20,2000.20,obj,201809.51,201991.63,199095.06,196626.91,194684.86,193724.85,193736.35,193925.10,193460.42,193485.82,193164.50,193116.05,193107.61,192715.41,192676.18,192692.64,192629.71,192821.24,192644.76,192527.57,192387.28,192402.72,192447.76,192443.49,192598.78,192582.82,192641.98,192536.43,192514.00,192715.14,192512.90,192494.29,192558.26,192508.63,192419.12,192323.98,192450.99,192529.20,192425.97,192354.68,192502.09,192533.92,192707.67,192480.29,192485.03,192505.40,192518.11,192790.11,192680.00,192613.87,192531.55,192452.75,192434.97,192526.53,192488.63,192371.59,192473.04,192304.88,192206.16,192323.80,192186.18,192079.66,191917.31,191853.43,191705.53,191666.35,191584.89,191487.40,191337.82,191291.03,191224.84,191087.31,190944.86,190973.34,191080.50,191481.25,191263.69,190745.26,190552.44,190482.66,190328.09,190235.05,190015.18,190217.05,190348.14,190299.88,190157.23,190092.76,190110.16,190081.44,190097.91,190011.80,190253.08,190074.17,190000.85,190022.87,189955.97,189913.36,189810.73,189760.00
diabeteshealthindicators1_10000_6.csv,6,39.1715,100.00,189030.20,189055.06,116.52,12.60,1632.18,4.00,0.100000,1668.80,1667.80,1667.80,1665.20,1665.60,1664.80,obj,201745.15,200376.00,196917.63,194423.17,193469.78,193251.23,192973.95,192846.59,192729.25,192438.61,192672.69,192291.14,192396.67,192505.74,192379.68,192214.41,192126.65,192228.92,191969.33,191979.91,192008.52,192020.10,192025.35,191756.88,191666.13,191552.69,191507.77,191499.24,191404.72,191315.75,191278.26,191235.21,191058.77,190984.47,190892.41,190961.25,190925.28,190780.75,190899.87,190647.52,190747.59,190635.81,190649.63,190549.37,190571.42,190517.11,190414.35,190532.99,190460.03,190256.92,190500.09,190534.10,190480.60,190448.73,190544.90,190444.82,190373.99,190201.91,190193.75,190153.21,189987.78,190025.69,189966.96,189877.31,189995.15,189837.55,189890.99,189677.44,189662.89,189729.19,189569.30,189538.67,189470.21,189534.87,189455.66,189479.30,189470.03,189472.57,189286.97,189320.56,189322.00,189217.45,189287.07,189396.28,189376.72,189379.90,189426.65,189329.95,189362.30,189349.56,189235.07,189281.47,189064.55,189068.75,189113.59,188977.24,188858.30,188971.06,188927.27,189055.06
diabeteshealthindicators1_10000_7.csv,7,54.8628,100.00,186176.58,186183.36,70.00,12.33,639.70,4.00,0.100000,1425.60,1429.20,1429.40,1430.00,1426.20,1428.80,1430.80,obj,201216.25,194848.88,191287.86,190922.05,190572.09,190585.57,190581.06,190177.56,190017.98,189922.32,189833.66,189440.18,189399.12,189173.10,189264.18,189091.23,188994.49,188827.73,188810.43,188904.65,188577.36,188475.29,188446.16,188202.60,188270.81,188203.56,188132.01,188203.91,188157.17,188123.24,188122.16,187962.11,188064.59,188014.75,187946.06,187907.16,187785.44,187833.68,187674.44,187743.55,187637.41,187601.69,187571.83,187500.97,187338.04,187261.70,187320.56,187208.30,187240.17,187247.06,187234.36,187145.15,187169.39,187239.66,187097.57,186965.35,187137.77,187027.59,186982.18,186911.99,186767.88,186817.59,187019.36,186948.47,186732.75,186782.08,186723.36,186688.12,186692.75,186617.30,186515.11,186716.71,186621.08,186717.91,186676.70,186626.40,186553.71,186677.29,186602.55,186425.19,186449.04,186450.19,186609.86,186419.96,186519.47,186368.28,186360.27,186221.07,186263.55,186253.99,186161.52,186251.74,186214.99,186121.82,186310.96,186183.07,186155.71,186166.01,186209.39,186183.36
diabeteshealthindicators1_10000_8.csv,8,35.1310,100.00,186620.78,186628.01,99.70,0.25,2184.94,4.00,0.100000,1250.40,1249.00,1249.00,1248.80,1247.60,1253.00,1249.60,1252.60,obj,203668.88,196894.75,191923.46,191403.02,191282.31,190918.19,190834.65,190598.20,190488.38,190588.17,190473.53,190213.52,190121.64,189922.51,189899.96,189767.85,189782.95,189632.16,189650.28,189650.63,189609.03,189479.86,189227.27,189307.73,189297.13,189088.78,189049.63,188795.43,188644.37,188737.72,188830.51,188574.11,188569.48,188626.14,188597.99,188510.37,188485.62,188533.68,188510.90,188408.61,188302.49,188105.87,187927.34,188046.16,187925.90,187820.23,188000.82,187696.32,187730.90,187721.95,187550.95,187613.63,187471.14,187578.12,187698.57,187411.98,187438.96,187443.28,187327.87,187351.67,187299.89,187274.76,187376.55,187320.99,187052.34,187201.63,187224.27,187105.96,187287.74,187055.24,187179.39,187270.24,187039.62,187099.13,187099.98,187074.55,187030.40,187020.28,186931.68,186862.87,186909.05,186848.29,186983.57,186988.34,187001.82,187031.59,186849.38,186857.23,186869.79,186961.86,186761.92,186653.44,186496.63,186575.41,186617.31,186641.68,186626.62,186593.92,186683.11,186628.01
diabeteshealthindicators1_10000_9.csv,9,53.9194,100.00,185947.00,185975.00,47.12,16.89,203.56,4.00,0.100000,1110.80,1112.20,1111.40,1109.60,1112.00,1111.80,1111.00,1108.20,1113.00,obj,202130.02,196551.14,191593.41,190375.24,190181.85,190029.90,189740.54,189662.21,189310.98,189441.24,189083.71,189061.10,188704.69,188569.72,188650.41,188610.63,188514.94,188511.62,188273.69,188282.32,188109.17,187887.90,187684.34,187488.00,187396.23,187304.65,187293.59,187238.79,187304.66,187142.57,187256.48,187079.12,187048.09,187002.11,186910.37,186979.18,186934.29,186860.33,187041.57,187186.83,187009.01,187278.68,187343.87,187240.22,187152.46,187219.64,187270.10,187211.05,187220.67,187166.86,186968.99,186909.66,186859.45,186822.79,186708.91,186557.32,186543.01,186542.77,186570.18,186319.58,186350.04,186302.59,186217.25,186079.54,186198.68,186226.79,186204.72,186243.22,186189.98,186243.02,186259.85,186339.18,186180.75,186271.22,186189.25,186300.96,186253.80,186143.98,186267.39,186194.14,186145.94,186281.50,186137.32,186089.19,186168.25,186256.91,186242.21,186082.39,186124.18,186030.22,186207.74,186049.00,185963.48,186152.88,186035.69,186095.05,186069.71,185895.24,185960.23,185975.00
diabeteshealthindicators1_10000_10.csv,10,80.1376,100.00,185658.62,185703.12,446.00,1.77,1437.44,4.00,0.100000,1001.60,1000.40,1000.40,1000.60,997.60,998.80,1000.20,1001.20,997.60,1001.60,obj,205069.74,198039.57,191790.24,191202.21,189977.87,189480.09,189657.20,189133.49,188877.94,188925.72,188712.06,188775.11,188701.65,188945.94,188676.94,188841.74,188728.99,188734.51,188430.97,188465.95,188350.58,188167.87,187975.57,188285.43,188325.66,188089.17,188104.66,187999.36,187870.68,187981.71,187853.18,187712.50,187564.23,187670.83,187518.73,187676.54,187545.79,187457.76,187618.86,187551.96,187278.23,187173.96,187211.48,187120.16,187151.59,187168.33,187063.00,187115.99,186943.04,186931.53,186853.12,186745.83,186820.85,186931.81,186692.11,186620.90,186540.55,186706.06,186740.15,186600.03,186393.69,186475.88,186512.37,186390.85,186395.75,186376.26,186276.08,186245.42,186320.52,186134.35,186126.26,185953.51,185839.90,185892.35,185799.42,186144.62,186059.90,185816.73,185861.53,186006.75,185974.67,185914.83,185842.20,185881.56,185885.64,185934.35,185889.38,185921.78,185675.02,185595.24,185665.40,185673.79,185773.97,185557.89,185692.91,185574.84,185795.50,185698.61,185852.83,185703.12
NHANES_10000_3.csv,3,2.1644,100.00,17676.99,17681.22,8.81,0.10,145.88,4.00,0.100000,761.00,756.60,760.40,obj,20051.07,19567.45,18866.32,18572.45,18476.34,18401.49,18354.43,18191.91,18186.45,18185.09,18092.72,18096.59,18068.56,18141.26,18012.57,18040.87,17944.35,17981.82,17942.70,17901.11,17890.08,17882.18,17861.16,17839.48,17814.33,17842.23,17833.42,17765.07,17770.04,17815.09,17856.18,17760.45,17767.62,17719.33,17713.99,17818.73,17747.57,17731.16,17814.52,17781.77,17775.04,17789.32,17792.92,17788.06,17769.31,17763.06,17760.52,17766.52,17724.88,17693.19,17776.64,17718.81,17729.82,17751.54,17710.88,17701.66,17726.89,17745.34,17709.68,17630.69,17723.64,17706.34,17612.33,17604.15,17647.66,17586.68,17589.19,17604.74,17578.35,17559.67,17629.43,17584.16,17633.20,17575.81,17551.48,17536.24,17550.61,17627.80,17567.52,17611.40,17612.51,17636.08,17638.83,17673.53,17655.70,17659.39,17699.36,17661.54,17659.63,17714.38,17736.36,17702.46,17765.01,17760.74,17686.99,17761.16,17738.48,17740.17,17689.93,17681.22
NHANES_10000_4.csv,4,2.7810,100.00,16401.46,16431.15,107.06,0.05,50.75,4.00,0.100000,567.40,571.60,566.40,572.60,obj,19671.26,18445.45,17884.69,17705.10,17575.93,17437.77,17410.24,17326.91,17240.23,17268.82,17248.91,17181.94,17159.26,17177.76,17116.63,17110.18,17026.87,17009.09,16935.26,16937.55,16950.95,16948.07,16889.54,16928.72,16869.58,16804.16,16718.77,16800.99,16737.07,16779.73,16713.56,16546.81,16691.92,16660.60,16682.49,16663.11,16689.62,16730.83,16662.63,16706.87,16568.52,16593.87,16561.86,16563.84,16685.65,16651.74,16608.65,16611.88,16568.86,16495.42,16613.17,16624.18,16563.59,16589.86,16596.63,16603.01,16466.63,16531.64,16471.70,16568.90,16558.60,16525.07,16496.98,16470.40,16607.90,16523.94,16550.26,16589.14,16578.38,16594.44,16498.53,16560.93,16398.42,16465.41,16407.52,16458.37,16415.05,16420.40,16437.15,16536.07,16587.90,16405.87,16472.98,16458.65,16303.50,16353.54,16452.46,16389.81,16423.36,16311.71,16410.90,16450.05,16513.72,16473.05,16492.10,16454.02,16507.91,16438.59,16422.15,16431.15
NHANES_10000_5.csv,5,3.4205,100.00,15903.90,15909.92,20.02,0.06,69.26,4.00,0.100000,455.00,456.40,454.60,458.20,453.80,obj,19133.65,17742.62,17448.14,17356.89,17252.59,17120.47,17111.42,17079.35,17084.35,17007.91,16961.49,16923.67,16926.22,16919.52,16822.20,16864.24,16902.30,16880.88,16852.88,16777.73,16734.47,16756.21,16689.69,16702.56,16650.18,16658.54,16596.75,16559.28,16528.44,16467.48,16476.13,16570.18,16439.11,16607.09,16514.55,16533.11,16520.27,16436.65,16370.87,16469.21,16360.91,16306.57,16282.78,16380.35,16249.26,16258.71,16361.14,16305.55,16191.80,16060.65,16062.34,16039.00,15830.78,15871.98,15893.92,15970.55,15820.57,15922.74,15838.00,15800.39,15768.38,15808.02,15864.83,15930.63,15795.55,15801.55,15857.57,15848.65,15803.38,15862.31,15916.46,15769.80,15953.40,15902.91,15902.14,15849.90,15885.69,15847.98,15943.93,15828.11,15864.15,15748.29,15799.90,15879.20,15839.93,15865.25,15831.65,15783.52,15737.65,15754.25,15777.12,15743.47,15843.05,15861.70,15760.34,15729.74,15699.05,15807.15,15853.75,15909.92
NHANES_10000_6.csv,6,3.9167,100.00,15916.95,15932.04,39.69,0.14,65.60,4.00,0.100000,381.80,382.40,379.40,379.20,375.80,379.40,obj,19246.32,18387.48,17494.64,17179.72,17036.35,16931.81,16913.40,16708.68,16702.49,16668.92,16525.40,16600.81,16476.11,16535.49,16362.67,16497.49,16312.96,16290.80,16318.15,16294.27,16253.82,16209.79,16298.05,16195.39,16036.07,16049.76,16025.48,16025.16,16045.79,16037.62,16101.52,16108.61,16100.82,16077.55,16076.98,16101.12,16172.21,16057.22,16019.10,16068.78,16010.77,15999.42,16076.24,16028.83,15977.56,15945.97,16077.18,16094.25,16031.51,15978.44,16011.71,16034.30,15991.71,16042.60,15997.86,16008.94,15972.08,16011.27,16056.19,16062.17,15972.52,15952.05,16005.58,16011.72,15942.92,15986.52,15868.18,15905.14,15956.26,15916.31,15957.36,15989.67,15993.85,15835.81,15918.07,15946.28,15874.05,15862.22,15950.40,15903.77,15940.42,15925.55,15846.38,15925.39,15885.91,15956.95,15928.22,15894.90,15896.77,15879.38,15941.84,15983.57,15876.43,15853.93,15909.51,15908.63,15902.04,15956.13,15833.64,15932.04
NHANES_10000_7.csv,7,4.3764,100.00,15529.85,15538.06,16.64,0.12,176.73,4.00,0.100000,322.20,323.40,327.80,326.80,324.80,327.00,326.00,obj,18218.92,17915.16,17646.85,17442.24,17155.55,17171.77,16929.63,16803.62,16543.83,16516.54,16343.94,16289.46,16275.58,16197.85,16101.03,16114.05,16013.50,16094.33,16043.13,15935.37,15914.11,15851.44,15838.08,15803.73,15766.42,15665.06,15682.96,15580.23,15479.77,15490.27,15661.14,15644.80,15552.17,15568.65,15554.08,15610.82,15617.71,15582.43,15529.83,15623.37,15590.33,15611.48,15463.30,15508.60,15444.76,15470.24,15394.29,15503.12,15523.88,15509.38,15587.41,15435.97,15412.98,15508.45,15561.40,15664.27,15494.92,15484.20,15492.43,15482.01,15383.41,15511.98,15510.29,15497.61,15545.76,15505.05,15619.72,15434.97,15448.67,15486.29,15515.91,15500.05,15488.41,15511.34,15555.45,15549.40,15547.61,15521.95,15466.63,15555.07,15498.15,15550.72,15630.27,15542.76,15488.09,15439.71,15491.87,15594.57,15483.94,15591.18,15482.06,15496.13,15493.79,15485.69,15540.60,15409.10,15364.07,15461.13,15626.07,15538.06
NHANES_10000_8.csv,8,5.0616,100.00,15511.71,15526.20,52.10,0.13,366.58,4.00,0.100000,284.60,282.40,283.60,284.00,283.20,287.20,286.20,286.80,obj,18788.27,18055.73,17507.22,17227.11,17183.66,16960.19,16916.74,16766.64,16618.68,16439.03,16352.46,16378.84,16322.01,16222.47,16139.29,16151.72,15996.79,16025.49,15997.75,15909.63,15927.34,15898.00,15793.34,15763.90,15781.26,15760.12,15853.14,15885.55,15814.28,15823.40,15783.24,15837.11,15670.94,15730.10,15685.99,15745.25,15728.14,15754.88,15679.99,15785.38,15718.77,15859.15,15713.57,15735.36,15736.07,15711.92,15823.65,15732.90,15758.78,15664.85,15610.55,15785.29,15719.22,15790.69,15736.21,15628.78,15685.77,15613.09,15659.78,15689.19,15643.84,15556.41,15581.44,15554.56,15611.22,15593.57,15604.27,15662.19,15545.80,15507.52,15562.30,15677.81,15506.42,15747.45,15634.05,15603.88,15700.48,15729.65,15626.77,15542.45,15696.58,15606.46,15633.61,15625.31,15614.61,15547.98,15659.71,15623.17,15630.39,15664.85,15731.77,15664.04,15573.55,15697.23,15633.31,15558.34,15648.69,15626.47,15596.50,15526.20
NHANES_10000_9.csv,9,5.8146,100.00,15580.57,15620.75,161.16,0.17,223.78,4.00,0.100000,253.40,250.40,253.60,254.00,255.20,254.20,253.20,252.20,251.80,obj,18461.83,18312.40,17826.08,17569.65,17346.63,17099.41,17117.14,16891.53,16749.64,16623.05,16498.64,16456.40,16500.75,16352.01,16236.72,16075.75,15899.36,15744.12,15876.09,15738.86,15925.46,15790.49,15786.54,15851.63,15677.73,15659.66,15615.79,15586.20,15617.15,15673.89,15617.86,15585.06,15686.09,15669.62,15543.35,15637.40,15629.45,15655.65,15646.02,15654.45,15599.68,15591.74,15654.63,15741.42,15683.64,15610.16,15592.14,15682.83,15644.35,15602.32,15779.31,15617.52,15685.50,15606.35,15583.40,15574.39,15622.54,15619.31,15677.95,15638.92,15562.73,15667.23,15698.18,15700.67,15497.30,15559.18,15583.28,15490.05,15616.79,15575.21,15625.19,15675.30,15548.45,15591.79,15536.77,15650.49,15636.70,15632.09,15636.73,15638.33,15575.63,15634.09,15599.60,15643.64,15614.55,15669.47,15611.25,15651.23,15640.57,15543.18,15509.43,15560.81,15575.76,15667.73,15662.91,15576.56,15608.80,15509.25,15545.12,15620.75
NHANES_10000_10.csv,10,9.5134,100.00,15386.62,15420.56,181.08,0.56,63.63,4.00,0.100000,228.20,229.20,227.60,226.60,229.00,228.20,230.40,227.80,226.00,225.00,obj,18457.44,17981.11,17807.55,17349.16,17151.80,16973.51,16800.68,16516.00,16331.85,16257.03,16127.99,16075.90,16025.80,15993.78,15942.52,15970.15,15992.02,15928.54,15898.69,15896.86,15800.33,15816.75,15786.16,15767.87,15743.82,15672.53,15592.09,15645.93,15569.53,15501.52,15470.84,15485.69,15454.35,15404.87,15415.75,15440.88,15485.31,15406.19,15418.15,15455.77,15398.82,15347.15,15471.37,15484.68,15324.04,15283.05,15394.56,15374.99,15345.52,15433.46,15473.65,15419.50,15438.67,15372.62,15388.98,15495.44,15420.89,15492.14,15475.74,15384.58,15352.20,15498.65,15333.10,15449.79,15399.73,15435.68,15536.20,15393.12,15424.07,15503.99,15399.89,15446.38,15401.83,15520.88,15418.19,15452.42,15445.46,15500.52,15457.52,15424.29,15464.17,15387.61,15448.47,15499.54,15426.82,15463.99,15475.33,15411.31,15467.92,15480.53,15438.87,15541.59,15482.54,15491.13,15449.95,15410.19,15428.79,15434.77,15483.78,15420.56
athlete_10000_3.csv,3,21.9829,100.00,26675.02,26675.72,873.47,0.50,46.32,4.00,0.001000,3331.00,3334.00,3335.00,obj,26997.47,26542.35,26664.91,26616.67,26684.02,26707.80,26694.46,26657.45,26734.98,26778.79,26626.39,26710.02,26703.09,26638.31,26644.90,26732.55,26863.54,26655.58,26778.31,26746.86,26650.08,26777.10,26716.43,26699.48,26673.25,26759.10,26692.50,26798.84,26799.13,26710.71,26610.47,26653.61,26714.40,26739.56,26693.44,26687.79,26675.66,26643.33,26680.66,26815.09,26646.07,26682.40,26760.77,26731.80,26707.50,26528.91,26697.07,26740.44,26657.74,26646.74,26664.20,26638.49,26684.30,26728.69,26692.84,26725.56,26716.78,26708.11,26722.11,26744.52,26671.61,26647.66,26622.74,26730.92,26705.52,26681.89,26659.79,26640.97,26708.60,26684.32,26765.91,26642.51,26677.33,26617.30,26668.78,26671.92,26683.63,26684.86,26615.04,26668.41,26723.25,26778.85,26594.31,26712.11,26615.19,26698.19,26634.31,26627.88,26674.37,26678.54,26718.62,26626.60,26751.07,26711.05,26741.03,26782.63,26735.80,26754.92,26726.19,26675.72
athlete_10000_4.csv,4,25.4773,100.00,25362.99,25352.42,1228.20,0.28,253.51,4.00,0.001000,2510.20,2468.60,2534.40,2486.80,obj,23503.57,23779.65,24058.34,24627.23,25882.55,25357.76,25479.87,25630.31,25292.63,25458.63,25510.99,25338.80,25455.12,25403.59,25398.51,25241.57,25225.84,25258.82,25345.11,25286.77,25334.10,25465.77,25321.62,25309.79,25259.69,25219.45,25312.16,25271.72,25301.12,25354.88,25392.79,25414.03,25140.72,25351.57,25375.53,25291.31,25413.18,25420.99,25246.71,25233.63,25201.75,25263.65,25197.02,25235.79,25410.09,25465.38,25094.46,25226.70,25359.07,25168.90,25264.20,25309.63,25195.97,25420.40,25258.21,25390.01,25364.72,25293.91,25227.70,25255.45,25307.82,25224.81,25140.09,25232.16,25345.37,25180.35,25297.84,25148.03,25328.87,25329.72,25354.62,25213.87,25326.42,25303.31,25327.11,25268.63,25304.87,25314.41,25289.89,25217.08,25075.26,25121.38,25255.71,25240.39,25249.77,25193.89,25280.01,25374.86,25365.78,25376.13,25299.36,25219.22,25276.02,25237.23,25322.96,25078.85,25235.00,25386.47,25346.82,25352.42
athlete_10000_5.csv,5,28.3857,100.00,24402.10,24645.57,52837.00,0.50,125.76,4.00,0.001000,2041.40,1992.60,2032.40,2003.00,1930.60,obj,23128.40,23589.07,24054.86,23927.63,24002.55,24312.83,24470.84,24437.36,24522.27,24506.36,24696.89,24541.12,24508.75,24536.12,24459.07,24576.71,24385.81,24375.53,24630.19,24717.09,24453.34,24439.59,24487.17,24531.21,24573.05,24576.34,24457.27,24467.44,24550.49,24483.49,24638.02,24547.86,24586.07,24478.09,24585.32,24423.73,24379.28,24387.29,24499.94,24517.25,24472.91,24519.14,24631.72,24524.66,24663.25,24420.62,24424.12,24402.40,24364.22,24547.41,24539.94,24388.84,24339.51,24664.48,24562.09,24543.63,24530.58,24421.89,24429.99,24491.36,24446.39,24427.55,24515.81,24451.88,24521.73,24635.87,24525.43,24434.91,24562.30,24356.22,24398.95,24424.93,24444.18,24449.72,24415.11,24455.13,24316.90,24400.75,24457.11,24480.81,24459.56,24565.95,24527.93,24657.24,24550.89,24672.13,24454.71,24520.65,24527.50,24495.81,24416.52,24360.37,24382.84,24517.82,24412.59,24618.71,24554.43,24547.98,24480.44,24645.57
athlete_10000_6.csv,6,30.1923,100.00,23504.31,23592.01,6395.60,0.35,610.48,4.00,0.001000,1656.60,1636.60,1708.20,1664.20,1664.80,1669.60,obj,24184.03,23930.41,23880.31,23500.93,23404.54,22967.17,22864.92,23163.47,22992.92,23218.89,22987.92,23018.20,23170.00,23220.09,23295.18,23135.20,23165.76,23096.90,23177.31,23328.19,23163.98,23283.96,23195.75,23160.60,23002.74,23197.53,23232.27,23268.63,23382.05,23209.82,23502.17,23500.55,23532.14,23509.69,23606.90,23535.37,23333.83,23370.85,23424.00,23178.63,23225.41,23236.26,23108.01,23382.91,23501.40,23471.48,23650.77,23652.47,23480.19,23204.18,23133.35,23019.48,22881.61,23173.09,22879.30,22620.43,23014.52,23272.86,23655.37,23631.67,23465.43,23562.08,23360.51,22977.88,23221.54,23125.50,23271.85,23571.64,23527.52,23813.07,23515.84,23647.91,23581.41,23701.58,23678.05,23951.09,23776.93,23489.43,23477.88,23266.91,23219.45,23074.59,22953.17,22469.25,23321.91,23559.74,23524.85,23569.70,23400.19,23296.52,23031.89,23131.72,23226.10,23221.76,23214.10,23650.27,24262.07,24028.69,23918.13,23592.01
athlete_10000_7.csv,7,33.3407,100.00,22894.61,22921.22,5657.69,2.02,1614.97,4.00,0.001000,1418.40,1453.60,1422.60,1420.80,1425.40,1442.20,1417.00,obj,23253.53,22774.22,23153.16,23426.31,23883.92,24328.48,23592.52,23662.49,23752.82,23831.09,23778.14,23783.22,23845.12,23735.12,23716.06,23735.37,23789.84,23902.04,23818.00,23784.70,23732.58,23641.50,23789.90,23790.66,23856.05,23796.68,23651.26,23792.53,23842.94,23865.04,23662.09,23642.64,23559.41,23717.32,23613.61,23845.71,23877.77,23382.93,23253.06,23275.58,23175.96,23358.66,23225.23,23393.83,23331.29,23336.53,23368.95,23255.78,23540.70,23400.87,23139.19,23283.89,23495.55,23264.67,23442.47,23442.78,23272.29,23073.72,23099.46,22927.56,22880.98,22881.07,22957.71,22911.68,22989.45,22916.92,22966.41,22827.97,22909.72,22979.80,22804.77,22868.25,23025.66,22869.03,22887.21,22926.19,22954.49,22924.85,22808.76,22988.56,22940.18,22906.29,22888.71,22810.50,22937.09,22964.48,22916.65,22878.90,23087.01,22830.23,22844.35,23186.11,23079.26,22877.10,23050.08,22829.75,22962.65,22978.46,23059.57,22921.22
athlete_10000_8.csv,8,35.1774,100.00,23103.19,23101.87,3473.30,0.56,1308.59,4.00,0.001000,1293.80,1271.60,1275.60,1245.80,1208.40,1212.00,1253.20,1239.60,obj,23273.92,22759.91,22792.99,22943.56,22858.47,22901.84,23184.06,23394.86,23326.67,23247.41,23161.18,23071.71,23090.95,23113.03,23025.44,23063.00,23160.28,23072.25,23424.46,23211.51,23060.11,23104.15,23159.76,23233.07,23329.86,23166.94,23153.07,23152.69,23536.30,23394.40,23368.99,23233.66,23262.55,23227.93,23105.24,23068.73,23107.39,23170.96,23513.87,23126.47,23197.32,23281.19,23124.05,23199.80,23148.60,23300.41,23136.48,23371.32,23353.45,23184.94,23089.94,23233.93,23196.04,23044.91,23155.02,23125.71,23008.72,23199.57,23128.79,23254.01,23258.68,23165.97,22975.18,23061.48,22964.51,22976.28,23184.92,23129.92,23023.36,23314.08,23015.33,23037.61,22972.47,23036.57,22967.46,23095.40,23371.69,23175.39,23210.82,23284.95,23065.62,23248.13,23016.25,22969.23,23129.31,23101.77,23176.25,23131.14,23304.70,22811.41,23199.50,23027.76,23121.99,23170.87,23140.28,23019.65,23319.31,23101.37,22968.56,23101.87
athlete_10000_9.csv,9,36.8726,100.00,21769.14,21603.72,180959.40,0.71,537.07,4.00,0.001000,1140.40,1090.80,1151.60,1106.20,1144.80,1054.20,1093.80,1026.80,1191.40,obj,21172.06,21188.00,21136.62,21405.62,21460.48,21551.57,21478.19,21884.49,22031.34,22541.67,22291.43,22088.52,22486.67,22670.64,23202.00,23151.89,23443.78,23471.96,23267.78,22846.23,23048.60,22919.65,22215.02,21438.46,21743.18,22371.35,22237.85,22473.30,22420.95,22331.32,22221.54,21985.47,22049.21,22317.40,22108.64,22775.84,22609.31,22606.44,22659.69,22688.50,22622.58,22050.64,20900.50,21311.58,21743.70,21997.22,21797.00,21962.68,21791.84,21894.11,21616.08,21733.75,22273.11,21971.45,22015.05,22107.90,22351.79,22217.23,22378.36,22318.12,22097.70,21285.63,21381.61,21539.30,21773.91,21915.70,21747.12,21680.10,21597.15,21656.78,21806.40,22119.24,22150.23,22273.20,22226.17,22224.69,22219.78,22028.09,21850.68,22010.07,21261.44,21682.46,21763.38,21813.53,21697.52,21727.30,21580.98,21544.71,21941.15,21998.79,22213.65,22165.72,22178.48,22377.54,22188.52,22144.82,22297.36,21048.00,21269.84,21603.72
athlete_10000_10.csv,10,38.7317,100.00,21220.75,21263.89,4424.00,0.64,475.46,4.00,0.001000,964.80,1011.40,968.80,997.60,965.80,1015.80,995.40,1025.40,1043.20,1011.80,obj,22270.34,21088.71,21204.06,21393.60,21715.65,20928.90,20794.05,21087.85,21161.83,21046.54,20757.77,20836.11,20875.23,21052.85,21001.27,20970.42,21047.25,21076.84,21071.37,21184.07,21390.41,21307.34,21347.55,21404.24,21333.16,21159.87,21213.97,21197.82,21212.78,21220.18,21282.33,21234.82,21381.39,21195.39,21476.25,21619.94,21918.49,21947.63,22086.94,21749.83,21644.03,21772.69,21396.38,21366.34,21463.68,21772.83,21646.37,21666.74,21487.99,21416.51,21347.69,20965.55,21350.69,21279.67,21142.72,21131.56,21269.84,21006.84,21069.79,21248.14,21285.46,21264.32,21186.32,21253.04,20994.84,21228.68,21109.75,21327.03,21163.01,21243.70,21275.84,21039.90,21133.83,21695.66,21908.35,21776.38,21968.33,21921.96,21457.28,21417.56,21394.56,21213.34,21104.13,21083.73,21146.44,21332.37,20989.68,21253.61,21206.50,21163.74,21184.65,21169.09,21298.25,21243.27,21311.26,21442.59,21265.51,21594.86,21350.79,21263.89
census_10000_3.csv,3,22.1038,100.00,31755.11,31757.14,437.87,0.68,79.62,4.00,0.001000,3327.40,3341.80,3330.80,obj,35134.13,33245.40,32756.59,32240.78,32045.63,31920.21,31845.86,31836.23,31953.96,31907.60,31816.21,31870.88,31899.22,31852.08,31809.72,31898.08,31817.02,31914.36,31783.39,31864.67,31789.03,31854.29,31821.01,31817.88,31816.00,31839.73,31783.33,31731.65,31866.91,31841.07,31808.43,31815.38,31830.57,31863.88,31779.33,31766.74,31803.79,31797.37,31721.47,31838.42,31822.44,31721.84,31820.55,31776.32,31769.89,31722.43,31787.77,31748.67,31752.84,31800.94,31807.72,31766.22,31754.86,31776.59,31816.99,31724.46,31783.76,31795.00,31818.15,31742.52,31775.56,31737.02,31714.33,31793.76,31797.13,31703.47,31724.57,31793.20,31804.61,31737.99,31759.21,31823.46,31805.59,31734.18,31747.83,31770.00,31731.72,31792.69,31784.83,31742.06,31723.35,31796.17,31810.09,31713.58,31772.18,31760.51,31703.50,31828.45,31728.61,31734.12,31801.95,31730.67,31714.14,31738.77,31731.70,31752.79,31743.52,31746.18,31730.23,31757.14
census_10000_4.csv,4,24.3009,100.00,31326.34,31325.02,1844.20,0.06,63.52,4.00,0.001000,2492.40,2486.80,2511.40,2509.40,obj,33954.72,31843.26,31474.27,31509.15,31288.92,31257.33,31286.19,31290.37,31332.44,31311.20,31289.94,31341.67,31253.79,31311.46,31242.56,31234.89,31290.85,31229.77,31280.91,31263.27,31290.08,31305.70,31286.57,31368.47,31313.74,31331.57,31305.87,31321.33,31295.16,31338.25,31382.48,31377.66,31282.28,31216.17,31265.39,31199.99,31285.38,31259.36,31229.97,31283.09,31227.35,31314.21,31302.91,31350.13,31336.11,31356.73,31375.38,31342.82,31307.38,31356.13,31418.49,31423.27,31397.12,31461.97,31379.77,31459.64,31336.69,31372.79,31462.71,31377.73,31411.95,31400.05,31355.25,31319.06,31429.80,31375.55,31401.55,31406.98,31395.51,31418.52,31417.71,31441.43,31364.84,31393.70,31352.56,31402.57,31370.54,31387.24,31429.84,31332.93,31450.20,31455.68,31344.55,31437.36,31396.60,31371.87,31428.00,31364.21,31359.07,31366.36,31454.07,31371.84,31391.21,31371.66,31388.99,31408.45,31378.36,31392.14,31302.90,31325.02
census_10000_5.csv,5,26.7688,100.00,31152.32,31168.77,3556.00,0.05,530.39,4.00,0.001000,2007.60,1994.80,2007.20,1996.40,1994.00,obj,32543.54,30784.67,30786.83,30874.98,30899.17,30997.33,31048.70,31136.12,31072.34,31006.71,31074.70,31016.93,31039.98,31076.31,31070.53,31114.54,31134.87,31154.92,31101.49,31155.11,31199.86,31131.92,31240.89,31137.92,31184.15,31160.24,31066.70,30953.17,31133.31,31142.03,31118.55,31100.97,31162.49,31036.75,31070.03,31050.42,31042.07,31016.54,31071.31,31057.38,31049.28,31059.77,31035.86,31066.30,31156.18,31109.88,31074.34,31090.18,31127.53,31040.98,31107.11,31110.69,31133.80,31099.14,31029.23,31140.42,31175.15,31099.56,31088.25,31087.36,31090.62,31075.55,31156.20,31136.78,31128.10,31057.31,31107.06,31130.94,31129.81,31070.13,31103.35,31124.93,31099.01,31116.79,31090.15,31051.48,31001.03,31030.09,31121.32,31037.06,31172.28,31057.94,31060.20,31118.32,31139.14,31152.87,31094.26,31064.93,31177.22,31097.69,31094.29,31135.18,31058.11,31170.49,31141.73,31092.88,31136.30,31165.30,31157.21,31168.77
census_10000_6.csv,6,29.1512,100.00,31078.85,31095.63,5244.53,0.04,79.67,4.00,0.001000,1662.60,1670.20,1678.80,1666.40,1639.80,1682.20,obj,32004.12,30860.31,30715.53,30852.20,30957.42,31054.63,31017.15,30945.36,31010.51,30923.72,30969.29,31050.70,31007.48,30965.17,31020.58,31002.36,31023.75,31032.12,31021.57,31015.18,30954.67,31000.68,31039.75,30985.35,30987.76,31016.89,31003.32,31008.34,30967.50,31022.04,30973.60,30989.23,31027.68,31014.89,30993.99,31004.28,31012.64,30964.64,31029.60,31004.65,31000.97,30989.23,31075.44,31008.15,31022.71,31108.42,31074.01,31076.70,31085.53,31109.08,31086.39,31114.44,31107.63,31097.20,31147.01,31050.55,31125.14,31089.66,31080.56,31027.67,31120.77,31157.34,31170.34,31130.13,31097.47,31103.01,31084.18,31099.37,31127.97,31194.88,31159.86,31233.20,31147.81,31103.51,31099.53,31098.27,31164.46,31100.25,31136.57,31134.14,31083.27,31113.57,31124.20,31107.91,31070.63,31110.23,31103.17,31168.99,31091.30,31182.10,31080.18,31130.91,31137.90,31180.39,31177.12,31095.53,31167.31,31129.44,31170.82,31095.63
census_10000_7.csv,7,31.4315,100.00,30745.99,30756.39,11114.46,0.04,65.61,4.00,0.001000,1431.40,1438.00,1416.20,1419.40,1431.00,1432.00,1432.00,obj,31665.57,30728.46,30565.72,30539.82,30477.50,30461.36,30536.03,30519.15,30452.92,30498.04,30519.10,30533.28,30539.39,30582.99,30529.55,30580.74,30587.55,30638.92,30631.48,30649.42,30643.54,30650.38,30744.78,30656.59,30735.05,30699.70,30689.17,30724.65,30731.23,30645.33,30716.30,30666.09,30660.82,30662.56,30667.71,30639.73,30713.18,30684.92,30679.76,30705.50,30713.31,30741.84,30756.99,30768.78,30749.45,30723.61,30730.25,30734.73,30837.71,30763.78,30754.17,30743.98,30739.97,30740.76,30744.12,30783.88,30721.75,30745.26,30681.23,30805.50,30662.18,30704.24,30694.36,30698.86,30709.71,30721.18,30757.83,30805.30,30727.35,30659.62,30722.31,30741.03,30748.15,30692.23,30716.84,30768.92,30700.98,30731.65,30754.98,30700.80,30647.23,30665.63,30725.37,30744.90,30727.41,30712.86,30722.48,30720.59,30714.14,30732.59,30773.18,30834.42,30814.86,30808.13,30788.02,30757.65,30673.12,30697.84,30752.87,30756.39
census_10000_8.csv,8,33.7808,100.00,30625.15,30627.22,242.10,0.06,250.54,4.00,0.001000,1232.20,1247.80,1262.60,1233.40,1260.00,1257.40,1261.60,1245.00,obj,31289.24,30872.27,30782.16,30861.92,30913.33,30898.85,30855.29,30882.03,30979.91,30859.33,30902.14,30920.24,30913.66,30850.92,30883.06,30855.43,30902.42,30844.83,30850.58,30884.29,30849.19,30846.41,30818.81,30788.52,30759.80,30838.43,30728.62,30800.68,30704.36,30741.82,30765.41,30742.68,30707.22,30735.32,30755.08,30723.75,30678.72,30702.69,30714.29,30688.77,30727.35,30655.94,30720.49,30652.32,30670.93,30678.56,30654.90,30582.37,30587.95,30586.22,30477.60,30597.25,30542.58,30514.26,30583.62,30544.53,30563.99,30568.37,30616.34,30574.47,30500.91,30588.01,30531.59,30508.14,30587.26,30534.34,30669.49,30567.33,30575.79,30513.31,30579.62,30536.41,30544.40,30559.39,30518.00,30534.87,30569.38,30546.90,30589.02,30665.50,30601.74,30599.29,30623.55,30584.47,30540.25,30664.25,30617.08,30538.76,30602.10,30507.40,30539.54,30584.05,30621.16,30556.28,30652.97,30608.84,30647.74,30673.95,30625.01,30627.22
census_10000_9.csv,9,36.0327,100.00,30135.10,30138.32,842.49,0.05,203.74,4.00,0.001000,1121.40,1103.40,1113.20,1092.00,1115.20,1110.80,1111.80,1120.00,1112.20,obj,30582.15,30537.67,30388.31,30396.45,30313.68,30188.18,30093.05,30082.43,30086.88,29993.24,30022.74,30014.24,30118.88,30089.98,30134.78,30172.31,30091.11,30125.62,30046.92,30079.75,30160.90,30145.75,30128.79,30153.12,30039.19,30079.77,30094.20,30081.60,30074.78,30121.30,30116.78,30066.71,30133.33,30091.25,30139.23,30133.62,30036.94,30096.05,30056.46,30076.19,30054.81,30131.06,30152.44,30151.20,30107.21,30104.82,30180.21,30119.83,30104.26,30082.21,30125.16,30149.81,30157.29,30160.80,30108.37,30123.23,30076.42,30116.10,30062.79,30097.12,30089.34,30174.49,30186.45,30241.97,30163.77,30134.65,30051.41,30124.04,30147.16,30179.52,30115.49,30112.28,30120.41,30089.97,30133.86,30123.30,30098.04,30071.36,30177.08,30128.73,30107.79,30154.42,30101.31,30088.51,30073.25,30091.43,30122.97,30144.94,30111.10,30084.11,30072.61,30146.62,30074.01,30117.23,30097.60,30129.79,30147.15,30136.41,30097.23,30138.32
census_10000_10.csv,10,38.4229,100.00,30460.03,30474.44,5574.00,0.06,633.68,4.00,0.001000,990.80,997.80,1007.40,1006.80,979.40,1004.80,1000.80,1000.20,999.60,1012.40,obj,30363.54,30755.76,30443.14,30545.59,30312.29,30444.60,30288.13,30304.30,30269.41,30212.42,30216.91,30265.87,30258.40,30288.29,30254.89,30256.53,30265.99,30294.49,30248.44,30293.65,30329.26,30301.03,30263.59,30219.35,30309.86,30281.43,30336.08,30385.91,30343.39,30351.20,30310.27,30325.76,30326.03,30366.21,30365.38,30299.91,30354.36,30365.49,30379.56,30346.94,30357.42,30330.22,30295.09,30389.50,30397.16,30329.29,30429.32,30422.84,30402.24,30387.19,30403.85,30378.14,30350.34,30426.69,30311.23,30422.04,30360.20,30358.85,30299.70,30262.06,30370.28,30284.27,30328.74,30308.96,30323.01,30394.17,30297.14,30350.57,30387.87,30404.20,30342.65,30373.04,30322.71,30367.71,30408.66,30436.11,30457.66,30492.05,30543.44,30526.76,30418.70,30355.57,30441.33,30404.60,30436.17,30449.04,30472.32,30405.68,30431.89,30431.35,30473.18,30566.52,30487.15,30488.76,30543.44,30487.18,30485.05,30503.17,30450.29,30474.44
Spanish_10000_3.csv,3,5.8722,100.00,18011.98,18022.81,2724.05,0.04,178.08,4.00,0.001000,1597.60,1574.60,1573.80,obj,18533.28,18044.68,18167.76,18128.87,18119.35,18150.01,18137.66,18063.06,18138.87,18103.09,18116.04,18103.76,18076.18,18071.77,18109.67,18038.17,18045.37,18100.20,18125.14,18092.15,18029.70,18092.35,18067.52,18116.98,18043.18,18085.95,18181.01,18079.10,18120.04,18072.94,18108.66,18092.69,18077.26,18135.36,18109.30,18035.85,18098.98,18100.21,18070.67,18018.28,18120.04,18109.73,18103.76,18178.52,18063.78,18093.74,18084.15,18088.08,18083.05,18128.15,18115.26,18079.94,18002.13,18105.96,18126.49,18109.19,18026.32,18110.20,18123.78,18013.42,18096.96,18070.83,18113.64,18138.38,18143.23,18039.68,18131.67,18086.29,18106.51,18159.06,18039.27,18072.15,18088.90,18111.48,18080.44,18115.64,18131.31,18120.98,18083.46,18035.65,18129.63,18092.52,18163.01,18188.70,18150.06,18085.40,18070.93,18071.34,18074.52,18173.42,18071.37,18063.79,18060.71,18087.12,18162.11,18102.56,18093.15,18103.42,18080.22,18022.81
Spanish_10000_4.csv,4,7.0782,100.00,17765.46,17764.62,1356.08,0.01,307.12,4.00,0.001000,1173.00,1190.20,1199.60,1183.20,obj,18500.31,17813.74,17654.64,17632.56,17818.51,17747.62,17749.64,17656.15,17593.54,17641.07,17676.96,17561.49,17578.80,17595.46,17647.65,17663.65,17645.54,17653.00,17629.08,17660.50,17735.70,17823.32,17844.50,17772.50,17898.91,17840.10,17799.95,17867.37,17854.27,17914.31,17945.64,17843.75,17803.82,17884.38,17811.15,17776.85,17858.61,17906.98,17891.27,17781.54,17754.57,17875.18,17762.11,17782.88,17821.78,17929.63,17827.11,17814.14,17834.17,17820.27,17779.17,17816.48,17817.02,17893.32,17803.04,17808.41,17703.62,17900.09,17826.92,17803.65,17867.67,17922.35,17951.23,17895.99,17745.44,17790.69,17778.83,17881.30,17892.32,17844.41,17833.43,17766.63,17760.56,17786.38,17834.74,17786.92,17852.84,17778.19,17847.14,17864.03,17819.19,17772.27,17754.67,17758.10,17798.31,17832.69,17854.94,17834.99,17714.04,17871.24,17797.06,17777.70,17874.84,17766.03,17782.03,17863.69,17828.65,17795.70,17868.66,17764.62
Spanish_10000_5.csv,5,8.1922,100.00,17013.19,16993.24,7077.99,0.03,67.64,4.00,0.001000,965.60,957.40,941.40,958.80,922.80,obj,18759.64,17856.85,17697.37,17638.71,17682.78,17798.53,17624.12,17590.47,17640.67,17576.48,17570.95,17699.92,17692.06,17585.54,17577.13,17625.16,17632.75,17598.22,17593.21,17507.76,17520.79,17479.52,17458.33,17408.64,17343.73,17363.93,17337.83,17222.26,17155.65,17153.75,17133.98,17137.23,17164.74,17168.62,17141.61,17196.73,17163.77,17083.58,17145.92,17159.09,17239.28,17188.26,17150.34,17185.12,17186.52,17045.50,17112.26,17072.68,16993.36,16987.03,16939.19,16995.58,17010.58,17032.21,17008.34,16964.75,17069.84,16993.60,17014.30,16901.43,16943.19,17052.02,16985.85,16989.86,16969.70,16935.02,16947.69,16966.40,16913.88,16984.15,16864.03,16967.54,16870.68,16925.07,16973.06,16913.81,16932.18,16954.40,16941.45,16934.64,16990.45,16980.58,16959.43,16886.85,16962.55,16940.42,16884.37,16932.43,16942.98,16947.57,16938.27,16909.59,16919.17,16996.78,17101.46,16978.47,17066.35,16983.24,16921.90,16993.24
Spanish_10000_6.csv,6,9.2733,100.00,17278.21,17296.35,1367.16,0.03,93.82,4.00,0.001000,794.00,793.40,784.20,787.00,787.40,800.00,obj,18167.95,17150.78,17068.11,17029.59,16935.12,17005.08,16985.93,17035.25,17141.98,17183.80,17205.14,17141.70,17135.39,17257.10,17258.97,17238.72,17284.82,17288.97,17293.13,17235.23,17338.32,17239.30,17327.58,17258.89,17330.62,17241.03,17316.04,17303.00,17271.28,17274.47,17245.02,17285.92,17235.04,17171.84,17216.92,17298.49,17304.09,17294.98,17322.79,17333.38,17311.80,17416.35,17369.25,17409.91,17339.10,17252.52,17294.79,17285.58,17309.56,17285.87,17301.60,17240.43,17254.11,17245.39,17257.97,17228.49,17266.32,17202.05,17258.48,17256.66,17225.15,17275.67,17321.62,17240.18,17213.91,17253.01,17232.85,17289.78,17270.08,17200.56,17266.57,17223.22,17328.20,17209.04,17289.98,17166.77,17262.06,17309.17,17268.52,17225.52,17258.86,17237.48,17227.09,17241.46,17308.63,17257.36,17270.47,17319.71,17220.13,17260.25,17178.15,17208.99,17219.38,17263.54,17255.32,17240.57,17208.97,17274.46,17241.22,17296.35
Spanish_10000_7.csv,7,10.4104,100.00,16771.56,16784.77,2899.99,0.04,175.25,4.00,0.001000,689.40,665.00,670.40,680.20,676.40,689.00,675.60,obj,18316.08,16855.93,16932.98,17022.76,16855.39,16842.88,16751.17,16814.10,16842.90,16815.89,16909.63,16957.39,16955.01,17080.50,16986.89,16871.97,16945.57,17012.92,16856.19,16887.33,16948.05,16932.57,16927.44,16948.12,17068.67,16933.46,16982.38,16870.48,16801.86,16756.24,16838.29,16803.10,16864.35,16923.57,17003.95,16879.63,16836.43,16922.70,16931.87,16883.87,16776.32,16873.00,16820.42,16800.70,16867.39,16937.51,16943.58,16886.02,16750.37,16804.23,16766.15,16751.05,16744.38,16839.05,16776.03,16782.36,16938.37,16967.22,16852.74,16871.38,16851.78,16885.95,16932.71,16906.40,16857.94,16835.75,16888.58,16914.53,16873.39,16878.54,16884.83,16853.56,16942.82,17017.04,16879.59,16903.03,16888.70,16930.36,16860.10,16857.94,16876.57,16848.80,16895.99,16795.77,16906.07,16992.78,16982.36,16910.76,16817.65,16934.23,17008.43,16968.28,16918.20,16956.82,16903.48,16837.55,16933.68,16910.41,16718.33,16784.77
Spanish_10000_8.csv,8,11.5312,100.00,16517.56,16519.44,5413.00,0.04,304.97,4.00,0.001000,593.00,583.60,569.20,603.60,592.20,617.00,597.00,590.40,obj,18161.05,17285.75,16846.32,16815.56,16843.58,16827.03,16830.76,16834.26,16853.51,16992.74,16748.40,16805.61,16835.37,16752.69,16758.34,16780.76,16754.53,16836.82,16680.49,16562.96,16658.07,16677.98,16715.17,16655.60,16617.91,16661.01,16518.79,16548.17,16578.10,16610.75,16599.36,16670.40,16677.90,16700.42,16701.37,16606.07,16657.73,16651.72,16782.66,16729.68,16679.64,16708.39,16604.84,16722.80,16782.45,16799.75,16826.78,16757.66,16853.61,16758.32,16770.16,16698.20,16726.34,16690.29,16844.68,16644.33,16668.14,16786.39,16674.09,16774.86,16743.51,16851.42,16776.30,16867.29,16813.33,16626.36,16688.66,16758.22,16795.84,16762.45,16730.08,16693.06,16718.49,16710.16,16771.52,16787.80,16873.48,16778.21,16691.96,16849.65,16692.11,16712.53,16661.32,16784.82,16698.72,16767.90,16615.34,16701.68,16691.84,16697.91,16619.33,16810.07,16795.83,16509.69,16655.64,16548.42,16436.72,16486.22,16463.94,16519.44
Spanish_10000_9.csv,9,12.6755,100.00,16633.07,16617.07,6877.00,0.04,401.22,4.00,0.001000,526.40,521.60,544.60,524.00,507.00,498.20,571.40,533.80,519.00,obj,15958.68,16149.41,16525.11,16589.54,16679.67,16496.93,16570.80,16600.64,16675.65,16681.60,16603.16,16654.67,16718.18,16804.31,16874.38,17019.70,16951.51,16715.94,16787.22,16868.26,16897.56,16958.18,16985.13,16960.66,16765.70,16637.82,16642.26,16684.36,16654.53,16672.27,16783.71,16843.13,16875.84,16914.39,16806.09,16720.05,16677.70,16678.55,16758.25,16817.94,16837.64,16854.12,16814.68,16931.56,16844.72,16743.62,16727.55,16779.46,16728.97,16834.88,16821.71,16793.93,16786.17,16749.40,16834.81,16798.14,16785.24,16849.55,16820.09,16904.85,16801.94,16761.30,16834.68,16714.13,16719.41,16692.12,16690.59,16702.88,16862.83,16734.33,16794.70,16815.16,16865.93,16905.52,16679.73,16828.60,16728.75,16668.88,16687.45,16573.55,16601.89,16564.24,16702.48,16636.16,16732.30,16756.36,16883.23,17112.16,16798.57,16688.86,16728.18,16635.46,16581.12,16652.78,16642.74,16739.01,16741.25,16747.60,16702.19,16617.07
Spanish_10000_10.csv,10,13.6815,100.00,16414.22,16514.33,7007.73,0.05,121.86,4.00,0.001000,471.00,453.40,443.00,481.40,486.80,502.00,484.20,470.60,469.60,484.00,obj,16198.30,15907.38,16399.08,16453.79,16338.80,16531.99,16524.03,16398.69,16268.28,16285.70,16297.39,16348.68,16302.76,16439.21,16407.78,16471.98,16459.63,16436.06,16536.82,16436.31,16435.73,16491.20,16398.55,16404.25,16418.14,16393.33,16362.17,16467.64,16346.51,16365.85,16643.03,16487.75,16390.08,16459.92,16423.87,16484.46,16445.66,16495.67,16469.29,16490.95,16525.91,16368.56,16390.79,16455.46,16497.73,16610.50,16528.15,16564.38,16444.02,16503.44,16483.88,16451.47,16375.95,16277.67,16307.59,16293.36,16430.48,16451.18,16449.87,16369.22,16455.15,16408.26,16431.93,16461.89,16498.19,16384.43,16332.80,16532.74,16584.05,16471.02,16471.78,16453.49,16326.41,16432.22,16340.32,16341.32,16374.00,16411.61,16410.45,16392.86,16383.78,16398.27,16424.10,16459.70,16518.86,16491.61,16534.42,16455.58,16458.58,16467.62,16491.47,16566.57,16480.00,16443.10,16399.32,16449.63,16456.47,16453.37,16482.33,16514.33
student_10000_3.csv,3,21.6237,100.00,14530.65,14635.76,23851.33,0.06,1013.71,4.00,0.001000,3374.60,3345.00,3280.40,obj,16776.52,15141.39,14792.14,14806.05,14738.47,14774.70,14710.07,14522.89,14710.45,14576.13,14661.30,14618.12,14616.58,14683.76,14634.58,14476.56,14606.22,14575.93,14552.49,14513.26,14521.99,14571.30,14651.15,14472.04,14635.19,14552.41,14608.11,14570.99,14444.62,14494.79,14568.17,14630.78,14539.71,14534.61,14534.84,14580.13,14564.00,14461.56,14576.28,14462.80,14533.15,14598.64,14649.63,14455.71,14509.47,14653.80,14526.39,14445.34,14625.04,14532.64,14565.57,14549.68,14625.03,14458.43,14536.41,14601.18,14547.08,14536.05,14510.28,14533.56,14574.46,14555.26,14595.86,14537.44,14501.47,14570.99,14501.38,14636.00,14421.30,14569.61,14487.64,14563.71,14551.73,14544.95,14592.57,14474.23,14591.11,14577.37,14509.99,14489.17,14522.41,14575.51,14517.59,14574.77,14576.99,14452.82,14589.24,14504.09,14597.14,14553.32,14498.69,14561.38,14556.40,14494.43,14529.12,14566.27,14557.55,14581.31,14459.53,14635.76
student_10000_4.csv,4,24.2773,100.00,14887.28,14881.52,234.60,0.05,207.59,4.00,0.001000,2497.80,2502.80,2502.20,2497.20,obj,16809.63,14472.06,14164.75,14941.09,14730.87,14886.98,14809.89,14821.55,14848.69,14919.72,14821.10,14822.60,14900.92,14887.71,14957.74,14893.59,14974.38,14910.30,14917.69,14875.01,14858.76,14862.61,14973.94,14885.98,15031.08,14877.43,14933.69,14894.47,14858.21,14956.17,14920.60,14872.10,14955.16,14876.91,14854.65,14835.98,14880.30,14929.99,14897.34,14933.33,14974.79,14964.53,15004.14,14926.21,14814.27,14899.67,14854.83,14936.01,15014.02,15055.56,15086.19,15139.09,15065.21,15053.57,15094.48,15131.69,15089.43,15083.47,15069.67,15178.22,14939.62,15161.46,15004.56,15115.51,15050.29,15049.40,14974.98,15040.57,15062.81,15105.87,15106.66,15059.31,14994.10,14949.01,14922.09,14805.65,14881.09,14839.54,14926.08,14983.89,14920.10,14888.07,14916.61,14878.09,14888.13,15077.47,14915.81,15002.34,14926.45,14919.31,14958.37,14929.50,15034.83,14935.69,14944.44,14923.62,14897.91,14904.32,14896.25,14881.52
student_10000_5.csv,5,26.8171,100.00,15281.18,15262.70,1285.00,0.07,410.42,4.00,0.001000,2008.00,1991.00,2002.60,1993.80,2004.60,obj,16542.60,15266.43,15298.36,15032.57,15146.91,15027.41,15055.43,15114.50,15059.78,14989.71,15010.77,15023.00,14896.68,14934.49,14994.84,15016.00,14955.63,15069.32,14982.72,14955.94,15044.54,14967.10,15005.81,15030.15,14936.76,15022.01,15010.09,14953.59,15011.11,14952.28,14980.13,15045.35,14996.80,15008.64,14954.64,14952.03,14917.27,14976.87,14951.36,14886.80,15008.99,15018.82,14970.17,14945.04,14921.93,14997.66,14896.31,14960.99,14978.30,14984.66,14962.28,14957.03,15007.99,14996.07,15004.95,14964.12,14962.09,14927.45,15033.66,14953.29,14995.65,14947.67,15017.12,14836.65,14984.02,14974.98,15124.68,15148.70,15266.52,15297.99,15284.11,15348.74,15343.53,15264.68,15325.01,15355.54,15363.51,15355.56,15364.97,15284.41,15284.96,15360.48,15295.75,15397.98,15320.61,15348.75,15272.70,15281.81,15315.54,15313.76,15271.61,15364.82,15309.00,15311.08,15311.99,15317.01,15324.29,15310.06,15285.52,15262.70
student_10000_6.csv,6,29.1736,100.00,14585.93,14576.42,4593.87,0.07,703.56,4.00,0.001000,1641.20,1691.00,1682.40,1682.80,1640.80,1661.80,obj,17208.28,14574.48,14460.38,14402.48,14470.09,14706.36,14569.48,14520.91,14645.29,14489.80,14521.86,14638.24,14793.18,14585.86,14545.30,14539.35,14540.44,14496.86,14532.95,14597.12,14554.09,14647.43,14530.97,14615.94,14521.25,14423.88,14442.63,14502.16,14586.23,14609.78,14513.85,14469.22,14509.90,14588.03,14599.08,14478.40,14507.26,14587.12,14582.96,14583.97,14663.92,14521.06,14498.08,14616.15,14552.46,14562.08,14536.03,14549.82,14608.01,14665.92,14499.37,14601.14,14618.14,14532.77,14518.48,14601.65,14623.48,14591.85,14667.83,14621.55,14507.90,14463.28,14590.19,14541.30,14592.96,14513.12,14628.57,14521.41,14588.94,14576.36,14499.28,14567.66,14601.46,14556.72,14437.99,14429.41,14556.77,14404.63,14512.14,14509.32,14647.00,14498.18,14579.07,14490.45,14787.44,14629.67,14521.55,14462.16,14471.55,14517.02,14603.08,14543.25,14573.28,14612.17,14592.39,14540.28,14515.26,14609.65,14587.15,14576.42
student_10000_7.csv,7,31.5186,100.00,14485.90,14521.98,5417.29,0.08,231.48,4.00,0.001000,1437.80,1433.60,1385.00,1456.80,1434.20,1435.60,1417.00,obj,16132.85,14885.31,14908.85,14766.18,14733.54,14643.85,14627.12,14607.13,14677.11,14655.13,14775.13,14650.98,14640.90,14676.51,14645.07,14647.64,14659.94,14665.60,14720.57,14700.50,14609.52,14659.45,14732.45,14592.64,14647.82,14661.30,14657.86,14676.24,14636.35,14501.61,14429.17,14546.45,14567.97,14473.64,14614.65,14457.53,14553.83,14500.14,14528.33,14617.04,14639.37,14581.12,14644.91,14692.43,14587.84,14599.74,14519.94,14691.10,14686.02,14502.84,14671.01,14572.46,14442.23,14554.81,14456.00,14376.16,14538.78,14436.76,14478.43,14490.42,14583.95,14536.74,14489.52,14484.90,14535.84,14491.69,14504.09,14451.29,14531.42,14662.78,14562.43,14470.39,14387.43,14507.12,14603.61,14592.14,14483.76,14453.62,14578.51,14516.16,14479.99,14601.99,14460.62,14466.58,14455.82,14440.84,14448.54,14578.58,14637.71,14612.12,14614.43,14610.87,14559.11,14585.23,14543.14,14588.98,14445.58,14426.50,14453.39,14521.98
student_10000_8.csv,8,33.8568,100.00,14990.23,15003.84,1259.70,0.06,175.36,4.00,0.001000,1242.80,1255.60,1242.00,1223.00,1254.00,1254.20,1277.80,1250.60,obj,16316.42,15003.36,14893.15,15036.94,14871.80,14829.98,14809.44,14908.02,14891.22,14930.48,14935.73,14905.27,15006.43,14954.38,14879.05,15071.74,14954.28,15044.20,14982.34,15036.87,14978.35,14990.65,14990.78,14993.12,14996.17,14921.12,14988.25,14967.27,14966.30,14986.03,15089.89,14923.39,15163.59,15024.37,15001.29,14976.00,15005.50,15030.46,14943.72,15031.61,15027.93,15051.84,14961.89,15011.17,14937.81,15033.62,15012.94,14920.36,14932.86,14951.99,15014.62,15095.16,15013.77,15020.65,14999.85,15073.96,14857.22,14923.33,15014.45,15027.41,14966.14,14982.50,14939.88,15039.72,14967.57,15009.96,14970.84,14929.96,14955.00,14964.05,15009.58,14996.84,15047.22,15007.48,15026.70,14878.57,14984.76,14996.30,14870.33,14971.49,14949.20,15040.61,15016.56,14911.58,14929.13,15011.63,14902.81,14977.12,14988.92,14972.40,15047.73,15093.46,15017.91,14941.59,14974.64,15169.35,14904.81,15012.25,14973.94,15003.84
student_10000_9.csv,9,36.0336,100.00,14588.39,14558.81,2786.09,0.05,97.12,4.00,0.001000,1108.20,1125.00,1090.40,1114.00,1101.00,1109.00,1121.40,1112.20,1118.80,obj,17939.00,14821.77,14391.75,14716.40,15024.98,14545.00,14616.14,14604.04,15157.31,15397.33,15500.40,14354.52,14583.96,14947.31,15100.35,15634.95,14744.90,14719.86,14535.80,14505.76,14536.99,14542.45,14758.75,14705.76,14432.25,14534.25,14434.85,14491.75,14439.08,14551.09,14566.43,14536.43,14514.40,14496.03,14603.74,14617.33,14566.88,14646.89,14575.28,14598.72,14638.36,14585.25,14639.37,14674.71,14603.98,14535.98,14616.07,14735.18,14502.58,14665.20,14613.93,14609.73,14661.62,14612.16,14645.94,14624.66,14660.18,14590.24,14604.11,14578.33,14605.60,14664.20,14633.40,14592.14,14587.52,14612.76,14636.60,14484.77,14722.32,14565.72,14532.25,14482.04,14582.37,14518.27,14556.86,14601.49,14577.09,14617.98,14617.39,14623.52,14692.74,14702.02,14531.66,14631.05,14715.21,14579.32,14644.97,14485.76,14553.27,14640.59,14549.16,14634.95,14672.60,14634.63,14548.76,14699.27,14635.84,14602.32,14530.12,14558.81
student_10000_10.csv,10,38.4388,100.00,14965.11,14882.51,124698.00,0.06,526.09,4.00,0.001000,1004.60,1010.60,950.00,1014.40,987.20,981.20,1002.60,975.20,1017.80,1056.40,obj,17624.46,16339.90,14717.47,14687.82,15028.57,14977.91,15033.55,14864.33,15159.00,15161.72,14885.30,15078.55,14923.28,14864.66,14847.11,15078.72,15165.72,14896.70,14966.83,15005.66,15140.78,15112.89,14891.14,14902.13,15143.13,14933.08,14892.85,14869.29,14880.62,14941.51,14741.94,14817.63,14788.69,14789.17,14813.27,14867.76,14840.44,14800.20,14826.22,14942.58,14910.60,14880.05,14912.34,15025.98,14974.97,15026.37,15396.81,15413.01,14519.15,14675.58,14702.15,14946.20,14902.37,15064.85,15252.14,15182.82,15041.00,15332.55,14686.08,15036.36,14631.96,14971.56,15159.76,14895.56,14879.72,14760.93,14858.46,14959.47,15202.25,15244.09,15262.67,14630.38,14808.43,14858.56,14878.79,15168.10,15269.67,14547.99,14842.64,14856.11,15368.64,15334.41,15220.33,15162.24,14561.54,14886.18,15265.17,15344.33,15408.40,14705.60,14613.31,14914.94,14919.67,14891.05,15628.48,15322.35,15165.23,15218.90,14872.15,14882.51
pricerunner_10000_3.csv,3,21.7012,100.00,23305.61,23288.58,1751.33,0.04,126.08,4.00,0.001000,3323.00,3329.00,3348.00,obj,27100.43,21910.70,20910.75,20228.64,20321.84,20730.79,21450.21,22224.48,22996.81,22943.62,22763.70,22926.49,23078.03,22987.73,22913.10,23062.96,23157.36,23149.17,23101.08,23227.56,23095.93,23141.71,23127.72,23145.75,22952.26,23103.84,23016.69,23068.41,23113.56,23148.81,23162.92,23120.68,23160.74,23137.93,23090.67,23174.50,23031.34,23168.54,23040.88,23258.75,23158.38,22968.86,23165.39,23176.14,23057.91,23050.57,23163.43,23124.09,23210.16,23200.56,23103.15,23051.44,23216.76,23130.46,23184.51,23175.12,23104.88,23080.08,23126.33,23146.11,23257.47,23093.10,23175.65,23093.65,23240.43,23174.71,23044.07,23299.58,23141.31,23072.24,23180.72,23147.73,23151.80,23130.70,23287.95,23193.53,23248.11,23204.15,23165.11,23154.23,23245.20,23317.28,23238.64,23142.09,23344.82,23177.04,23164.98,23242.36,23265.45,23228.37,23256.98,23041.22,23240.35,23307.59,23253.52,23180.20,23243.73,23363.08,23229.61,23288.58
pricerunner_10000_4.csv,4,24.3835,100.00,25132.41,25121.52,6300.20,0.10,714.22,4.00,0.001000,2502.00,2456.40,2524.20,2517.40,obj,22263.25,22733.13,22528.51,23766.43,24022.76,24247.51,24507.47,24501.10,24404.50,24609.25,24800.82,25251.93,25086.96,25163.54,25350.15,25256.07,25165.49,25171.96,25283.26,25291.72,25215.24,25248.44,25162.04,25219.32,25160.88,25158.78,25197.26,25173.27,25193.46,25185.78,25252.23,25244.72,25215.92,25364.61,25068.90,25364.64,25237.05,25068.06,25329.43,25184.75,25168.37,25206.84,25177.70,25392.76,25078.90,25201.40,24926.76,25325.92,24996.17,25227.95,25262.51,25034.90,25252.92,25041.99,25419.50,25210.19,25152.81,25362.02,25177.95,25181.27,25148.20,25244.24,25017.68,25375.81,24996.21,25372.85,25061.82,25316.12,25170.83,25149.12,25237.47,25240.70,25151.52,25150.02,25296.28,25218.28,25085.23,25302.55,25382.85,25068.83,25381.00,25161.75,25277.96,25169.53,25267.64,25150.10,25291.66,25089.87,25120.33,25087.51,25134.10,25295.50,25197.00,25137.11,25174.02,25250.57,25075.93,25391.63,25038.19,25121.52
pricerunner_10000_5.csv,5,26.6330,100.00,20920.63,21097.51,11079.00,0.06,762.36,4.00,0.001000,2007.80,2003.20,1997.80,1995.00,1996.20,obj,20475.72,19820.32,20584.48,20746.92,20896.09,21092.27,20988.00,21111.12,20975.43,20919.45,20825.74,20694.07,20847.43,20750.79,20810.85,20838.75,20854.95,20948.49,20790.35,20730.71,20847.57,20777.11,20870.62,21094.53,20724.74,20810.00,20809.41,20981.81,20906.36,20789.97,20963.45,20991.27,21042.27,20998.24,21114.68,20975.22,21024.66,20835.26,20918.58,21000.08,20847.51,21058.18,20792.35,20973.65,21042.91,21121.72,21295.10,20580.65,20826.28,20986.76,20897.58,20931.29,21093.76,20994.38,20921.95,20890.96,20811.83,21011.34,21154.41,21021.59,21031.90,20920.16,21066.07,21081.83,20869.21,21036.77,21032.42,20796.71,21141.47,21105.75,21050.11,20618.22,20746.14,21138.71,20945.86,21094.84,21086.37,21111.55,21079.13,21066.13,20935.19,21055.71,20734.23,20770.86,21166.77,21168.32,20926.27,21199.59,21192.96,21123.65,21040.54,20955.38,21163.51,20939.24,20820.21,20903.85,20947.77,21054.70,21136.25,21097.51
pricerunner_10000_6.csv,6,28.9923,100.00,20154.37,20019.96,9738.53,0.13,2752.17,4.00,0.001000,1677.80,1672.40,1657.80,1666.00,1633.60,1692.40,obj,19493.63,19722.87,20165.03,20309.71,20606.29,20320.11,20439.90,20149.84,20795.70,20699.96,20331.93,20676.51,20537.41,20454.21,20669.60,20679.12,20721.62,20246.03,20180.68,20347.01,20488.37,20290.62,20332.15,20479.39,20309.83,20116.23,19944.07,20239.10,20425.15,20139.39,20202.10,20444.53,20449.06,20467.92,20252.20,20286.01,20156.95,19942.00,20485.03,19917.37,20184.70,19769.02,20015.17,20168.21,19782.68,20127.59,20044.21,19972.88,20145.19,19941.75,20001.38,20083.89,20203.44,20137.92,20150.64,20258.79,20138.78,19852.70,19988.50,20236.52,20271.75,20085.30,20082.68,20068.72,20171.23,20253.59,20243.26,20427.77,19715.08,20477.22,20278.04,19970.98,20445.92,20219.55,20171.10,20121.47,20116.13,19956.45,20418.06,20242.39,19810.29,20112.16,20249.68,19882.17,20191.38,20166.08,20249.61,20280.13,20048.99,20331.36,20453.40,20507.82,20216.45,20517.91,20537.38,20165.78,20124.08,20126.99,20123.36,20019.96
pricerunner_10000_7.csv,7,31.3503,100.00,19650.15,19832.56,10139.06,0.12,2064.67,4.00,0.001000,1495.40,1403.40,1360.00,1460.00,1434.80,1431.00,1415.40,obj,18508.16,18259.38,18441.39,18782.56,19118.73,19172.17,19533.15,19605.54,19554.78,19232.41,19375.58,19394.50,19241.50,19213.81,19350.50,19460.16,19267.29,19322.48,19314.43,19314.70,19348.68,18731.16,18939.92,19299.41,19736.74,19953.89,19936.72,19963.71,19949.50,19829.10,19752.19,19804.12,19518.03,19470.49,19685.24,19740.09,19940.88,19800.84,19950.77,19829.31,19854.94,19808.05,19559.15,19703.30,19909.86,19572.25,19408.77,19350.09,19630.89,19593.50,19535.09,19822.29,19768.40,19578.76,19621.36,19920.86,19257.10,19483.01,19614.69,19748.09,19650.07,19618.29,19700.64,19588.51,19873.28,19984.24,19746.64,19758.26,19863.08,19604.79,19311.12,19564.88,19701.98,19618.17,19572.53,19642.67,19588.62,19707.82,19791.89,19783.63,19921.85,19406.13,19257.73,19323.08,19535.27,19700.86,19741.37,19714.63,19640.34,19560.00,19687.12,19939.00,19954.69,19402.55,19351.23,19366.79,19545.21,19677.14,19754.62,19832.56
pricerunner_10000_8.csv,8,33.5960,100.00,19363.05,19274.11,11707.70,0.09,946.47,4.00,0.001000,1259.00,1230.20,1248.40,1318.80,1265.60,1230.80,1222.60,1224.60,obj,16512.78,17329.95,16922.32,17051.14,16652.45,16814.94,17737.73,18665.87,19251.69,19320.28,19419.24,19668.68,19505.83,19593.14,19569.80,19633.76,19663.44,19468.46,19705.56,19499.54,19650.37,19380.58,19773.03,19507.12,19846.93,19589.77,19730.14,19700.96,19645.44,19793.52,19933.82,19828.29,19664.63,19679.36,19703.74,19941.81,19854.49,20157.43,19759.18,19874.85,19822.41,19756.56,19859.98,19847.82,19956.48,19747.41,19856.56,19701.02,19663.45,19768.60,19501.68,19579.44,19563.60,19447.83,19609.76,19452.10,19560.38,19453.65,19528.39,19458.28,19432.43,19470.63,19424.14,19469.45,19497.62,19383.85,19356.73,19347.66,19426.87,19418.80,19385.39,19390.99,19484.82,19427.90,19431.62,19554.55,19369.23,19283.39,19349.76,19180.72,19274.86,19293.16,19377.52,19356.58,19306.27,19557.83,19235.25,19241.76,19426.16,19410.88,19453.08,19552.66,19608.33,19501.60,19382.87,19331.21,19350.47,19436.68,19384.73,19274.11
pricerunner_10000_9.csv,9,35.7793,100.00,17246.10,17075.88,4294.87,0.06,271.10,4.00,0.001000,1088.80,1104.00,1116.60,1106.60,1115.40,1081.00,1137.60,1130.60,1119.40,obj,17408.65,17172.36,17985.60,17834.30,16973.73,17157.35,17705.78,17903.83,17971.43,18037.35,18023.91,17999.50,17881.10,17866.07,17761.86,17728.35,17514.31,17510.56,17528.47,17349.54,17152.77,17041.57,17020.48,16993.55,17094.17,16988.18,17016.24,17238.33,17063.64,17177.61,17140.79,16992.95,16690.77,16897.55,16689.87,16918.77,16926.97,16973.42,16662.06,16986.18,17234.72,16985.43,17431.52,17102.50,17059.56,17092.53,16986.26,17178.09,17026.37,17215.90,17166.03,17098.40,17121.13,17016.90,17088.90,17094.16,17143.58,17302.63,17113.08,17450.01,17402.35,17309.23,17262.94,17395.98,17003.48,17288.65,17428.00,17273.42,17270.21,17378.93,17190.41,17134.91,17247.40,16991.44,17264.94,16869.17,17249.33,16988.58,17483.02,17265.13,17513.38,17484.48,17348.06,17204.02,16855.68,17141.91,16969.13,17479.47,17515.74,17662.96,17883.80,17382.24,17384.72,17202.79,17245.96,17181.05,17204.80,17210.23,17285.77,17075.88
pricerunner_10000_10.csv,10,38.2013,100.00,17632.26,16907.78,232420.00,0.05,1733.05,4.00,0.001000,976.00,991.20,996.00,994.60,943.80,990.60,977.60,1036.20,1012.60,1081.40,obj,18046.11,16757.74,17049.83,17067.29,17171.53,17441.45,17541.47,17622.94,17906.10,18131.39,17902.28,17958.78,18182.97,18059.06,18373.71,18378.20,18268.58,18747.69,18157.06,18372.10,18543.16,18231.89,17417.15,17606.13,17783.50,18081.67,18026.25,18384.02,18279.45,18071.65,16916.60,17074.79,17461.54,18004.06,17919.24,17964.83,18001.96,18046.84,18028.47,17986.44,18306.44,16960.06,17110.38,17563.26,17845.38,17852.65,17794.57,18250.49,18238.08,18490.07,17135.50,16930.86,17582.76,17836.20,17819.57,17690.60,17773.80,18074.64,18065.82,17609.26,18177.40,18021.82,18282.44,16575.40,16823.80,17117.80,17594.08,17956.19,18007.11,17939.58,17880.89,17905.34,17847.54,18057.59,18337.40,16902.92,17138.17,17449.66,18090.33,17792.92,17897.75,18053.78,17773.55,18118.42,17824.19,18074.83,18160.88,18129.13,17119.71,16950.20,17169.63,17942.51,17891.68,18055.05,17877.94,17751.02,18127.76,18055.04,18199.21,16907.78
cohort_10000_3.csv,3,21.5473,100.00,21204.83,20893.66,277009.80,0.08,1716.59,4.00,0.001000,3115.60,3394.60,3489.80,obj,24420.52,21738.36,20642.51,20641.31,20390.80,19905.51,20899.35,20498.63,21418.80,20471.66,20511.21,21466.85,20972.15,21675.98,21647.23,21474.10,21256.10,20953.48,21813.87,21546.30,20922.42,21248.94,21224.34,21392.24,21862.80,20926.42,21799.80,21720.38,21244.34,21745.35,21706.05,21008.91,21372.37,21027.02,21809.20,21781.05,21778.73,21719.55,21739.74,21875.92,21896.15,21762.15,21402.18,21678.88,21598.30,21245.37,21430.05,21171.26,21674.76,21700.41,21019.15,21723.22,21793.08,21209.22,21673.64,21510.98,21720.44,21130.11,21072.79,20737.54,21090.43,21854.24,20755.48,21536.32,20574.26,21678.51,20947.58,21245.65,21093.34,21357.48,20805.64,21610.93,21275.10,20650.18,21289.84,21290.27,21258.94,21236.75,21382.49,21232.64,21638.86,21828.61,20721.90,21522.10,20875.99,21451.78,21657.14,20090.62,20988.97,21112.84,21660.40,21678.34,21519.47,21112.11,21228.02,21372.73,21783.98,20758.00,21773.71,20893.66
cohort_10000_4.csv,4,24.2214,100.00,20243.43,20241.22,16735.40,0.05,101.44,4.00,0.001000,2469.80,2494.00,2496.00,2540.20,obj,24249.58,18763.67,19193.81,19590.74,19852.63,19898.28,19931.71,19851.32,19820.75,19616.38,19693.74,19727.41,19779.75,19805.53,19772.79,19909.49,19847.12,19884.92,19892.64,19779.19,19830.96,19887.76,19744.77,19988.02,19991.33,20102.42,19860.41,19996.46,19769.66,19932.86,20031.47,19982.57,20053.90,20053.69,20059.91,20119.92,20105.54,20095.02,20124.87,20121.74,20163.82,20113.03,20131.07,20212.48,20180.90,20280.01,20045.43,20154.05,20124.31,20074.61,20269.15,20151.54,20266.20,20303.04,20339.26,20236.42,20344.33,20263.28,20344.61,20331.92,20355.88,20371.41,20376.95,20400.52,20198.35,20361.70,20267.07,20417.98,20352.24,20346.51,20290.04,20379.48,20293.11,20441.71,20426.60,20469.47,20467.03,20413.38,20408.82,20397.16,20277.31,20424.38,20393.00,20359.14,20299.63,20310.14,20308.19,20355.75,20234.30,20335.93,20322.10,20297.40,20260.81,20357.78,20305.97,20331.81,20349.90,20315.22,20361.45,20241.22
cohort_10000_5.csv,5,26.6272,100.00,16910.28,16727.56,71124.00,0.05,612.00,4.00,0.001000,2025.60,2017.80,1853.00,2190.00,1913.60,obj,24377.71,22697.29,20495.04,16813.23,16362.06,16546.66,16441.15,18004.77,17510.81,18751.56,18658.27,18261.72,19714.82,20340.99,18128.45,19215.19,20731.37,17904.07,19556.15,19150.93,18340.91,18556.98,19105.07,18433.74,18061.89,18043.59,18028.68,18005.23,17971.28,18979.73,18271.14,18021.55,18261.51,18424.79,18574.26,16635.47,17036.09,18728.06,19697.45,17358.50,16785.95,17076.97,17371.63,17531.16,17520.54,18406.30,19530.25,17061.51,16625.28,17070.65,17048.16,16602.82,17903.69,18007.56,17665.24,17371.36,16132.89,17275.69,18174.13,16056.91,16858.48,16388.26,16742.44,16817.52,16925.66,16823.15,17011.56,17042.31,16387.22,18503.68,16427.88,18086.36,16791.58,16509.54,17917.54,16812.90,18213.24,19782.17,17224.36,16884.29,16566.24,16791.75,16943.86,16829.69,16511.25,17157.66,17381.35,16788.51,16750.98,16696.78,16633.85,17728.54,17021.99,16781.10,17055.17,17536.43,16423.24,17045.02,16963.40,16727.56
cohort_10000_6.csv,6,28.9666,100.00,17776.52,18854.52,141127.73,0.04,1051.07,4.00,0.001000,1700.00,1720.40,1678.60,1704.40,1636.80,1559.80,obj,23245.17,20209.64,18652.41,19438.93,18632.46,17026.03,18174.78,20318.43,19217.89,19472.77,18861.64,17958.13,17737.17,18091.12,18151.80,18482.25,18553.41,18148.09,18217.03,18216.23,18110.02,19214.95,18131.69,18730.21,18256.81,17977.46,17789.72,18312.23,18479.10,18468.82,18675.30,18722.33,18655.77,18140.15,18454.41,18160.29,18809.38,18924.03,18184.51,17860.11,17988.53,18095.64,18159.02,18201.71,18269.17,18464.37,18858.55,18862.97,18517.62,18110.14,18306.29,18357.11,18912.59,18565.46,18710.80,18790.15,18388.27,18492.97,17900.86,18146.64,18333.98,18216.15,18228.18,17909.38,18395.61,18565.73,18736.55,18289.33,18985.85,18646.97,18568.60,18663.65,19028.46,18288.58,18098.58,18208.22,18024.56,18314.09,18307.86,18289.85,18503.78,18613.51,18529.44,18063.35,18170.01,18073.77,18565.68,18500.42,18656.81,18490.30,17630.74,17769.41,17774.26,18777.98,19689.66,20740.85,21535.39,21642.49,18571.62,18854.52
cohort_10000_7.csv,7,31.3939,100.00,18730.98,19694.06,629490.69,0.15,2096.61,4.00,0.001000,1416.40,1362.60,1320.80,1497.80,1435.80,1487.00,1479.60,obj,21156.87,16417.95,16135.88,17079.41,18270.17,20503.05,18601.51,19419.84,20358.95,19758.68,19494.35,19703.64,17606.96,16818.75,18638.94,19823.02,20057.77,19414.58,18750.71,17863.52,18322.22,19665.16,20021.03,18556.73,17564.85,16935.73,16877.10,18295.10,20441.63,19582.82,19457.93,19767.42,19463.00,18327.61,18528.67,17198.00,16540.35,17722.18,17445.28,17362.21,22297.59,21183.03,18647.97,19329.45,19593.23,18215.18,17522.62,19170.57,16837.64,16903.44,15829.72,16225.76,17076.15,18153.84,17498.61,17690.25,17499.16,17230.00,17326.89,18172.00,17707.65,17730.92,18665.29,20502.92,20129.91,17909.24,17642.19,18531.58,19444.01,17382.32,18665.45,19447.19,19239.24,17334.24,18060.19,17618.11,17862.25,20305.63,19654.10,20154.92,19974.53,19493.81,19364.85,18883.07,17634.65,17187.68,17590.74,19667.13,16879.16,17849.42,19249.75,18613.15,18693.62,19007.94,18462.53,18272.69,17945.52,16619.47,17244.21,19694.06
cohort_10000_8.csv,8,33.7006,100.00,17512.48,19384.58,197081.30,0.07,2815.83,4.00,0.001000,1255.60,1396.60,1132.40,1197.60,1258.60,1306.80,1284.00,1168.40,obj,22336.83,19778.13,20940.15,21137.33,22082.07,19345.78,19277.67,19097.99,19468.26,19832.93,19794.07,22087.88,23027.14,22625.61,24239.38,23163.47,14085.99,15367.62,15884.97,17727.92,17311.93,18149.56,18635.65,20715.35,22548.21,22724.89,22345.46,21651.51,14119.64,15053.11,15498.38,15195.43,15822.25,18031.09,19298.09,21239.95,21743.25,17824.68,17040.97,15784.36,16075.82,17439.66,19265.44,19508.21,20440.07,17967.22,17865.66,17081.66,16427.79,16913.28,17463.04,18821.60,17996.07,17260.27,18002.82,17131.48,18346.35,17813.75,17832.80,17147.83,17299.02,16656.44,16344.82,17140.23,17691.99,17795.89,16787.95,17624.47,17668.89,17909.31,16562.39,17000.61,16659.52,16974.98,16986.48,16878.97,16667.29,16756.82,17070.13,17210.12,18256.25,18350.32,17218.85,18167.85,16371.51,16724.91,17286.56,18655.66,18648.82,19226.98,17602.57,17131.49,16073.34,15718.51,15482.91,16026.24,18359.87,18613.69,18864.55,19384.58
cohort_10000_9.csv,9,35.8162,100.00,15408.04,15363.18,12538.87,0.03,3442.25,4.00,0.001000,1098.00,1237.80,1134.80,1145.80,1159.40,1116.80,1148.20,851.00,1108.20,obj,22469.90,16011.10,18563.12,22655.38,21584.81,21413.38,20739.01,17201.87,15900.42,15822.39,16865.30,17329.91,16800.23,17747.36,17899.36,13437.78,14432.60,16935.67,17940.81,19328.82,19972.92,15666.26,15192.27,14407.21,14249.66,14892.86,16048.72,19909.24,20720.91,20823.70,18451.22,15395.75,14713.66,14556.38,15148.17,15558.47,16271.97,17820.49,19638.21,17462.15,17526.87,16916.85,15125.66,15350.13,15335.92,16493.18,16166.00,17504.72,18173.75,19330.20,17614.02,17029.28,16669.04,16044.92,16365.96,16195.19,18067.03,17618.42,17735.46,19628.36,19289.06,18339.42,17466.06,16565.91,16021.25,15459.67,15394.46,15530.14,15960.66,16249.71,18402.57,18566.20,18581.85,17469.19,16608.46,16153.90,15803.70,15788.55,17239.79,18118.21,16805.50,16572.18,16899.19,17631.54,16897.10,17532.97,17630.47,18138.63,15661.60,15791.80,15606.40,15501.09,15931.54,17153.78,18721.57,19081.12,19999.01,17725.39,16200.15,15363.18
cohort_10000_10.csv,10,38.1721,100.00,16211.70,17474.14,148978.00,0.03,741.08,4.00,0.001000,973.20,1123.40,944.60,1030.40,973.80,985.80,1027.80,1010.40,905.00,1025.60,obj,25363.16,19442.42,21175.90,23327.78,22852.82,20702.60,16739.55,18740.14,19728.88,17621.49,17070.63,15952.15,17125.17,19400.75,21549.87,20885.00,21731.97,21454.14,22436.70,22185.95,21320.18,9808.63,14047.96,16020.63,20097.49,21910.93,20612.10,20877.20,20428.25,22868.57,11078.74,15391.08,17574.49,19079.94,17547.42,16247.54,17056.67,15415.15,16545.01,16414.25,16138.63,15894.66,18098.66,17144.56,17239.09,16889.56,16198.20,17776.32,17210.52,16504.18,16158.85,17100.62,16438.39,16508.42,17434.22,18006.27,17973.80,17411.12,15400.75,15107.70,15727.58,17300.52,17264.50,17237.90,16661.82,16544.54,16961.03,16908.30,17240.17,17221.58,17066.49,17175.80,16926.51,16888.96,17347.24,17918.61,18089.30,17979.77,17039.00,17264.77,16666.92,17037.00,17318.55,14725.12,14928.99,16030.00,16294.28,16973.38,16502.47,16428.98,17154.73,17037.96,17408.49,17368.14,17142.28,16675.50,16638.22,17301.08,17303.85,17474.14
diabeteshealthindicators1_10000_3.csv,3,21.9599,100.00,190349.39,190359.35,2335.33,0.06,2072.78,4.00,0.001000,3320.20,3341.40,3338.40,obj,193161.32,189844.67,189882.54,189816.20,189729.39,189741.54,189806.38,189958.74,189938.59,190101.26,190104.80,190100.09,190018.39,190047.31,189951.24,190065.69,190076.12,190165.46,189952.77,190061.98,190122.66,190313.61,189994.26,190155.21,190281.29,190465.25,190295.01,190070.70,190297.70,190228.20,190448.31,190416.83,190306.67,190114.04,190490.66,190534.87,190435.31,190292.13,190225.84,190381.54,190385.39,190166.41,190357.37,190429.25,190354.20,190088.84,190248.24,190395.33,190379.72,190469.87,190412.79,190422.01,190472.09,190332.71,190459.00,190319.52,190227.88,190498.60,190515.69,190355.25,190453.25,190381.18,190311.76,190360.96,190226.70,190363.36,190231.88,190330.00,190334.94,190544.85,190155.35,190294.38,190045.59,190126.59,190245.26,190204.63,190175.38,190399.93,190483.33,190394.51,190315.34,190534.75,190323.93,190339.19,190254.30,190428.93,190280.00,190420.95,190407.71,190432.18,190219.42,190346.71,190436.47,190350.91,190439.24,190232.95,190353.80,190319.22,190386.40,190359.35
diabeteshealthindicators1_10000_4.csv,4,24.8202,100.00,190274.58,190181.92,7103.40,0.07,259.74,4.00,0.001000,2498.60,2467.20,2501.40,2532.80,obj,190874.63,188236.20,188828.68,189186.21,189323.83,189740.04,189940.56,190199.04,190077.76,190270.68,190151.16,190003.29,190353.35,190371.34,190553.72,190428.89,190280.17,190548.32,190514.28,190668.18,190498.58,190501.31,190488.38,190273.23,190614.47,190379.69,190375.25,190322.00,190364.28,190401.60,190199.27,190338.59,190446.73,190406.34,190322.46,190423.52,190503.20,190446.98,190603.27,190431.27,190357.85,190439.82,190650.99,190456.39,190551.18,190489.31,190456.47,190415.71,190446.75,190525.13,190391.76,190162.91,190382.42,190198.45,190300.73,190229.10,190325.21,190169.57,190348.77,190225.23,190419.62,190446.20,190331.52,190297.04,190128.16,190363.76,190249.31,190383.16,190275.19,190232.50,190346.98,190243.01,190241.49,190225.64,190351.24,190154.45,190249.50,190250.16,190230.94,190181.88,190193.36,190280.97,190296.37,190396.16,190413.79,190174.59,190312.07,190459.96,190428.51,190447.69,190293.39,190335.29,190392.74,190183.47,190187.63,190129.93,190188.08,190146.63,190270.12,190181.92
diabeteshealthindicators1_10000_5.csv,5,27.0518,100.00,185904.38,185870.43,8179.00,0.02,286.80,4.00,0.001000,1992.40,2024.40,1973.80,1989.60,2019.80,obj,190443.44,186323.14,186577.99,186173.53,186017.38,186122.79,186200.47,186401.18,186779.90,186676.72,186915.81,186891.47,186827.23,186779.07,186891.24,186986.51,186870.00,186653.75,186892.41,186809.33,186695.52,186503.74,186559.14,186102.98,186320.53,186231.04,186311.55,186085.65,186158.56,186185.40,186094.91,186260.28,186313.40,186265.38,186204.25,186119.33,186207.22,186217.01,186244.69,186346.18,186312.12,186346.79,186270.55,186321.87,186310.24,186399.71,186213.37,186268.59,186492.73,186198.29,186338.30,186022.35,186063.31,186275.56,186070.99,186139.42,186002.79,185917.65,185931.53,185836.20,185967.56,185836.01,185832.74,185842.34,185792.74,185788.07,185999.86,186080.27,185729.77,186090.96,185866.33,185986.45,185724.49,185976.45,185823.97,185891.92,185869.97,185839.75,186018.28,186170.64,185852.36,185905.16,185920.31,185918.71,186061.81,185949.98,185804.73,185889.37,185895.50,186144.96,185843.50,185924.50,185859.72,185949.47,185903.90,186011.10,185875.73,185999.03,185916.83,185870.43
diabeteshealthindicators1_10000_6.csv,6,29.3618,100.00,186582.40,186728.85,8927.07,0.08,2848.37,4.00,0.001000,1660.40,1686.60,1670.20,1663.80,1639.80,1679.20,obj,187290.93,184087.92,185203.02,185295.84,185456.21,185036.90,185055.23,185071.67,185353.98,185407.48,185275.59,185552.95,185525.46,185786.09,186023.53,185801.52,185867.37,185643.29,185960.75,185726.51,185700.40,185564.99,185547.96,185655.41,185446.78,185461.03,185616.56,185661.87,185672.29,185576.08,185720.11,185879.90,185749.97,186004.69,185751.18,185943.65,185999.50,186206.18,186362.36,186270.61,186384.90,186287.07,186227.16,186263.22,186206.87,186427.41,186390.93,186518.79,186818.64,186701.42,186684.92,186851.58,186350.62,186389.52,186395.15,186776.70,186540.63,186738.80,186666.15,186384.47,186652.44,186559.73,186511.03,186390.99,186467.73,186165.46,186403.15,186500.63,186242.84,186605.68,186403.01,186392.34,186625.40,186595.18,186641.85,186618.58,186557.07,186517.73,186137.53,186288.21,186385.07,186322.91,186418.72,186457.63,186469.02,186656.37,186499.63,186591.90,186431.14,186611.81,186515.20,186417.24,186634.30,186662.66,186580.56,186509.90,186507.63,186481.50,186488.02,186728.85
diabeteshealthindicators1_10000_7.csv,7,32.8505,100.00,185202.64,185271.96,1904.66,0.38,252.95,4.00,0.001000,1417.60,1429.40,1421.20,1412.00,1427.80,1454.60,1437.40,obj,185150.04,181233.62,182175.20,182719.34,183404.24,184268.85,185006.82,185310.57,185322.28,185066.11,185081.51,185096.14,185135.26,185227.97,185076.93,185293.48,185174.77,185088.46,184633.24,184774.19,184673.04,184466.04,184929.40,185094.55,185417.41,185050.06,185104.83,185321.91,185048.75,184938.74,185064.56,185142.79,185050.72,184825.56,185238.28,185175.99,185172.26,185322.52,185318.11,184992.10,185270.84,185332.99,185203.49,185416.29,185249.29,185349.45,185275.41,185282.84,185050.02,185473.32,185504.74,185270.38,185344.16,185399.97,185110.15,185253.96,185334.80,185423.12,185100.60,184914.75,185469.84,185364.15,185056.85,185176.91,185013.73,185357.77,185221.70,185363.84,185433.18,184967.01,185057.14,185024.58,185065.26,185427.42,185180.58,184961.21,185100.69,185358.43,185334.26,185102.70,185267.32,185133.17,184719.32,184997.02,185312.97,185237.28,185348.36,185122.28,184850.10,185047.48,185414.67,184809.10,185370.93,185080.83,185044.43,185196.54,184981.33,185025.06,185280.72,185271.96
diabeteshealthindicators1_10000_8.csv,8,35.0083,100.00,183203.76,183245.16,24973.30,0.10,615.16,4.00,0.001000,1246.00,1244.00,1241.60,1271.20,1250.40,1253.20,1255.00,1238.60,obj,182904.07,180282.33,181739.44,183043.39,183612.96,183639.67,183270.84,183852.83,183826.43,183742.07,183725.57,184014.88,184301.52,184101.91,183986.39,183878.77,184035.69,184016.23,183833.74,183491.94,184091.20,184088.33,183715.09,183641.82,183896.38,183979.25,183634.09,184069.81,183897.30,184003.47,184007.01,182917.41,183138.47,183094.66,183201.15,183487.29,183224.73,183608.53,182823.71,183581.55,183834.20,183266.06,183691.54,183870.46,184030.62,183741.47,183434.01,183888.29,183690.61,183424.18,183297.96,183732.31,183224.34,183535.37,183243.99,183495.95,183741.36,183816.13,183577.99,183740.21,183595.24,183379.82,183368.22,183316.96,183111.15,183523.44,183952.02,183549.15,183396.17,183618.37,183732.36,183831.91,183636.65,183400.22,183453.52,183519.00,183660.41,183675.18,183916.38,183392.30,183244.29,183435.72,183432.06,182963.05,183310.16,183300.56,183503.50,183602.87,183188.24,183432.15,183666.18,183664.41,183464.86,183049.96,183418.58,183419.65,183513.48,183016.45,182768.83,183245.16
diabeteshealthindicators1_10000_9.csv,9,37.4451,100.00,182929.44,183079.84,45310.67,0.03,1695.19,4.00,0.001000,1086.20,1140.60,1089.80,1095.00,1187.00,1107.40,1096.80,1134.40,1062.80,obj,182012.31,183175.50,183488.77,182653.07,181616.47,179866.42,181477.79,181514.16,182140.51,182522.69,182501.69,182809.57,182459.53,182312.42,182646.97,181999.92,182467.82,182023.49,181803.73,182364.94,182181.11,182132.28,182179.28,182315.37,181550.14,181794.14,181444.42,181682.05,181812.73,181970.97,181921.16,182095.59,181989.57,182341.55,182053.19,182369.97,182500.06,182609.34,183135.43,182608.86,182675.97,182707.71,182825.74,182782.94,182630.32,182732.55,182421.78,182525.62,182923.01,183095.24,183019.39,182378.36,181839.64,182283.50,182434.42,182602.02,182507.43,182735.47,182785.77,182497.25,182687.24,182721.05,182789.43,182766.14,183141.00,182943.45,182975.69,182990.42,182854.33,182515.36,182414.50,182835.11,182765.53,183068.21,182749.96,182975.35,182765.64,182464.76,182940.28,183036.26,182828.87,182739.17,182590.13,182759.83,182570.85,183070.34,182813.86,182944.39,182922.07,183205.79,183106.34,182675.09,182875.45,182853.06,182620.47,183032.60,182946.13,183190.04,183368.36,183079.84
diabeteshealthindicators1_10000_10.csv,10,39.9357,100.00,182156.60,181778.58,60924.00,0.06,1403.08,4.00,0.001000,986.80,970.80,993.60,1014.60,998.00,995.40,1002.60,995.60,1006.80,1035.80,obj,181635.44,181983.68,182720.26,182351.16,183501.09,182237.58,182824.80,182934.08,182890.70,183625.18,183237.54,183068.16,183264.87,183000.70,182696.52,182161.23,182140.56,182866.55,183069.40,183045.14,183751.46,183112.27,183136.36,182397.04,182687.35,182850.95,182378.16,183018.20,182959.11,182943.57,182603.27,182407.18,182846.68,182354.82,182928.60,182594.00,182458.01,182441.36,181513.07,181850.44,181811.26,181831.02,182063.69,182553.14,182414.16,182521.38,181996.90,181628.35,182461.14,182509.99,182704.76,182524.44,182851.22,183230.75,182443.15,182008.81,181914.84,182216.39,182602.45,182613.04,182680.34,183093.80,182830.24,182309.74,182741.87,182520.21,182942.86,182740.97,183089.43,183147.92,182702.23,182809.85,182711.32,182348.25,182775.07,182911.31,182756.71,182260.43,182681.86,182818.59,182571.37,182712.36,182636.23,182816.03,182430.54,182732.63,182304.42,182505.93,182000.07,182486.17,182423.53,182306.43,182230.65,181739.10,182188.37,182303.67,182215.05,182427.31,182075.85,181778.58
NHANES_10000_3.csv,3,1.8062,100.00,17082.67,17071.41,1178.31,0.01,120.07,4.00,0.001000,765.80,757.40,754.80,obj,17915.15,17120.47,17173.27,17181.55,17280.60,17210.37,17178.74,17217.62,17174.79,17156.18,17173.04,17116.12,17147.11,17205.26,17149.55,17169.54,17172.08,17168.60,17135.20,17215.50,17118.82,17164.05,17099.84,17158.57,17133.56,17141.08,17124.05,17096.44,17095.85,17114.01,17151.26,17144.88,17083.39,17136.21,17154.00,17178.38,17092.53,17154.34,17122.20,17165.07,17196.84,17148.61,17170.87,17132.81,17117.28,17154.15,17134.87,17153.82,17151.26,17158.81,17209.26,17135.19,17101.92,17158.35,17152.95,17120.28,17161.11,17158.98,17094.55,17124.05,17115.25,17180.88,17073.40,17111.38,17113.58,17155.76,17072.12,17179.89,17108.86,17123.06,17157.79,17143.93,17128.73,17108.17,17112.92,17139.82,17247.98,17174.70,17161.12,17133.72,17066.64,17114.72,17121.05,17111.44,17102.47,17110.70,17205.11,17135.14,17173.54,17179.09,17122.34,17046.96,17144.84,17144.36,17100.40,17131.36,17125.76,17188.97,17084.03,17071.41
NHANES_10000_4.csv,4,2.3431,100.00,16119.80,16061.47,7823.49,0.01,127.71,4.00,0.001000,557.60,582.40,564.20,573.80,obj,16869.58,16549.09,16620.34,16610.19,16637.44,16616.18,16633.74,16721.19,16649.42,16661.49,16612.01,16429.22,16319.90,16265.67,16167.15,16108.22,16123.42,16214.69,16024.15,16074.27,16049.34,16088.96,15976.41,16015.30,15984.03,15949.11,15997.54,16153.80,16001.71,16044.17,16051.10,15967.52,16068.89,16123.41,16098.12,16097.49,16154.05,16247.22,16166.37,16202.31,16173.61,16236.65,16219.97,16244.79,16269.73,16231.56,16126.45,16123.75,16238.75,16228.26,16207.84,16226.54,16130.24,16078.83,16085.46,16007.09,15883.14,16020.33,15986.89,16076.62,16070.89,15984.99,15955.82,15954.70,16000.03,16136.79,16098.56,16184.31,16188.56,16201.88,16088.79,16241.86,16133.86,16117.56,16216.83,16255.58,16293.52,16258.58,16254.01,16254.09,16234.13,16023.66,16102.35,16118.74,15968.80,16098.31,16092.13,16087.21,16129.49,15925.71,15961.16,15948.10,16035.40,15947.29,16001.32,15959.84,16058.83,16076.06,16010.64,16061.47
NHANES_10000_5.csv,5,2.8566,100.00,16094.92,16114.68,2742.01,0.01,440.93,4.00,0.001000,413.20,460.00,482.60,464.00,458.20,obj,16207.20,16170.86,16303.50,16306.38,16318.24,16334.66,16347.01,16397.44,16407.62,16345.72,16306.22,16337.23,16324.01,16368.56,16341.73,16366.83,16315.06,16295.07,16400.78,16379.32,16298.39,16373.15,16268.28,16337.78,16405.88,16375.86,16312.14,16339.19,16381.83,16403.77,16451.52,16369.84,16475.60,16342.51,16289.79,16307.86,16357.37,16360.64,16374.89,16346.87,16297.51,16260.77,16312.28,16318.59,16256.31,16258.07,16326.57,16260.98,16226.43,16140.90,16159.32,16170.95,16262.09,16304.35,16282.57,16208.95,16230.81,16269.16,16101.63,15983.55,16270.95,16181.20,16110.22,16064.30,16034.19,15998.71,16177.90,16205.32,16110.72,16250.13,16195.65,16107.39,16147.72,16230.39,16335.17,16344.79,16295.34,16316.97,16269.44,16183.84,16125.93,15962.63,16022.96,15959.34,16057.47,16074.98,16069.24,16086.23,15996.30,16087.17,16088.63,16095.62,16057.04,16000.83,16048.97,15952.85,16039.77,16111.93,16019.78,16114.68
NHANES_10000_6.csv,6,3.3549,100.00,15723.15,15850.99,9059.31,0.01,138.01,4.00,0.001000,384.40,385.00,367.40,417.20,357.20,366.80,obj,15853.44,16028.99,16039.00,16154.34,16326.84,16220.10,16276.35,16067.04,16020.03,15984.56,15784.92,15883.82,15884.42,15755.35,15836.26,15718.18,15656.45,15627.35,15679.16,15649.46,15707.67,15553.68,15454.77,15483.55,15722.84,15661.08,15647.00,15614.46,15661.01,15641.78,15731.79,15818.41,15791.02,15800.27,15964.74,15681.34,15687.64,15639.85,15598.63,15781.25,15717.83,15658.88,15691.87,15795.11,15870.39,15757.67,15885.27,15811.90,15745.68,15604.55,15633.89,15686.92,15686.22,15755.59,15822.64,15894.29,15870.23,15892.74,15798.27,15769.57,15803.97,15671.91,15656.69,15738.53,15734.40,15844.90,15751.90,15747.90,15809.25,15721.77,15843.57,15912.01,15855.36,15725.56,15746.16,15576.45,15663.74,15803.08,15809.94,15837.58,15865.42,15810.95,15756.99,15694.16,15799.67,15743.55,15849.26,15858.73,15860.62,15830.32,15780.63,15854.13,15821.26,15714.65,15679.90,15794.00,15818.34,15840.85,15904.44,15850.99
NHANES_10000_7.csv,7,3.8313,100.00,15395.26,15416.31,2904.77,0.02,244.23,4.00,0.001000,319.80,305.00,287.60,339.80,353.40,353.80,318.60,obj,15350.41,15541.93,15654.05,15639.83,15754.05,15731.86,15719.39,15774.07,15653.32,15713.53,15609.80,15510.02,15451.59,15370.62,15414.86,15464.86,15394.30,15463.70,15360.76,15485.12,15513.91,15475.65,15509.95,15449.01,15471.64,15454.64,15501.23,15500.84,15559.84,15444.07,15520.53,15463.64,15520.32,15464.67,15401.09,15355.44,15403.52,15527.13,15473.53,15442.52,15577.48,15541.76,15330.32,15449.59,15419.37,15415.80,15451.02,15533.73,15514.92,15509.32,15533.10,15469.32,15348.83,15455.51,15466.21,15474.92,15460.34,15423.33,15459.83,15400.27,15353.00,15565.22,15420.63,15456.99,15470.51,15439.47,15469.83,15413.62,15503.13,15426.86,15450.86,15473.28,15461.50,15470.04,15598.32,15581.40,15448.26,15375.21,15424.86,15479.22,15591.29,15502.79,15444.91,15424.66,15432.84,15374.75,15500.73,15584.90,15478.61,15445.15,15460.77,15473.63,15649.54,15519.77,15623.55,15608.77,15524.09,15584.10,15596.77,15416.31
NHANES_10000_8.csv,8,4.3848,100.00,15281.47,15276.86,4769.45,0.01,367.65,4.00,0.001000,279.00,307.40,261.60,294.00,274.80,296.80,294.60,269.80,obj,15077.78,15704.05,15736.79,15749.93,15689.86,15659.97,15583.01,15695.47,15722.35,15599.37,15661.29,15674.79,15700.47,15530.23,15345.37,15417.35,15561.50,15530.55,15552.60,15616.56,15763.10,15874.72,15700.96,15464.81,15422.70,15283.05,15187.05,15192.40,14956.02,14912.39,15050.81,15078.08,15205.60,15215.44,15243.94,15229.12,15198.49,15214.72,15183.29,15356.64,15302.46,15258.71,15305.31,15373.73,15190.59,15200.13,15178.39,15304.30,15249.52,15290.35,15316.10,15342.33,15236.09,15240.84,15272.23,15109.60,15153.84,15291.86,15338.61,15226.70,15235.36,15242.34,15150.49,15259.81,15249.71,15281.78,15284.66,15218.65,15306.64,15287.86,15300.05,15365.27,15223.38,15259.29,15149.47,15201.08,15384.83,15462.43,15382.67,15293.62,15147.84,15155.93,15126.24,15245.47,15137.46,15290.23,15147.21,15119.14,15001.79,15044.74,15127.65,15154.73,15103.54,15245.12,15280.88,15221.70,15308.47,15288.89,15373.75,15276.86
NHANES_10000_9.csv,9,4.8981,100.00,15037.93,15172.35,49520.54,0.02,443.18,4.00,0.001000,215.80,353.20,289.20,209.40,231.80,239.40,234.80,254.00,250.40,obj,14684.48,15127.82,15383.37,15313.55,15412.84,15390.86,15561.65,15454.06,15431.42,15502.95,15347.08,15337.10,15289.46,15175.17,14865.69,14907.77,15041.51,15094.60,15005.57,15141.53,15414.96,15511.71,15425.16,15543.50,15438.84,15527.52,15457.30,15281.23,15039.01,14817.51,14773.68,14830.30,14824.99,14984.24,14997.42,15135.03,15160.93,15263.22,15214.96,15473.04,15374.56,15565.66,15533.41,15577.78,15431.03,15458.57,15417.17,15098.56,14979.94,14328.18,14376.82,14785.34,14867.27,14922.42,15098.63,15190.03,15260.97,15279.06,15323.50,15353.89,15434.32,15387.96,15411.50,15317.50,15174.16,14719.73,15034.38,15106.04,15294.51,15247.61,15340.10,15382.81,15044.81,14942.79,14803.66,14863.52,14915.21,15123.20,15103.75,15071.21,15164.18,15150.00,15400.64,15282.39,15191.69,14968.98,14911.16,15045.85,15124.64,15371.63,15357.77,15184.43,15231.66,14686.20,14623.40,14801.11,14937.95,15000.84,15013.73,15172.35
NHANES_10000_10.csv,10,5.4308,100.00,14941.11,14909.62,2902.29,0.01,296.10,4.00,0.001000,285.00,207.20,216.00,242.40,208.20,255.60,224.20,207.60,210.60,221.20,obj,14984.40,15097.13,15132.59,15227.01,15255.68,15353.69,15488.33,15626.79,15581.76,15405.27,15357.81,15467.10,15310.81,15335.82,15041.55,15070.89,14953.93,14908.81,14858.05,15056.06,15002.49,14940.52,14796.92,14881.11,14737.47,14958.09,14904.94,14976.41,14743.32,14769.26,14726.86,14778.91,14890.03,14896.68,14779.90,15032.66,14981.73,14929.72,15021.80,15162.84,15030.63,14767.75,14989.96,15077.69,15142.83,15184.18,15013.05,14913.57,15058.58,14942.76,15173.93,15247.99,15149.33,15040.12,14985.47,14966.92,14964.64,14998.49,15212.30,15178.60,15243.09,15328.34,15107.65,15134.75,15276.52,15133.19,15029.87,14919.99,14992.64,15069.31,14931.74,14982.88,14779.89,14842.08,14885.18,14588.82,14768.79,14718.20,14741.32,14810.24,14847.32,14962.43,14908.33,14991.38,14917.34,15068.66,15199.84,15085.06,15032.17,14890.07,14854.84,14857.97,15055.38,15191.77,15215.69,14939.84,14860.98,14821.89,14856.71,14909.62
