data_name,Clusters num,Average time,iterations,sse,obj,balance loss,Time Std,Obj Std,num-thr,t,Average clusters size
athlete_10000_4.csv,4,9.2241,100.00,39983.37,40685.97,10081.00,0.02,3212.08,4.00,0.100000,2452.00,2571.00,2479.00,2498.00,obj,40060.77,44344.76,44704.67,42100.31,46363.82,65753.45,40979.23,41703.98,42405.74,46617.05,43091.28,44316.09,43564.00,47721.65,46707.11,43457.23,42801.03,52205.37,42538.29,44858.65,45949.62,39879.85,41016.59,44778.73,39258.36,39496.07,51438.61,41375.23,39941.91,41505.58,40102.46,48144.68,60781.99,44281.31,45669.54,42829.41,45139.24,45798.45,42080.16,39610.87,43546.10,45819.13,45231.29,46885.47,49314.50,43241.72,44874.31,45515.32,43327.39,40620.99,49800.63,39160.20,59723.00,39658.02,41037.54,39235.01,40082.12,40808.15,43687.33,42001.16,42056.72,39933.41,40026.28,43729.46,40212.82,40022.71,42939.53,41805.83,41622.56,39723.71,46928.36,43798.27,41006.92,41402.49,44122.45,42013.47,44444.97,41878.52,54589.10,46515.31,45492.86,42226.34,40916.26,40475.48,48934.64,40815.09,39458.34,42790.53,47105.38,51568.14,39867.30,41242.43,40525.70,41703.13,49084.20,42726.12,47190.92,41229.52,47957.80,40685.97
athlete_10000_6.csv,6,13.0869,100.00,23545.52,23571.37,871.68,0.03,641.75,4.00,0.010000,1653.50,1670.50,1671.00,1664.00,1661.00,1680.00,obj,28146.68,26713.10,25824.30,25246.87,25362.88,25083.89,24837.72,24809.97,24952.76,25275.96,24818.36,24253.01,24244.80,24175.26,23859.77,24224.30,24190.95,24001.08,23730.65,23684.12,23832.83,23561.16,23836.70,23693.48,23676.19,23678.14,23856.34,23699.87,23588.76,23759.50,23792.99,23935.87,24050.30,23961.15,23725.56,23791.46,24020.10,23543.94,23955.61,23916.81,23749.75,23826.03,23667.09,23634.44,23713.78,23957.74,23952.71,24045.50,23734.38,23819.33,23812.82,23768.38,23658.53,23705.34,23941.97,23687.76,23964.50,23833.92,23944.44,23627.32,23761.77,23816.21,23682.12,23665.68,23681.29,23689.44,23570.54,23675.12,23884.86,23948.05,23889.45,23641.42,23987.81,23495.44,23536.49,23612.50,23945.78,23752.94,24036.56,23928.24,23679.54,23386.63,23577.71,23416.51,23530.80,23808.87,23692.17,23954.86,23996.08,24104.34,23861.17,23734.16,23958.01,23956.61,23672.22,23939.04,23893.71,23882.47,23853.22,23571.37
census_10000_6.csv,6,13.0806,100.00,31446.55,31451.20,15.00,0.06,674.20,4.00,0.010000,1665.00,1666.50,1677.00,1669.50,1658.50,1663.50,obj,35798.93,34654.27,33691.96,33124.57,32939.41,32773.62,32613.40,32507.63,32500.80,32428.75,32307.26,32495.46,32478.38,32441.92,32638.85,32747.06,32913.40,32306.30,32354.66,32228.99,32263.49,32311.43,32158.79,32237.13,32025.30,32074.39,32183.07,31984.07,32070.79,32091.07,31990.54,32181.33,31998.45,32177.79,31916.16,31985.69,31851.86,32021.09,31876.73,31750.26,31849.91,31836.18,31716.33,31646.92,31762.21,31782.71,31544.55,31644.06,31649.63,31582.98,31491.52,31534.01,31774.36,31623.04,31823.20,31575.09,31928.59,31807.45,31663.13,31589.58,31891.72,31463.11,31524.16,31536.30,31892.11,31396.11,31614.89,31676.47,31789.17,31686.82,31729.50,31640.32,31693.72,31613.37,31718.62,31857.60,31664.43,31692.41,31556.11,31641.92,31606.69,31604.50,31684.38,31660.03,31732.09,31486.10,31561.99,31520.12,31569.87,31611.34,31514.85,31396.36,31681.08,31548.49,31774.09,31363.15,31690.30,31647.94,31768.62,31451.20
Spanish_10000_6.csv,6,6.1403,100.00,17217.32,17212.85,1022.77,0.00,53.71,4.00,0.010000,783.00,773.50,789.50,803.00,793.00,804.00,obj,19735.49,19057.91,18515.36,18480.56,18401.82,18136.34,18096.63,18032.47,18014.72,17997.65,18007.23,17834.51,17785.01,17993.35,18200.88,17740.41,17632.60,17915.47,17928.21,17677.93,17586.01,17588.42,17559.78,17908.53,17530.56,17365.11,17452.09,17293.82,17274.43,17492.89,17414.05,17323.45,17336.25,17148.29,17375.43,17310.19,17550.89,17325.25,17312.27,17287.76,17146.59,17264.14,17296.04,17238.12,17278.19,17272.56,17279.56,17330.76,17313.93,17278.52,17217.31,17249.25,17228.32,17241.58,17191.28,17282.64,17241.00,17202.02,17309.41,17384.22,17303.04,17309.89,17262.67,17283.00,17225.76,17267.17,17195.53,17288.20,17294.00,17175.08,17288.75,17230.93,17266.60,17186.81,17217.44,17213.71,17183.98,17186.31,17324.18,17158.14,17251.09,17357.61,17196.49,17262.03,17303.57,17298.65,17225.57,17397.22,17276.84,17410.14,17188.28,17269.07,17243.87,17399.31,17308.69,17308.53,17232.84,17229.26,17253.87,17212.85
student_10000_6.csv,6,13.1903,100.00,15079.32,15470.30,30476.33,0.02,552.93,4.00,0.010000,1686.50,1675.00,1617.00,1705.00,1597.00,1719.50,obj,19322.37,18022.84,16745.78,15592.96,15242.61,15034.70,15359.14,14993.34,14981.67,15298.05,15094.69,14859.88,14681.29,14713.79,14663.54,14549.44,14359.64,14783.91,14958.90,14672.65,15154.94,15035.56,14891.46,14631.39,14985.95,14926.58,15517.09,15077.11,15295.96,14815.70,15843.13,15348.11,15266.12,15289.51,15130.60,15591.28,15346.45,15157.76,15530.13,15588.63,15176.43,15102.95,14985.25,14838.35,14811.55,15026.63,15247.01,14932.91,15074.82,15050.04,15090.74,15411.67,15111.12,15130.07,15032.91,15058.03,15104.29,14975.88,15320.60,15354.18,15238.99,15212.67,15355.11,15373.06,15212.38,15607.02,15183.00,15185.20,15116.75,15560.55,15476.42,15024.49,15119.22,15431.04,15127.62,15408.90,15185.10,15296.56,15966.67,15582.07,15433.12,15593.95,15342.94,15087.42,15064.04,15024.07,14879.26,15270.96,15140.43,15234.91,14901.22,14854.58,14984.78,15261.84,15451.86,15201.55,15453.29,16082.08,15568.80,15470.30
pricerunner_10000_6.csv,6,13.1885,100.00,21813.37,21790.94,459.00,0.01,1350.31,4.00,0.010000,1649.50,1657.50,1696.00,1672.00,1655.50,1669.50,obj,27987.85,24054.28,23466.02,23118.96,22917.98,22977.49,22628.00,22616.23,22519.55,22838.25,22335.91,22397.70,22497.96,22577.04,22493.40,22174.54,22614.17,22228.42,22411.00,22704.89,22395.65,22568.78,22421.09,22251.39,22512.83,22220.87,22450.23,22294.38,22115.77,22260.21,21993.24,21992.75,21918.74,21734.08,21916.05,21885.23,21910.43,21961.93,21936.24,21874.06,21917.96,21808.61,21979.59,22138.69,22025.06,21991.30,21622.11,21755.86,22088.05,21705.93,22132.42,21834.91,21913.82,21825.58,21880.76,22075.42,21818.03,21873.05,22080.33,21846.03,22034.72,21730.96,21895.22,21599.29,21779.33,21791.39,21982.17,21944.24,21860.13,21893.71,21948.73,21836.56,22010.12,21806.10,21693.95,21637.62,21941.80,21844.93,21717.44,22139.11,21856.67,21783.25,21889.95,22010.69,22003.02,21745.29,21652.66,21871.04,21914.40,21963.75,21857.50,21798.46,21868.65,21924.77,21871.80,21716.99,21923.67,21788.44,21755.75,21790.94
cohort_10000_6.csv,6,13.1669,100.00,19641.10,20056.34,16923.00,0.01,1452.05,4.00,0.010000,1665.00,1662.00,1701.00,1675.00,1667.50,1629.50,obj,26995.75,26685.94,26671.34,26214.47,25470.19,24277.84,23658.06,23420.67,23539.09,23338.39,23410.53,23375.31,23363.17,23336.61,23168.87,23011.75,23266.33,22884.28,22416.96,22007.41,21707.84,21303.09,20977.07,20472.28,20423.84,20088.38,19655.49,19246.77,19242.44,19055.36,18949.18,19310.08,19102.99,18912.85,18674.76,18982.90,18588.90,18602.33,18407.86,18611.30,18842.10,18370.98,18795.82,18616.65,18480.66,18773.83,18675.96,18775.45,18831.04,18694.60,18827.64,18652.88,18692.94,18781.95,18857.70,18682.31,18780.68,18668.87,18815.00,18905.40,19109.03,19198.53,19095.33,19008.46,18886.30,18938.21,19142.17,19059.97,19282.85,19182.98,18933.06,18911.29,18952.63,18958.47,18951.83,19193.49,18908.67,19154.35,18843.81,18727.60,18975.71,19169.58,19209.04,19223.12,19066.57,19414.26,19421.90,19320.84,19282.72,19472.72,19330.30,19060.49,19199.86,19300.09,19735.48,19608.28,19663.52,19613.73,19834.72,20056.34
diabeteshealthindicators1_10000_6.csv,6,13.3451,100.00,188226.95,188195.93,1363.33,0.07,238.62,4.00,0.010000,1656.00,1681.00,1675.50,1668.50,1640.00,1679.00,obj,196668.59,193782.54,190520.19,189026.00,188940.25,188857.99,188834.89,188387.95,188530.86,188682.52,188677.21,188685.67,188508.80,188679.70,188666.43,188769.62,188979.47,188656.59,188711.44,188630.68,188919.86,188780.78,188552.69,188694.93,188360.42,188731.88,188716.40,188458.14,188472.46,188495.34,188737.11,188614.25,188526.39,188444.54,188369.86,188484.50,188427.69,188583.12,188554.25,188314.48,188775.62,188450.36,188331.75,188533.54,188647.53,188691.19,188477.92,188634.86,188529.64,188436.19,188401.94,188776.42,188340.97,188675.88,188773.36,188646.46,188605.45,188919.40,188663.83,188806.04,188553.53,188658.21,188428.50,188333.31,188160.55,188145.49,188233.39,188359.85,188325.20,188567.81,188609.06,188599.96,188497.49,188373.83,188629.17,188711.68,188550.26,188468.24,188215.60,188517.59,188216.33,188382.53,188396.88,188281.64,188698.84,188560.46,188453.80,188737.05,188557.94,188738.05,188248.27,188456.85,188649.61,188352.32,188488.47,188258.41,188449.97,188647.91,188351.01,188195.93
NHANES_10000_6.csv,6,2.9226,100.00,15850.17,15844.15,156.57,0.01,13.14,4.00,0.010000,390.00,393.50,371.50,366.50,377.50,379.00,obj,17626.53,15978.38,16050.82,16193.36,15700.24,15407.91,15469.88,15276.11,15440.90,15358.44,15358.23,15560.64,15360.74,15500.56,15634.14,15768.35,15458.53,15458.66,15352.58,15416.88,15307.79,15429.48,15513.57,15712.94,15663.63,15686.16,15527.24,15699.67,15829.40,15578.67,15468.68,15471.83,15452.60,15745.09,15865.57,15515.41,15589.33,15880.85,15900.38,15818.01,15950.32,16036.32,15908.77,15919.11,15992.79,15917.04,16049.73,15785.92,15861.30,15832.89,15890.19,15839.20,15668.66,16024.47,15820.31,15814.09,15830.87,15875.92,15984.44,15853.39,15902.33,15788.14,15872.74,15724.35,16019.67,15858.20,15944.66,15759.79,15845.52,15844.21,15935.05,15899.93,15805.44,15750.09,15682.13,15714.41,15818.48,15847.74,15927.78,15628.04,15877.93,15892.84,15885.40,15864.70,15912.81,15965.19,16054.68,15853.64,15889.27,15935.97,15778.30,15754.43,15985.23,15826.42,15846.14,15669.37,15920.63,15809.77,15917.86,15844.15
athlete_10000_6.csv,6,13.1545,100.00,23545.52,23571.37,871.68,0.10,641.75,4.00,0.010000,1653.50,1670.50,1671.00,1664.00,1661.00,1680.00,obj,28146.68,26713.10,25824.30,25246.87,25362.88,25083.89,24837.72,24809.97,24952.76,25275.96,24818.36,24253.01,24244.80,24175.26,23859.77,24224.30,24190.95,24001.08,23730.65,23684.12,23832.83,23561.16,23836.70,23693.48,23676.19,23678.14,23856.34,23699.87,23588.76,23759.50,23792.99,23935.87,24050.30,23961.15,23725.56,23791.46,24020.10,23543.94,23955.61,23916.81,23749.75,23826.03,23667.09,23634.44,23713.78,23957.74,23952.71,24045.50,23734.38,23819.33,23812.82,23768.38,23658.53,23705.34,23941.97,23687.76,23964.50,23833.92,23944.44,23627.32,23761.77,23816.21,23682.12,23665.68,23681.29,23689.44,23570.54,23675.12,23884.86,23948.05,23889.45,23641.42,23987.81,23495.44,23536.49,23612.50,23945.78,23752.94,24036.56,23928.24,23679.54,23386.63,23577.71,23416.51,23530.80,23808.87,23692.17,23954.86,23996.08,24104.34,23861.17,23734.16,23958.01,23956.61,23672.22,23939.04,23893.71,23882.47,23853.22,23571.37
census_10000_6.csv,6,13.2268,100.00,31446.55,31451.20,15.00,0.04,674.20,4.00,0.010000,1665.00,1666.50,1677.00,1669.50,1658.50,1663.50,obj,35798.93,34654.27,33691.96,33124.57,32939.41,32773.62,32613.40,32507.63,32500.80,32428.75,32307.26,32495.46,32478.38,32441.92,32638.85,32747.06,32913.40,32306.30,32354.66,32228.99,32263.49,32311.43,32158.79,32237.13,32025.30,32074.39,32183.07,31984.07,32070.79,32091.07,31990.54,32181.33,31998.45,32177.79,31916.16,31985.69,31851.86,32021.09,31876.73,31750.26,31849.91,31836.18,31716.33,31646.92,31762.21,31782.71,31544.55,31644.06,31649.63,31582.98,31491.52,31534.01,31774.36,31623.04,31823.20,31575.09,31928.59,31807.45,31663.13,31589.58,31891.72,31463.11,31524.16,31536.30,31892.11,31396.11,31614.89,31676.47,31789.17,31686.82,31729.50,31640.32,31693.72,31613.37,31718.62,31857.60,31664.43,31692.41,31556.11,31641.92,31606.69,31604.50,31684.38,31660.03,31732.09,31486.10,31561.99,31520.12,31569.87,31611.34,31514.85,31396.36,31681.08,31548.49,31774.09,31363.15,31690.30,31647.94,31768.62,31451.20
Spanish_10000_6.csv,6,6.2130,100.00,17217.32,17212.85,1022.77,0.04,53.71,4.00,0.010000,783.00,773.50,789.50,803.00,793.00,804.00,obj,19735.49,19057.91,18515.36,18480.56,18401.82,18136.34,18096.63,18032.47,18014.72,17997.65,18007.23,17834.51,17785.01,17993.35,18200.88,17740.41,17632.60,17915.47,17928.21,17677.93,17586.01,17588.42,17559.78,17908.53,17530.56,17365.11,17452.09,17293.82,17274.43,17492.89,17414.05,17323.45,17336.25,17148.29,17375.43,17310.19,17550.89,17325.25,17312.27,17287.76,17146.59,17264.14,17296.04,17238.12,17278.19,17272.56,17279.56,17330.76,17313.93,17278.52,17217.31,17249.25,17228.32,17241.58,17191.28,17282.64,17241.00,17202.02,17309.41,17384.22,17303.04,17309.89,17262.67,17283.00,17225.76,17267.17,17195.53,17288.20,17294.00,17175.08,17288.75,17230.93,17266.60,17186.81,17217.44,17213.71,17183.98,17186.31,17324.18,17158.14,17251.09,17357.61,17196.49,17262.03,17303.57,17298.65,17225.57,17397.22,17276.84,17410.14,17188.28,17269.07,17243.87,17399.31,17308.69,17308.53,17232.84,17229.26,17253.87,17212.85
student_10000_6.csv,6,13.3491,100.00,15079.32,15470.30,30476.33,0.14,552.93,4.00,0.010000,1686.50,1675.00,1617.00,1705.00,1597.00,1719.50,obj,19322.37,18022.84,16745.78,15592.96,15242.61,15034.70,15359.14,14993.34,14981.67,15298.05,15094.69,14859.88,14681.29,14713.79,14663.54,14549.44,14359.64,14783.91,14958.90,14672.65,15154.94,15035.56,14891.46,14631.39,14985.95,14926.58,15517.09,15077.11,15295.96,14815.70,15843.13,15348.11,15266.12,15289.51,15130.60,15591.28,15346.45,15157.76,15530.13,15588.63,15176.43,15102.95,14985.25,14838.35,14811.55,15026.63,15247.01,14932.91,15074.82,15050.04,15090.74,15411.67,15111.12,15130.07,15032.91,15058.03,15104.29,14975.88,15320.60,15354.18,15238.99,15212.67,15355.11,15373.06,15212.38,15607.02,15183.00,15185.20,15116.75,15560.55,15476.42,15024.49,15119.22,15431.04,15127.62,15408.90,15185.10,15296.56,15966.67,15582.07,15433.12,15593.95,15342.94,15087.42,15064.04,15024.07,14879.26,15270.96,15140.43,15234.91,14901.22,14854.58,14984.78,15261.84,15451.86,15201.55,15453.29,16082.08,15568.80,15470.30
pricerunner_10000_6.csv,6,13.2024,100.00,21813.37,21790.94,459.00,0.01,1350.31,4.00,0.010000,1649.50,1657.50,1696.00,1672.00,1655.50,1669.50,obj,27987.85,24054.28,23466.02,23118.96,22917.98,22977.49,22628.00,22616.23,22519.55,22838.25,22335.91,22397.70,22497.96,22577.04,22493.40,22174.54,22614.17,22228.42,22411.00,22704.89,22395.65,22568.78,22421.09,22251.39,22512.83,22220.87,22450.23,22294.38,22115.77,22260.21,21993.24,21992.75,21918.74,21734.08,21916.05,21885.23,21910.43,21961.93,21936.24,21874.06,21917.96,21808.61,21979.59,22138.69,22025.06,21991.30,21622.11,21755.86,22088.05,21705.93,22132.42,21834.91,21913.82,21825.58,21880.76,22075.42,21818.03,21873.05,22080.33,21846.03,22034.72,21730.96,21895.22,21599.29,21779.33,21791.39,21982.17,21944.24,21860.13,21893.71,21948.73,21836.56,22010.12,21806.10,21693.95,21637.62,21941.80,21844.93,21717.44,22139.11,21856.67,21783.25,21889.95,22010.69,22003.02,21745.29,21652.66,21871.04,21914.40,21963.75,21857.50,21798.46,21868.65,21924.77,21871.80,21716.99,21923.67,21788.44,21755.75,21790.94
cohort_10000_6.csv,6,13.2410,100.00,19641.10,20056.34,16923.00,0.16,1452.05,4.00,0.010000,1665.00,1662.00,1701.00,1675.00,1667.50,1629.50,obj,26995.75,26685.94,26671.34,26214.47,25470.19,24277.84,23658.06,23420.67,23539.09,23338.39,23410.53,23375.31,23363.17,23336.61,23168.87,23011.75,23266.33,22884.28,22416.96,22007.41,21707.84,21303.09,20977.07,20472.28,20423.84,20088.38,19655.49,19246.77,19242.44,19055.36,18949.18,19310.08,19102.99,18912.85,18674.76,18982.90,18588.90,18602.33,18407.86,18611.30,18842.10,18370.98,18795.82,18616.65,18480.66,18773.83,18675.96,18775.45,18831.04,18694.60,18827.64,18652.88,18692.94,18781.95,18857.70,18682.31,18780.68,18668.87,18815.00,18905.40,19109.03,19198.53,19095.33,19008.46,18886.30,18938.21,19142.17,19059.97,19282.85,19182.98,18933.06,18911.29,18952.63,18958.47,18951.83,19193.49,18908.67,19154.35,18843.81,18727.60,18975.71,19169.58,19209.04,19223.12,19066.57,19414.26,19421.90,19320.84,19282.72,19472.72,19330.30,19060.49,19199.86,19300.09,19735.48,19608.28,19663.52,19613.73,19834.72,20056.34
diabeteshealthindicators1_10000_6.csv,6,13.5687,100.00,188226.95,188195.93,1363.33,0.02,238.62,4.00,0.010000,1656.00,1681.00,1675.50,1668.50,1640.00,1679.00,obj,196668.59,193782.54,190520.19,189026.00,188940.25,188857.99,188834.89,188387.95,188530.86,188682.52,188677.21,188685.67,188508.80,188679.70,188666.43,188769.62,188979.47,188656.59,188711.44,188630.68,188919.86,188780.78,188552.69,188694.93,188360.42,188731.88,188716.40,188458.14,188472.46,188495.34,188737.11,188614.25,188526.39,188444.54,188369.86,188484.50,188427.69,188583.12,188554.25,188314.48,188775.62,188450.36,188331.75,188533.54,188647.53,188691.19,188477.92,188634.86,188529.64,188436.19,188401.94,188776.42,188340.97,188675.88,188773.36,188646.46,188605.45,188919.40,188663.83,188806.04,188553.53,188658.21,188428.50,188333.31,188160.55,188145.49,188233.39,188359.85,188325.20,188567.81,188609.06,188599.96,188497.49,188373.83,188629.17,188711.68,188550.26,188468.24,188215.60,188517.59,188216.33,188382.53,188396.88,188281.64,188698.84,188560.46,188453.80,188737.05,188557.94,188738.05,188248.27,188456.85,188649.61,188352.32,188488.47,188258.41,188449.97,188647.91,188351.01,188195.93
NHANES_10000_6.csv,6,2.9398,100.00,15850.17,15844.15,156.57,0.01,13.14,4.00,0.010000,390.00,393.50,371.50,366.50,377.50,379.00,obj,17626.53,15978.38,16050.82,16193.36,15700.24,15407.91,15469.88,15276.11,15440.90,15358.44,15358.23,15560.64,15360.74,15500.56,15634.14,15768.35,15458.53,15458.66,15352.58,15416.88,15307.79,15429.48,15513.57,15712.94,15663.63,15686.16,15527.24,15699.67,15829.40,15578.67,15468.68,15471.83,15452.60,15745.09,15865.57,15515.41,15589.33,15880.85,15900.38,15818.01,15950.32,16036.32,15908.77,15919.11,15992.79,15917.04,16049.73,15785.92,15861.30,15832.89,15890.19,15839.20,15668.66,16024.47,15820.31,15814.09,15830.87,15875.92,15984.44,15853.39,15902.33,15788.14,15872.74,15724.35,16019.67,15858.20,15944.66,15759.79,15845.52,15844.21,15935.05,15899.93,15805.44,15750.09,15682.13,15714.41,15818.48,15847.74,15927.78,15628.04,15877.93,15892.84,15885.40,15864.70,15912.81,15965.19,16054.68,15853.64,15889.27,15935.97,15778.30,15754.43,15985.23,15826.42,15846.14,15669.37,15920.63,15809.77,15917.86,15844.15
athlete_10000_6.csv,6,13.4575,100.00,39681.48,39681.52,386.50,0.27,47.96,4.00,0.010000,1642.50,1672.00,1685.50,1658.50,1666.50,1675.00,obj,41648.67,39798.10,39811.34,39808.38,39793.45,39832.08,39788.76,39831.51,39855.11,39792.14,39789.95,39705.74,39833.85,39735.64,39682.63,39683.27,39679.18,39764.14,39717.80,39633.71,39711.46,39682.51,39721.40,39750.37,39688.87,39721.10,39642.31,39723.96,39695.92,39658.39,39668.43,39686.12,39716.81,39740.45,39660.22,39659.96,39702.02,39764.22,39718.55,39685.76,39767.22,39670.18,39783.69,39770.48,39695.44,39756.26,39739.96,39753.70,39695.57,39717.72,39745.86,39733.62,39682.36,39710.57,39635.70,39709.28,39701.61,39809.04,39690.26,39727.62,39770.95,39681.94,39696.62,39659.87,39663.90,39806.76,39672.46,39678.71,39730.91,39762.51,39748.36,39732.09,39691.98,39731.97,39668.88,39716.35,39646.59,39638.50,39756.03,39744.47,39678.87,39711.50,39685.81,39762.34,39712.24,39788.27,39751.96,39684.14,39744.68,39736.11,39782.77,39664.42,39714.11,39692.68,39711.27,39702.34,39715.88,39738.34,39732.94,39681.52
athlete_10000_6.csv,6,13.4007,100.00,38609.49,38622.75,456.67,0.01,22.62,4.00,0.010000,1643.50,1671.00,1682.00,1667.50,1659.00,1677.00,obj,40834.35,39394.89,39160.81,39074.32,39002.18,38887.08,39018.98,38981.91,38863.01,38799.90,38825.40,38617.86,38736.90,38629.02,38553.78,38561.72,38572.71,38505.12,38574.78,38505.52,38692.48,38721.14,38621.58,38580.07,38546.47,38714.69,38527.70,38657.38,38532.48,38531.26,38476.52,38561.27,38577.25,38658.08,38566.89,38496.57,38591.67,38699.74,38542.15,38496.93,38554.94,38615.93,38736.89,38638.16,38592.59,38726.37,38631.55,38665.98,38486.80,38698.83,38573.42,38577.09,38653.41,38629.98,38496.25,38628.67,38439.68,38654.99,38472.77,38686.18,38755.27,38522.22,38517.23,38431.79,38472.09,38718.74,38669.08,38507.22,38555.31,38741.82,38567.50,38587.04,38629.93,38692.21,38483.15,38581.52,38681.35,38553.21,38648.09,38563.90,38515.68,38626.91,38635.68,38599.82,38610.22,38727.71,38623.88,38614.25,38639.80,38433.42,38592.19,38454.00,38565.28,38533.45,38576.06,38595.20,38572.21,38578.11,38621.22,38622.75
athlete_10000_6.csv,6,13.3908,100.00,34569.20,34646.39,3653.67,0.04,349.13,4.00,0.010000,1653.00,1666.00,1664.00,1654.00,1671.50,1691.50,obj,37596.05,37213.64,36687.29,36267.62,36156.82,35862.50,35933.41,35550.35,35614.66,35608.03,35433.36,35482.07,35516.52,35290.18,35289.86,35198.77,35007.79,34747.98,34781.72,34910.65,34944.81,34865.09,34894.58,34853.56,34761.40,34839.20,34933.39,34809.09,34680.93,34636.05,34814.76,34877.81,34790.40,34997.52,34817.44,34818.59,34602.84,34747.27,34837.47,34761.15,34852.03,34749.80,34844.65,34609.88,34988.77,34754.86,34773.95,34808.81,34602.82,34688.10,34800.21,34834.51,34751.12,34706.70,34776.33,34741.06,34654.28,34764.44,34707.22,34729.05,34891.54,34823.09,34691.92,34572.44,34813.01,34987.79,34966.51,34742.77,34459.94,34866.06,34536.00,34611.86,34866.62,34966.85,34926.67,34791.05,34811.45,34524.72,34801.31,34808.87,34764.15,34678.78,34741.98,34717.15,34665.74,34651.94,34703.52,34557.99,34743.57,34752.14,34637.29,34528.15,34965.85,34738.58,34774.35,34753.10,34785.47,34837.44,34911.86,34646.39
athlete_10000_6.csv,6,13.0473,100.00,23545.52,23571.37,871.68,0.02,641.75,4.00,0.010000,1653.50,1670.50,1671.00,1664.00,1661.00,1680.00,obj,28146.68,26713.10,25824.30,25246.87,25362.88,25083.89,24837.72,24809.97,24952.76,25275.96,24818.36,24253.01,24244.80,24175.26,23859.77,24224.30,24190.95,24001.08,23730.65,23684.12,23832.83,23561.16,23836.70,23693.48,23676.19,23678.14,23856.34,23699.87,23588.76,23759.50,23792.99,23935.87,24050.30,23961.15,23725.56,23791.46,24020.10,23543.94,23955.61,23916.81,23749.75,23826.03,23667.09,23634.44,23713.78,23957.74,23952.71,24045.50,23734.38,23819.33,23812.82,23768.38,23658.53,23705.34,23941.97,23687.76,23964.50,23833.92,23944.44,23627.32,23761.77,23816.21,23682.12,23665.68,23681.29,23689.44,23570.54,23675.12,23884.86,23948.05,23889.45,23641.42,23987.81,23495.44,23536.49,23612.50,23945.78,23752.94,24036.56,23928.24,23679.54,23386.63,23577.71,23416.51,23530.80,23808.87,23692.17,23954.86,23996.08,24104.34,23861.17,23734.16,23958.01,23956.61,23672.22,23939.04,23893.71,23882.47,23853.22,23571.37
athlete_10000_6.csv,6,13.0035,100.00,21076.49,21166.43,1048.33,0.04,430.64,4.00,0.010000,1673.00,1672.50,1662.50,1657.50,1659.00,1675.50,obj,26367.76,24860.17,24008.29,22893.26,22125.40,21865.28,21880.49,21970.32,21946.89,21756.59,21221.46,20348.31,20884.69,21078.17,20763.04,20644.58,20562.26,20676.57,20573.62,20598.53,20661.43,20831.88,20719.47,20491.36,20920.04,20655.07,20730.05,20755.21,20522.74,20417.98,21012.21,20779.09,20770.65,20898.96,20910.54,21206.00,21221.62,20741.25,20450.27,20780.00,20289.00,20578.24,20692.19,20816.13,20789.66,21134.56,21155.79,21011.63,20889.53,20772.15,20592.49,20588.61,20609.31,20550.19,20788.62,20574.99,20587.93,21085.53,20784.22,20729.89,20485.52,20802.44,20837.90,20640.49,20347.19,20712.46,20570.91,20504.84,20740.86,20619.48,20752.28,20589.84,20617.11,20762.65,20879.51,20647.64,20814.47,20779.40,20984.47,20798.73,20732.45,20357.01,20282.10,20538.25,20566.28,20892.36,20556.64,20869.88,20900.94,20811.88,20464.81,20486.88,20912.54,20988.87,20703.53,20691.28,20755.53,20957.99,20719.11,21166.43
athlete_10000_6.csv,6,13.0760,100.00,20878.85,20946.51,635.33,0.17,471.46,4.00,0.010000,1679.00,1670.00,1662.00,1657.50,1660.50,1671.00,obj,26262.14,24719.67,23877.26,22791.71,22074.21,21746.13,21842.63,21804.44,21770.96,21523.71,20944.05,20129.41,20642.61,20907.18,20520.61,20474.69,20381.17,20412.91,20368.32,20397.76,20556.03,20517.65,20412.03,20388.98,20790.30,20443.50,20474.49,20417.09,20197.95,20294.49,20808.46,20619.52,20777.61,20732.93,20727.47,21027.99,21069.18,20486.58,20271.66,20632.65,20132.10,20553.17,20529.24,20595.93,20637.25,20943.72,20948.59,20832.22,20765.22,20641.51,20460.52,20437.96,20564.91,20378.78,20556.01,20424.74,20412.05,20892.13,20463.74,20398.28,20311.21,20472.95,20654.51,20486.44,20240.41,20691.43,20349.63,20376.60,20670.67,20529.59,20607.58,20431.34,20488.71,20401.82,20596.16,20574.52,20718.02,20590.95,20865.83,20666.16,20564.84,20272.63,20110.02,20435.90,20392.48,20652.52,20432.95,20744.25,20670.91,20677.02,20412.60,20338.71,20716.48,20922.73,20596.46,20586.08,20665.81,20791.44,20421.46,20946.51
census_10000_6.csv,6,13.4589,100.00,39878.65,39881.75,402.15,0.06,13.85,4.00,0.010000,1654.50,1677.50,1672.50,1669.50,1658.00,1668.00,obj,43234.83,39904.77,39987.70,39953.85,39926.65,39903.50,39912.86,39863.32,40007.52,39914.45,39942.52,39901.86,39947.86,39886.03,39894.24,39873.62,39906.71,39887.32,39907.39,39933.54,39893.74,39902.73,39886.58,39902.80,39921.79,39840.58,39886.46,39858.58,39857.10,39821.01,39824.47,39862.16,39862.80,39853.47,39824.30,39874.70,39909.03,39896.96,39873.20,39856.11,39928.28,39855.38,39870.12,39856.01,39870.93,39856.74,39864.99,39920.27,39867.28,39908.47,39910.82,39940.53,39845.05,39825.00,39811.13,39849.14,39823.37,39864.34,39862.84,39833.13,39874.95,39870.02,39803.92,39854.54,39854.15,39872.61,39846.07,39858.24,39825.81,39875.55,39832.24,39908.44,39862.96,39861.94,39850.11,39829.52,39898.04,39851.28,39869.51,39814.44,39865.29,39912.96,39843.33,39829.21,39861.31,39861.25,39876.62,39843.17,39858.05,39847.55,39867.97,39887.75,39870.49,39881.55,39819.44,39860.24,39882.97,39878.04,39851.18,39881.75
census_10000_6.csv,6,13.5271,100.00,39151.81,39152.68,296.67,0.06,40.82,4.00,0.010000,1655.00,1675.00,1684.50,1657.00,1656.50,1672.00,obj,44965.04,39598.51,39610.08,39595.18,39608.62,39544.05,39654.54,39533.21,39529.63,39542.52,39364.46,39420.42,39461.84,39317.67,39239.20,39317.02,39246.98,39197.83,39215.10,39234.05,39328.24,39292.27,39248.89,39336.51,39158.67,39226.02,39264.66,39201.70,39234.01,39241.93,39219.78,39216.74,39222.38,39160.22,39267.67,39226.26,39185.07,39137.39,39168.78,39162.43,39188.40,39131.83,39249.41,39150.07,39160.52,39198.33,39180.01,39074.61,39139.98,39119.26,39159.40,39127.92,39115.30,39154.44,39147.25,39247.71,39136.51,39137.79,39152.57,39134.68,39185.35,39092.22,39177.01,38979.67,39054.78,39104.54,39105.83,39164.06,39161.24,39096.34,39116.97,39158.06,39189.34,39177.10,39129.84,39094.52,39097.07,39128.03,39146.88,39103.75,39178.06,39109.48,39148.52,39134.64,39182.52,39142.41,39140.43,39158.79,39116.48,39094.72,39113.07,39168.14,39202.14,39181.95,39139.07,39041.37,39151.08,39117.72,39037.84,39152.68
census_10000_6.csv,6,13.4280,100.00,36905.60,36907.07,11.33,0.09,22.06,4.00,0.010000,1654.50,1677.00,1683.50,1662.50,1655.50,1667.00,obj,42918.12,38600.06,38527.44,38482.51,38225.76,38133.14,38154.77,38068.80,37938.67,37938.44,37815.33,37796.96,37969.13,37511.85,37552.66,37575.12,37377.27,37125.30,37244.98,37252.23,37204.87,37294.69,37176.30,37153.10,37018.63,37152.75,37164.78,37071.01,37151.02,37187.26,37150.54,37184.69,37215.11,36936.70,37176.49,37092.22,36976.00,36950.21,37110.85,37103.41,37073.92,37104.47,37059.42,36940.36,36978.03,37040.43,36999.75,36921.25,36904.66,36890.65,36916.35,37057.24,36928.26,36844.36,36888.22,36982.52,36756.17,36954.65,36947.03,36913.40,37007.77,36843.49,36910.17,36769.31,36965.30,36849.35,36886.26,36932.75,36780.02,37001.94,36902.24,36849.19,36911.61,36834.39,36844.71,36878.41,36877.18,36836.78,36867.09,36846.75,36864.89,36867.15,36806.24,36760.53,36756.60,36981.40,36797.20,36884.33,36868.92,36846.74,36720.67,36825.16,36924.54,36848.42,36957.82,36772.72,36838.72,36995.95,36824.78,36907.07
census_10000_6.csv,6,13.1285,100.00,31446.55,31451.20,15.00,0.02,674.20,4.00,0.010000,1665.00,1666.50,1677.00,1669.50,1658.50,1663.50,obj,35798.93,34654.27,33691.96,33124.57,32939.41,32773.62,32613.40,32507.63,32500.80,32428.75,32307.26,32495.46,32478.38,32441.92,32638.85,32747.06,32913.40,32306.30,32354.66,32228.99,32263.49,32311.43,32158.79,32237.13,32025.30,32074.39,32183.07,31984.07,32070.79,32091.07,31990.54,32181.33,31998.45,32177.79,31916.16,31985.69,31851.86,32021.09,31876.73,31750.26,31849.91,31836.18,31716.33,31646.92,31762.21,31782.71,31544.55,31644.06,31649.63,31582.98,31491.52,31534.01,31774.36,31623.04,31823.20,31575.09,31928.59,31807.45,31663.13,31589.58,31891.72,31463.11,31524.16,31536.30,31892.11,31396.11,31614.89,31676.47,31789.17,31686.82,31729.50,31640.32,31693.72,31613.37,31718.62,31857.60,31664.43,31692.41,31556.11,31641.92,31606.69,31604.50,31684.38,31660.03,31732.09,31486.10,31561.99,31520.12,31569.87,31611.34,31514.85,31396.36,31681.08,31548.49,31774.09,31363.15,31690.30,31647.94,31768.62,31451.20
census_10000_6.csv,6,13.1184,100.00,31207.45,31226.76,39.00,0.09,286.83,4.00,0.010000,1676.00,1661.50,1679.00,1665.50,1655.50,1662.50,obj,34775.95,33178.78,32802.06,32210.23,31501.51,31399.21,31216.98,31396.16,31444.48,31364.25,31475.25,31571.99,31609.87,31566.31,31914.12,31964.98,32446.96,31948.80,31920.07,31637.98,31726.11,31993.28,31771.65,32254.27,31775.87,31727.35,31612.30,32143.32,31934.73,31644.72,31636.59,31583.68,31603.24,31470.01,31359.51,31344.39,31483.52,31570.41,31274.39,31553.54,31340.78,31528.35,31257.02,31104.33,31212.35,31410.30,31222.35,31165.46,31290.95,31384.85,31223.29,31212.62,31362.16,31350.82,31470.70,31921.44,31763.72,31637.07,31728.12,31372.52,31819.87,31456.76,31176.81,31245.69,31297.17,31533.64,31400.32,31338.35,31573.30,31544.22,31378.98,31236.71,31496.66,31283.63,31241.43,31196.39,31248.03,31298.57,31371.82,31287.75,31478.49,31213.04,31248.65,31448.27,31399.10,31320.25,31202.31,31251.52,31617.34,31294.16,31212.86,31264.13,31353.08,31365.87,31496.31,31660.93,31541.04,31513.02,31565.64,31226.76
census_10000_6.csv,6,13.0681,100.00,31004.39,30947.19,675.33,0.05,42.58,4.00,0.010000,1688.50,1658.00,1674.50,1656.50,1648.50,1674.00,obj,34640.35,33122.38,32924.82,32256.92,31601.33,31504.05,31299.98,31314.26,31435.92,31174.26,31094.05,31219.33,31304.40,31412.47,31785.13,31579.62,31835.64,31373.35,31406.93,31291.25,31470.55,31393.31,31050.61,31601.29,31146.03,31194.45,31196.09,31434.09,31530.31,31512.77,31395.05,31514.30,31634.62,31244.47,31214.83,31259.76,31313.61,31265.92,31098.07,31386.81,31417.21,31383.67,31165.25,30943.40,30863.05,31051.67,30795.09,30998.53,31006.92,31028.10,30974.79,30880.21,31124.39,30897.07,31114.46,30909.72,31537.04,31368.41,31318.57,31161.99,31491.09,30951.30,31316.28,31101.72,31176.12,31455.63,31485.73,31267.85,31693.31,31817.99,31112.64,30846.35,31014.97,30879.62,30885.78,30962.21,30928.53,30896.02,30973.59,31194.24,31081.03,31086.86,30993.45,31028.00,31137.57,30876.78,30957.27,30989.86,30924.89,30872.56,30915.55,30783.61,30871.14,30787.68,31087.20,31577.96,31316.16,31067.60,31116.07,30947.19
Spanish_10000_6.csv,6,6.3310,100.00,23601.86,23660.43,2742.14,0.00,48.31,4.00,0.010000,764.00,782.00,808.00,800.50,786.00,805.50,obj,24136.05,23668.80,23640.84,23655.71,23614.18,23710.53,23635.25,23693.28,23624.73,23578.42,23609.99,23606.70,23633.70,23682.52,23566.21,23607.98,23594.24,23605.17,23620.78,23631.87,23603.43,23595.69,23602.15,23575.54,23578.62,23612.34,23617.79,23650.91,23630.15,23586.30,23603.30,23603.47,23609.36,23575.40,23649.73,23591.72,23615.74,23605.97,23592.24,23593.40,23581.09,23634.19,23591.05,23608.20,23602.01,23598.24,23594.83,23586.28,23530.49,23618.80,23588.76,23596.75,23632.28,23585.77,23616.83,23646.07,23632.68,23624.76,23617.84,23589.80,23591.53,23579.51,23597.43,23618.59,23596.48,23568.47,23594.96,23622.95,23643.86,23626.44,23598.69,23619.85,23629.08,23605.81,23630.25,23607.48,23632.92,23583.15,23601.11,23665.61,23640.79,23555.21,23628.59,23603.50,23634.23,23641.49,23610.71,23595.68,23577.09,23573.47,23578.46,23551.36,23616.07,23651.60,23678.37,23698.96,23655.58,23634.66,23651.79,23660.43
Spanish_10000_6.csv,6,6.3559,100.00,23090.12,23136.07,2113.88,0.01,87.68,4.00,0.010000,784.50,767.50,787.50,822.50,777.00,807.00,obj,24538.97,23434.56,23340.63,23374.11,23303.44,23200.49,23290.58,23224.77,23250.59,23059.96,23063.48,23133.99,23177.41,23121.48,23047.95,23106.58,23150.53,23065.81,23088.60,23054.09,23013.46,23042.78,23024.24,23079.76,23079.58,23120.82,23054.33,23100.32,23060.16,23089.34,23092.80,23072.22,23131.37,23083.85,23122.65,23089.02,23085.72,23026.60,23108.40,23167.04,23040.44,23057.39,23116.13,23054.84,23094.25,23152.63,22989.79,23065.91,23033.46,23019.81,23068.50,23030.15,23082.96,23117.67,23080.77,23116.51,23089.79,23088.21,23136.68,23050.88,23092.48,22991.87,23107.35,23096.63,23047.51,23103.73,23121.73,23118.01,23072.08,22991.41,23080.14,23106.98,23092.73,23085.07,23105.06,23089.25,23160.76,23079.64,23113.67,23140.35,22998.86,22959.39,23111.22,23089.81,23050.83,23115.18,23082.68,23078.43,23086.10,23025.94,23121.27,23060.67,23113.16,23106.36,23134.71,23215.26,23137.33,23142.08,23056.69,23136.07
Spanish_10000_6.csv,6,6.3055,100.00,21357.12,21437.13,4617.72,0.02,188.29,4.00,0.010000,785.00,769.50,783.50,801.00,788.50,818.50,obj,23629.15,22439.48,22047.35,21903.43,22046.87,22017.45,21777.43,21552.19,21639.48,21456.54,21523.55,21498.55,21561.98,21389.41,21396.04,21446.19,21488.94,21464.59,21541.46,21453.30,21471.44,21446.41,21283.70,21357.10,21286.43,21404.27,21427.22,21526.06,21394.07,21309.19,21335.55,21528.23,21472.86,21353.80,21438.20,21499.20,21490.93,21415.25,21482.07,21473.96,21383.04,21508.22,21539.94,21470.09,21499.45,21507.84,21436.35,21418.04,21393.71,21404.27,21471.89,21409.70,21436.34,21326.54,21452.89,21468.29,21459.84,21435.20,21466.92,21445.48,21423.68,21423.37,21440.83,21505.89,21505.37,21405.74,21517.89,21603.07,21410.82,21406.11,21411.28,21496.38,21479.00,21456.54,21469.14,21546.45,21478.53,21501.56,21436.69,21400.00,21424.94,21472.94,21484.66,21422.60,21504.57,21544.25,21431.04,21504.67,21377.86,21405.65,21431.82,21439.90,21510.64,21548.29,21417.83,21505.14,21538.59,21431.87,21436.64,21437.13
Spanish_10000_6.csv,6,6.1500,100.00,17217.32,17212.85,1022.77,0.02,53.71,4.00,0.010000,783.00,773.50,789.50,803.00,793.00,804.00,obj,19735.49,19057.91,18515.36,18480.56,18401.82,18136.34,18096.63,18032.47,18014.72,17997.65,18007.23,17834.51,17785.01,17993.35,18200.88,17740.41,17632.60,17915.47,17928.21,17677.93,17586.01,17588.42,17559.78,17908.53,17530.56,17365.11,17452.09,17293.82,17274.43,17492.89,17414.05,17323.45,17336.25,17148.29,17375.43,17310.19,17550.89,17325.25,17312.27,17287.76,17146.59,17264.14,17296.04,17238.12,17278.19,17272.56,17279.56,17330.76,17313.93,17278.52,17217.31,17249.25,17228.32,17241.58,17191.28,17282.64,17241.00,17202.02,17309.41,17384.22,17303.04,17309.89,17262.67,17283.00,17225.76,17267.17,17195.53,17288.20,17294.00,17175.08,17288.75,17230.93,17266.60,17186.81,17217.44,17213.71,17183.98,17186.31,17324.18,17158.14,17251.09,17357.61,17196.49,17262.03,17303.57,17298.65,17225.57,17397.22,17276.84,17410.14,17188.28,17269.07,17243.87,17399.31,17308.69,17308.53,17232.84,17229.26,17253.87,17212.85
Spanish_10000_6.csv,6,6.1860,100.00,16591.91,16603.50,1634.01,0.03,102.94,4.00,0.010000,797.50,780.50,785.50,803.50,787.50,791.50,obj,18902.54,18193.00,17891.36,17463.51,17215.34,17158.36,17509.95,17337.34,17177.40,17067.07,17426.60,17240.41,16987.18,16978.77,16811.23,16877.78,17001.63,16970.16,16983.16,16992.39,16921.18,16984.85,16841.94,16768.88,16756.90,16787.59,16751.66,16799.35,16809.74,16798.21,16735.95,16714.91,16734.56,16651.96,16690.40,16642.88,16733.66,16702.10,16721.78,16585.77,16637.47,16626.20,16692.83,16652.34,16619.37,16707.21,16720.34,16709.23,16647.26,16711.91,16716.04,16669.86,16679.15,16665.70,16606.89,16486.42,16586.75,16564.81,16485.94,16521.32,16426.18,16513.94,16624.67,16496.01,16574.72,16447.79,16453.73,16468.10,16568.66,16429.45,16486.05,16562.10,16570.44,16402.69,16441.47,16627.44,16571.17,16568.63,16439.54,16499.09,16527.24,16559.29,16387.12,16534.12,16526.61,16562.27,16511.37,16656.18,16659.27,16642.18,16607.89,16632.78,16549.63,16524.54,16453.78,16480.21,16414.69,16477.60,16601.61,16603.50
Spanish_10000_6.csv,6,6.1504,100.00,16506.30,16516.59,888.80,0.02,39.04,4.00,0.010000,789.50,782.50,793.50,799.50,784.00,797.00,obj,18838.50,18123.62,17827.48,17421.59,17244.70,17116.19,17358.87,17296.97,16927.00,16864.19,17257.35,17121.18,16924.85,16962.84,16858.82,16853.50,17027.86,16942.42,16974.02,17059.33,16973.90,17054.42,16915.70,16801.30,16785.67,16754.86,16723.88,16762.06,16724.71,16744.71,16661.26,16635.54,16725.88,16600.98,16642.50,16585.26,16635.60,16489.86,16638.64,16429.96,16479.58,16461.02,16544.14,16485.56,16509.47,16492.34,16555.32,16524.73,16467.73,16581.67,16569.99,16511.38,16543.04,16510.04,16469.66,16382.66,16582.49,16563.00,16466.72,16540.78,16389.31,16474.97,16544.22,16460.90,16567.59,16430.16,16411.66,16448.78,16527.85,16395.26,16445.42,16520.97,16519.89,16373.58,16425.68,16595.96,16554.77,16549.21,16404.27,16492.54,16525.93,16520.38,16384.65,16485.45,16494.27,16517.44,16490.30,16594.17,16626.77,16598.18,16503.72,16547.10,16459.38,16429.92,16433.50,16474.98,16419.63,16482.47,16598.48,16516.59
student_10000_6.csv,6,13.3808,100.00,19866.36,19882.01,950.28,0.08,71.61,4.00,0.010000,1658.50,1676.00,1672.00,1659.50,1656.00,1678.00,obj,22314.18,19885.75,19933.30,20004.46,19993.06,19999.85,19985.83,19940.02,19989.91,19923.28,19951.78,19896.05,19938.95,19935.27,19939.44,19972.20,19916.30,19912.48,19900.57,19928.45,19931.56,19921.06,19917.54,19961.42,19966.44,19952.10,19951.39,19919.99,19923.16,19904.82,19916.35,19902.39,19985.04,19937.03,19930.54,19911.19,19940.38,19930.28,19958.94,19948.61,19984.28,19922.57,19940.10,19937.52,19941.40,19911.95,19923.04,19945.11,19918.10,19935.97,19951.56,19985.50,19941.22,19984.74,19944.61,19943.60,19937.41,19982.37,19942.54,19941.40,19959.65,19938.18,19937.24,19959.04,19964.74,20004.10,19971.45,19935.11,19909.33,19898.16,19910.26,19966.10,19931.92,19937.80,19933.82,19897.92,19908.08,19935.23,19918.03,19924.60,19929.70,19977.51,19934.21,19948.29,19934.02,19878.61,19887.57,19880.51,19927.37,19927.14,19950.93,19966.47,19950.00,19916.11,19922.85,19916.46,19926.01,19923.35,19920.23,19882.01
student_10000_6.csv,6,13.4056,100.00,19360.44,19370.53,471.00,0.04,60.47,4.00,0.010000,1650.50,1675.00,1686.00,1675.50,1656.50,1656.50,obj,23042.30,19798.01,19892.51,19764.35,19784.27,19780.06,19740.52,19749.53,19708.75,19592.49,19610.43,19555.60,19579.35,19564.33,19499.59,19522.51,19490.70,19532.93,19511.98,19492.77,19433.09,19451.50,19449.73,19459.19,19426.57,19412.56,19432.59,19433.40,19381.64,19395.30,19380.62,19407.92,19384.79,19386.10,19421.92,19440.48,19484.17,19396.16,19435.17,19347.74,19420.52,19444.42,19437.68,19347.22,19397.77,19405.67,19451.44,19375.76,19417.32,19392.17,19363.84,19550.65,19231.95,19350.99,19382.76,19445.94,19316.83,19335.87,19385.08,19414.36,19421.62,19301.74,19350.55,19329.85,19421.13,19303.45,19392.24,19382.46,19414.35,19388.62,19379.93,19336.65,19383.75,19387.62,19429.39,19424.31,19493.66,19408.84,19371.65,19387.72,19390.36,19300.51,19416.81,19353.98,19353.09,19455.46,19366.56,19305.80,19305.50,19430.39,19464.88,19403.87,19341.99,19344.70,19308.81,19303.68,19299.72,19303.09,19306.98,19370.53
student_10000_6.csv,6,13.5219,100.00,17730.67,17707.65,4828.33,0.10,148.61,4.00,0.010000,1668.50,1677.50,1686.00,1645.50,1664.00,1658.50,obj,22100.20,19571.34,19248.58,18927.28,18706.57,18495.43,18280.63,18200.39,18008.67,18087.68,17955.16,18030.94,18066.19,18040.56,18027.03,17910.47,17915.07,17916.04,17770.95,17815.78,17686.97,17794.67,17722.88,17585.42,17653.57,17535.61,17642.73,17849.39,17664.41,17667.42,17680.75,17740.72,17495.15,17542.30,17540.50,17657.08,17814.89,17580.66,17614.69,17590.35,17675.78,17851.29,17629.79,17480.90,17603.73,17777.01,17719.60,17584.76,17751.16,17641.55,17600.76,17695.43,17657.15,17679.30,17760.56,17695.03,17681.68,17836.36,17948.26,17704.03,17813.12,17649.99,17687.55,17584.15,17727.50,17889.30,17720.32,17668.70,17677.05,17704.26,17532.12,17667.62,17641.93,17536.38,17756.88,17668.54,17606.78,17711.50,17717.64,17832.49,17698.03,17660.27,17665.45,17692.05,17505.23,17589.42,17665.07,17725.47,17622.34,17785.30,17748.97,17636.22,17759.54,17662.59,17694.37,17580.56,17722.88,17788.71,17750.18,17707.65
student_10000_6.csv,6,13.1576,100.00,15079.32,15470.30,30476.33,0.05,552.93,4.00,0.010000,1686.50,1675.00,1617.00,1705.00,1597.00,1719.50,obj,19322.37,18022.84,16745.78,15592.96,15242.61,15034.70,15359.14,14993.34,14981.67,15298.05,15094.69,14859.88,14681.29,14713.79,14663.54,14549.44,14359.64,14783.91,14958.90,14672.65,15154.94,15035.56,14891.46,14631.39,14985.95,14926.58,15517.09,15077.11,15295.96,14815.70,15843.13,15348.11,15266.12,15289.51,15130.60,15591.28,15346.45,15157.76,15530.13,15588.63,15176.43,15102.95,14985.25,14838.35,14811.55,15026.63,15247.01,14932.91,15074.82,15050.04,15090.74,15411.67,15111.12,15130.07,15032.91,15058.03,15104.29,14975.88,15320.60,15354.18,15238.99,15212.67,15355.11,15373.06,15212.38,15607.02,15183.00,15185.20,15116.75,15560.55,15476.42,15024.49,15119.22,15431.04,15127.62,15408.90,15185.10,15296.56,15966.67,15582.07,15433.12,15593.95,15342.94,15087.42,15064.04,15024.07,14879.26,15270.96,15140.43,15234.91,14901.22,14854.58,14984.78,15261.84,15451.86,15201.55,15453.29,16082.08,15568.80,15470.30
student_10000_6.csv,6,13.3022,100.00,14884.82,15246.34,19248.00,0.19,629.59,4.00,0.010000,1659.50,1692.50,1721.50,1644.50,1659.00,1623.00,obj,19524.57,17601.08,16479.21,16563.69,16290.75,15859.68,15326.56,14836.18,15027.87,14935.31,14924.45,14875.08,15453.89,14801.62,14748.17,14749.91,15059.72,15056.22,16313.44,15400.01,15963.22,15489.30,15755.80,15306.49,16143.58,16065.01,16216.26,15860.85,16164.51,16196.39,16515.77,16474.47,15699.40,15798.53,16509.55,16053.45,16102.13,15592.15,15635.49,15362.61,15579.86,15137.59,14951.55,14846.79,14787.03,14721.83,15014.51,15023.24,14809.29,14767.01,14923.91,15062.37,14783.60,14832.65,14570.04,15243.43,15157.90,14645.02,14922.56,14943.39,14900.58,15147.37,15746.85,15222.69,15271.13,15537.28,15092.48,15608.50,15298.63,15065.79,15378.17,15172.96,15211.95,14937.59,15075.54,15388.41,15211.28,14957.76,15355.19,15229.39,15672.08,15278.97,15229.63,15042.91,14920.05,15070.19,14632.01,14838.84,15006.34,15104.62,15474.33,14903.86,15271.28,14959.58,15133.06,15143.62,15102.47,15202.59,15757.41,15246.34
student_10000_6.csv,6,13.1418,100.00,15743.02,17719.07,129750.00,0.06,590.77,4.00,0.010000,1707.00,1717.00,1668.50,1669.50,1713.00,1525.00,obj,19472.29,17708.11,16428.06,15873.84,15952.86,15522.47,15348.09,15381.96,15232.83,15143.18,15562.34,15519.95,15111.89,15399.62,14916.27,14778.35,14488.95,16875.55,15166.96,14903.86,17338.08,15502.52,14900.46,15132.04,14970.28,15780.97,15925.21,16645.75,15498.71,15417.55,17395.56,16105.83,16200.51,16830.23,16179.44,16778.97,16078.78,16562.00,15783.48,15544.64,15882.44,15677.73,15772.87,15402.20,15326.02,15569.33,15450.69,15535.77,15278.39,15518.39,15501.62,15087.59,14912.21,15068.96,14796.01,14948.57,16125.85,15687.55,15874.89,16123.83,14903.00,15349.17,15645.72,15380.67,16234.65,16356.71,17044.01,15983.97,16224.90,16253.47,16253.09,15726.53,16016.64,15427.16,16201.12,16015.93,16182.10,15770.49,15313.81,15444.81,15864.46,15188.87,15278.46,15023.66,15278.49,15479.36,14873.84,14981.58,15404.89,15679.02,15403.60,15586.22,15251.56,15182.23,15390.02,15210.52,16664.80,16524.50,16364.12,17719.07
pricerunner_10000_6.csv,6,13.6190,100.00,39402.64,39446.67,2136.33,0.16,43.16,4.00,0.010000,1632.50,1677.50,1687.50,1664.50,1658.50,1679.50,obj,43409.53,39749.86,39660.25,39653.65,39643.79,39592.57,39488.05,39501.22,39584.08,39431.17,39413.73,39381.97,39552.75,39337.72,39503.68,39555.92,39473.18,39359.67,39394.96,39423.39,39472.73,39429.81,39477.65,39486.95,39490.77,39502.10,39531.38,39403.63,39367.32,39371.75,39370.98,39512.90,39502.75,39429.06,39431.12,39466.11,39418.48,39434.58,39602.57,39510.20,39511.46,39320.97,39423.60,39354.39,39448.64,39418.96,39494.75,39475.74,39473.54,39445.42,39409.93,39475.93,39524.59,39499.83,39412.57,39527.51,39453.97,39467.95,39443.23,39481.01,39451.93,39482.01,39431.97,39547.72,39460.82,39612.74,39621.15,39495.65,39476.53,39504.42,39514.53,39507.81,39554.08,39599.23,39524.36,39434.44,39554.76,39262.30,39488.46,39410.47,39431.18,39394.31,39540.33,39529.68,39407.18,39434.38,39580.90,39355.69,39578.66,39564.78,39384.25,39382.34,39372.64,39453.62,39453.40,39557.18,39456.22,39442.82,39412.59,39446.67
pricerunner_10000_6.csv,6,13.6246,100.00,37680.07,37691.15,555.33,0.13,110.58,4.00,0.010000,1629.50,1669.00,1691.00,1669.00,1665.50,1676.00,obj,43940.79,38845.60,38294.22,38211.90,38075.65,37989.45,37937.21,38057.83,37867.33,37614.91,37702.95,37673.76,37734.11,37466.59,37870.22,37747.26,37810.16,37532.27,37545.56,37818.43,37867.51,37733.85,37677.82,37806.09,37851.52,37877.03,37689.51,37580.73,37612.88,37684.83,37758.43,37640.29,37689.60,37682.07,37804.83,37692.05,37776.59,37713.15,37816.87,37761.07,37698.29,37550.18,37740.21,37714.92,37719.07,37767.60,37603.11,37784.82,37624.78,37786.32,37772.20,37665.24,37837.64,37655.88,37549.38,37906.78,37779.57,37742.04,37663.92,37644.53,37783.83,37728.74,37519.58,37659.94,37831.06,37865.48,37648.87,37765.26,37719.71,37786.32,37868.67,37711.29,37635.32,37769.96,37747.71,37618.09,37665.98,37731.04,37716.69,37688.70,37683.03,37606.36,37675.74,37643.79,37554.80,37674.61,37803.22,37632.61,37751.10,37862.25,37563.30,37677.91,37791.67,37754.75,37825.98,37646.61,37700.55,37679.51,37794.45,37691.15
pricerunner_10000_6.csv,6,13.3954,100.00,32819.55,32788.29,2487.00,0.05,176.69,4.00,0.010000,1653.00,1669.00,1676.00,1666.00,1652.50,1683.50,obj,39125.92,34680.84,34078.51,33956.51,33456.14,33504.15,33167.51,32998.66,33355.84,33145.00,32699.83,32808.71,33016.18,32845.31,33094.63,32816.51,33107.83,32590.97,32581.11,33235.73,33020.52,33057.72,33064.29,32869.52,32773.46,32589.46,32951.58,33085.37,32832.69,32645.97,32835.84,32740.29,32882.26,32894.47,32991.07,33029.31,32847.12,32921.69,32974.79,32901.13,32946.20,32635.99,32864.86,32804.59,32736.77,32854.16,32903.85,32990.59,32769.98,32780.02,32908.49,33084.02,32618.35,32702.06,32591.43,32972.23,32756.84,32874.56,32882.34,32920.36,33044.66,32769.91,32824.00,32517.21,33031.01,32760.55,32928.52,32703.22,32958.72,32849.91,33010.64,32966.88,32729.14,32933.92,32740.40,32941.40,32790.77,32651.21,32793.42,33080.53,32824.56,32747.97,32941.09,32761.82,32660.45,32762.20,32806.08,32594.72,32890.75,32709.04,32683.48,32826.44,32917.60,33024.55,32799.60,32688.92,32883.25,32805.24,33016.87,32788.29
pricerunner_10000_6.csv,6,13.2085,100.00,21813.37,21790.94,459.00,0.05,1350.31,4.00,0.010000,1649.50,1657.50,1696.00,1672.00,1655.50,1669.50,obj,27987.85,24054.28,23466.02,23118.96,22917.98,22977.49,22628.00,22616.23,22519.55,22838.25,22335.91,22397.70,22497.96,22577.04,22493.40,22174.54,22614.17,22228.42,22411.00,22704.89,22395.65,22568.78,22421.09,22251.39,22512.83,22220.87,22450.23,22294.38,22115.77,22260.21,21993.24,21992.75,21918.74,21734.08,21916.05,21885.23,21910.43,21961.93,21936.24,21874.06,21917.96,21808.61,21979.59,22138.69,22025.06,21991.30,21622.11,21755.86,22088.05,21705.93,22132.42,21834.91,21913.82,21825.58,21880.76,22075.42,21818.03,21873.05,22080.33,21846.03,22034.72,21730.96,21895.22,21599.29,21779.33,21791.39,21982.17,21944.24,21860.13,21893.71,21948.73,21836.56,22010.12,21806.10,21693.95,21637.62,21941.80,21844.93,21717.44,22139.11,21856.67,21783.25,21889.95,22010.69,22003.02,21745.29,21652.66,21871.04,21914.40,21963.75,21857.50,21798.46,21868.65,21924.77,21871.80,21716.99,21923.67,21788.44,21755.75,21790.94
pricerunner_10000_6.csv,6,13.1882,100.00,20839.05,20789.80,2214.00,0.06,1417.17,4.00,0.010000,1660.00,1644.00,1694.50,1662.00,1659.50,1680.00,obj,26333.94,22478.72,22072.22,21928.66,21794.34,21845.65,21548.18,21291.63,21318.29,21469.27,21159.19,21111.38,21353.20,21432.00,21506.33,21093.95,21457.29,21118.47,21533.65,21453.71,21440.51,21504.89,21297.68,21312.94,21458.98,21317.79,21431.84,21382.75,21297.96,21474.05,21417.86,20991.80,20980.50,20947.78,20999.99,20975.17,21097.67,21084.31,21013.45,20936.91,21048.11,21043.34,21071.40,21061.45,21095.28,21028.08,20832.55,20934.41,21057.55,20774.88,21055.82,20931.50,20948.11,20743.76,20896.13,21015.64,20884.77,20883.01,21054.99,20871.19,21073.58,20889.83,20974.93,20799.63,20791.31,20826.39,20928.18,20924.98,20925.55,20797.97,21008.69,20814.16,20961.89,20836.25,20814.16,20820.14,20927.43,20957.56,20815.05,21178.82,20824.83,20836.97,20891.21,20997.06,21061.05,20936.34,20717.94,20819.41,20922.28,20888.61,20964.29,20817.95,20874.24,20958.55,21016.99,20824.09,20969.32,20874.38,20856.08,20789.80
pricerunner_10000_6.csv,6,13.0174,100.00,20767.50,20713.84,2103.00,0.00,1403.22,4.00,0.010000,1661.50,1642.00,1696.00,1663.50,1656.50,1680.50,obj,26271.41,22386.03,22033.81,21899.04,21741.21,21768.98,21482.06,21259.80,21269.64,21477.56,21122.90,21028.94,21335.31,21421.41,21442.84,20994.28,21370.51,21021.22,21445.47,21325.63,21299.19,21325.24,21112.62,21197.00,21345.64,21230.17,21265.11,21226.49,21155.90,21191.88,21265.33,21100.54,20898.15,20919.76,20917.86,20931.95,21027.35,20998.36,20938.18,20855.53,20980.76,21008.58,21081.25,21058.52,21108.35,21106.26,20790.77,20876.14,21025.34,20759.22,20948.88,20925.58,20954.80,20738.57,20844.61,20891.86,20838.94,20870.86,21037.35,20745.10,21020.47,20800.69,20950.65,20761.33,20709.85,20764.84,20801.95,20870.45,20876.29,20759.41,20977.06,20749.39,20924.69,20777.40,20732.81,20753.55,20882.23,20900.17,20731.51,21083.78,20718.34,20796.03,20882.44,20950.35,20992.01,20910.53,20646.95,20781.05,20862.97,20844.76,20926.19,20752.02,20855.68,20882.56,20931.91,20792.92,20857.70,20832.03,20795.67,20713.84
cohort_10000_6.csv,6,13.4655,100.00,29877.35,29882.01,645.67,0.13,19.04,4.00,0.010000,1650.50,1664.00,1671.00,1673.50,1665.50,1675.50,obj,32605.66,29918.34,29913.35,29974.55,29981.73,29978.36,29923.70,29938.01,29896.63,29858.23,29919.73,29912.91,29927.41,29918.17,29910.50,29939.47,29922.34,29931.99,29893.74,29853.04,29837.20,29858.60,29866.86,29832.62,29884.43,29859.78,29846.77,29859.15,29846.78,29799.63,29827.27,29857.01,29878.03,29847.99,29851.12,29821.45,29899.68,29874.44,29833.45,29892.62,29955.74,29900.51,29881.68,29873.80,29874.23,29839.72,29843.21,29833.33,29854.14,29823.74,29900.22,29874.06,29866.18,29881.82,29881.34,29902.48,29884.25,29923.51,29866.25,29856.42,29854.95,29868.01,29870.37,29875.72,29874.41,30028.12,29858.81,29858.57,29902.99,29855.91,29877.71,29914.07,29846.19,29843.83,29818.71,29845.89,29838.55,29823.59,29874.48,29856.66,29865.89,29878.66,29792.59,29832.61,29795.54,29907.51,29867.24,29857.14,29879.55,29842.12,29891.13,29853.35,29850.00,29862.24,29857.29,29860.86,29792.76,29815.29,29811.62,29882.01
cohort_10000_6.csv,6,13.4153,100.00,28715.65,28739.94,2016.67,0.02,25.67,4.00,0.010000,1618.50,1693.50,1690.50,1674.50,1640.00,1683.00,obj,33945.83,29802.88,29741.61,29759.80,29674.24,29615.95,29397.41,29506.34,29414.45,29299.94,29289.24,29241.71,29276.75,29197.92,29174.38,29270.34,29184.46,29118.04,29108.75,29121.97,29031.67,28992.08,29080.94,28976.78,28898.59,29033.46,28890.87,28981.17,28735.48,28821.57,28795.54,28743.22,28783.82,28739.33,28765.05,28733.63,28783.23,28710.70,28727.27,28704.09,28840.53,28673.14,28742.51,28749.31,28820.21,28728.70,28723.40,28778.65,28882.17,28658.84,28761.33,28901.19,28711.39,28898.54,28645.76,28839.29,28699.19,28777.71,28755.36,28733.97,28868.92,28824.51,28791.71,28698.17,28737.20,28824.48,28756.36,28838.91,28748.89,28848.90,28919.55,28767.56,28842.47,28792.06,28697.83,28745.10,28829.35,28715.50,28643.36,28737.36,28739.13,28734.28,28715.54,28820.68,28649.47,28713.54,28747.68,28717.10,28781.28,28834.62,28806.75,28773.45,28731.96,28832.33,28709.99,28695.94,28733.80,28780.24,28810.22,28739.94
cohort_10000_6.csv,6,13.3353,100.00,25717.97,25768.38,5122.67,0.09,33.10,4.00,0.010000,1656.00,1639.00,1687.00,1669.00,1664.00,1685.00,obj,32505.41,29736.66,29688.10,29466.18,29151.42,28771.21,28628.83,28630.44,28350.22,28310.10,28143.84,27970.90,27844.55,27798.56,27617.90,27609.35,27517.39,27297.67,27094.00,26998.84,27130.50,27109.38,26875.80,26822.90,26766.79,26786.72,26629.54,26610.53,26387.59,26398.27,26090.57,25779.29,25609.83,25513.22,25451.14,25727.73,25533.36,25707.05,25598.95,25894.62,25652.91,25564.52,25601.22,25791.62,25736.89,25624.79,25651.34,25725.26,25761.41,25604.20,25768.64,25755.59,25593.18,25659.64,25677.86,25495.92,25593.49,25727.10,25526.77,25729.26,25617.93,25617.17,25567.40,25526.56,25575.70,25678.67,26012.77,25508.73,25684.53,25810.23,25565.69,25780.44,25651.03,25530.27,25684.17,25606.92,25657.94,25575.81,25686.99,25560.21,25657.06,25582.57,25585.90,25536.53,25604.29,25757.87,25580.91,25577.01,25734.44,25496.44,25613.98,25546.53,25745.38,25443.70,25522.00,25544.08,25585.60,25512.24,25980.95,25768.38
cohort_10000_6.csv,6,13.2646,100.00,19641.10,20056.34,16923.00,0.05,1452.05,4.00,0.010000,1665.00,1662.00,1701.00,1675.00,1667.50,1629.50,obj,26995.75,26685.94,26671.34,26214.47,25470.19,24277.84,23658.06,23420.67,23539.09,23338.39,23410.53,23375.31,23363.17,23336.61,23168.87,23011.75,23266.33,22884.28,22416.96,22007.41,21707.84,21303.09,20977.07,20472.28,20423.84,20088.38,19655.49,19246.77,19242.44,19055.36,18949.18,19310.08,19102.99,18912.85,18674.76,18982.90,18588.90,18602.33,18407.86,18611.30,18842.10,18370.98,18795.82,18616.65,18480.66,18773.83,18675.96,18775.45,18831.04,18694.60,18827.64,18652.88,18692.94,18781.95,18857.70,18682.31,18780.68,18668.87,18815.00,18905.40,19109.03,19198.53,19095.33,19008.46,18886.30,18938.21,19142.17,19059.97,19282.85,19182.98,18933.06,18911.29,18952.63,18958.47,18951.83,19193.49,18908.67,19154.35,18843.81,18727.60,18975.71,19169.58,19209.04,19223.12,19066.57,19414.26,19421.90,19320.84,19282.72,19472.72,19330.30,19060.49,19199.86,19300.09,19735.48,19608.28,19663.52,19613.73,19834.72,20056.34
cohort_10000_6.csv,6,13.3494,100.00,17978.76,18710.50,30249.67,0.01,188.98,4.00,0.010000,1683.00,1643.50,1626.50,1655.50,1686.00,1705.50,obj,26301.59,26018.49,24976.17,23500.69,22939.59,22448.85,22561.11,22545.19,22596.48,22309.57,22276.85,22486.57,22605.69,22567.39,22581.25,22210.86,22049.99,21971.48,21955.20,22015.38,21400.90,21229.08,20661.01,20351.73,19988.48,19828.77,19412.49,19244.91,18606.08,18299.05,17608.78,18377.71,18311.41,18240.35,17544.72,17836.58,18278.26,17472.24,17839.50,17468.89,18050.11,17708.84,17422.02,17915.71,17930.46,17592.52,17741.49,18007.56,17647.52,17778.33,17806.64,17699.14,17659.98,18131.41,17562.49,18169.93,17962.24,17718.63,17782.19,17951.21,18304.85,18211.52,17843.32,17941.32,18231.90,18034.01,17815.94,17800.56,18133.24,17947.17,17677.58,18117.60,17922.28,18717.09,18049.24,17859.78,18118.27,17959.22,17649.51,17646.86,18109.64,17583.27,18149.88,17955.48,17874.97,18036.48,17960.20,17689.17,18203.78,18055.64,18507.82,18030.99,18073.60,18199.86,17705.79,18002.31,18068.72,17642.97,17761.50,18710.50
cohort_10000_6.csv,6,13.1869,100.00,18075.16,18062.90,357.67,0.00,107.92,4.00,0.010000,1672.50,1643.50,1671.00,1664.00,1682.50,1666.50,obj,26183.01,25979.52,25642.71,24414.49,24374.16,24274.09,23968.99,22953.01,23051.79,23338.23,23128.13,23469.79,22882.68,23044.00,23065.96,22988.78,23160.16,23103.56,23116.37,23023.62,23015.00,23419.05,22746.68,22097.07,21435.86,20998.39,20184.85,19699.92,19174.04,19325.28,18935.55,18764.57,18518.85,18602.39,18289.31,17948.42,18104.59,18269.32,18124.10,17866.87,17710.13,18234.96,18151.90,17964.43,18022.26,17946.21,18183.99,17956.38,18586.66,18004.28,18259.08,18464.98,17700.11,17660.44,17939.18,18245.84,18374.86,18608.91,18137.60,18283.39,17856.28,18795.96,18552.57,18708.51,18324.02,18270.36,18185.74,18591.05,18128.91,18582.21,18102.52,18285.14,18089.08,17940.39,18050.47,18102.38,18332.41,18588.62,18363.67,18606.18,18463.87,18776.49,18267.14,18229.92,19017.28,18480.16,18407.12,18442.74,18469.21,18343.75,18787.45,18116.27,18448.18,17941.14,18025.20,18490.54,18407.24,18260.60,18295.47,18062.90
diabeteshealthindicators1_10000_6.csv,6,13.6745,100.00,209235.25,209295.73,4761.67,0.05,1.21,4.00,0.010000,1617.50,1676.00,1684.00,1679.00,1647.00,1696.50,obj,215413.18,209534.99,209723.24,209492.71,209475.28,209328.96,209236.40,209230.02,209196.22,209228.32,209124.32,209207.97,209158.77,209145.78,209167.86,209157.01,209213.15,209295.23,209225.43,209272.20,209224.13,209177.28,209142.44,209128.25,209129.84,209210.61,209220.75,209191.96,209226.88,209074.97,208993.24,209193.08,209145.27,209077.57,208990.52,209169.93,209225.75,209081.24,209160.42,209106.12,209070.98,209121.67,209156.64,209119.75,209243.63,209176.11,209256.90,209173.85,209168.90,209131.44,209214.78,209249.07,209326.28,209120.81,209191.46,209109.25,209160.06,209196.51,209187.74,209219.12,209169.05,209286.60,209278.23,209241.85,209122.28,209465.77,209366.51,209119.29,209202.22,209248.35,209188.67,209139.12,209323.35,209241.49,209184.18,209156.39,209271.73,209135.69,209167.45,209070.47,209326.82,209319.44,209168.35,209190.71,209145.54,209097.29,209122.76,209146.65,209195.84,209152.89,209172.51,209212.73,209266.05,209156.21,209192.70,209192.20,209063.26,209113.27,209223.87,209295.73
diabeteshealthindicators1_10000_6.csv,6,13.6543,100.00,206811.80,206852.60,1976.33,0.05,60.99,4.00,0.010000,1623.00,1674.00,1698.00,1674.00,1651.50,1679.50,obj,216652.18,208578.00,208121.19,207412.25,207547.47,207365.70,206965.60,206994.25,206800.90,206825.02,206928.66,207135.02,206834.71,206803.09,206995.98,206765.34,206782.40,207086.77,207007.41,206930.00,207111.14,206950.80,206760.97,206874.78,206844.63,206896.34,206911.71,206829.76,206972.97,206623.71,206729.81,206897.25,206760.72,206854.98,206835.60,206687.39,207039.96,206820.48,206913.97,206954.11,206914.75,206887.88,206997.33,206709.54,206854.29,207029.84,207047.00,206998.84,206957.92,206835.33,207000.60,207036.86,206888.79,206834.68,206699.55,206804.40,207053.18,206905.04,207072.45,206918.63,206992.95,207115.95,207021.11,206954.14,206826.20,207236.16,207140.56,206797.39,206912.82,206984.02,206884.63,206793.86,207170.13,206835.11,206792.88,206869.98,207063.95,206962.43,206786.02,206627.44,207057.99,207090.79,206951.20,206927.08,206656.37,206814.73,206940.40,206760.71,206978.93,206830.89,206953.95,207029.72,206953.69,206870.40,207033.18,206809.32,206520.14,206739.36,206955.16,206852.60
diabeteshealthindicators1_10000_6.csv,6,13.6287,100.00,200357.82,200413.35,1420.33,0.17,359.93,4.00,0.010000,1644.50,1674.50,1688.50,1674.50,1641.50,1676.50,obj,211841.64,204985.30,203376.29,201728.44,201845.33,201410.63,200591.79,200920.09,200629.02,200604.54,200551.88,200691.64,200403.09,200641.53,200524.43,200485.75,200796.90,200298.74,200514.89,200489.03,200796.35,200251.39,200580.84,200799.61,200607.31,200389.47,200350.30,200743.08,200227.39,200862.89,200313.64,200829.21,200650.33,200419.85,200615.70,200524.56,200531.17,200383.80,200625.69,200429.87,200555.44,200468.61,200263.15,200661.15,200152.47,200634.00,200547.69,200394.85,200421.13,200649.24,200604.21,200931.77,200425.56,200588.92,200263.87,200366.67,200192.87,200353.47,200651.84,200145.39,200685.46,200398.42,200363.86,200328.54,200344.34,200395.72,200600.36,200467.65,200530.97,200618.65,200619.58,200700.46,200375.63,200299.69,200148.20,200407.35,200525.02,200276.92,200378.33,200464.14,200377.66,200565.66,200440.95,200340.18,200500.85,200390.50,200142.73,200561.27,200700.45,200258.56,200448.35,200557.58,200442.99,200216.72,200880.53,200527.22,200270.11,200339.02,200462.23,200413.35
diabeteshealthindicators1_10000_6.csv,6,13.3565,100.00,188226.95,188195.93,1363.33,0.00,238.62,4.00,0.010000,1656.00,1681.00,1675.50,1668.50,1640.00,1679.00,obj,196668.59,193782.54,190520.19,189026.00,188940.25,188857.99,188834.89,188387.95,188530.86,188682.52,188677.21,188685.67,188508.80,188679.70,188666.43,188769.62,188979.47,188656.59,188711.44,188630.68,188919.86,188780.78,188552.69,188694.93,188360.42,188731.88,188716.40,188458.14,188472.46,188495.34,188737.11,188614.25,188526.39,188444.54,188369.86,188484.50,188427.69,188583.12,188554.25,188314.48,188775.62,188450.36,188331.75,188533.54,188647.53,188691.19,188477.92,188634.86,188529.64,188436.19,188401.94,188776.42,188340.97,188675.88,188773.36,188646.46,188605.45,188919.40,188663.83,188806.04,188553.53,188658.21,188428.50,188333.31,188160.55,188145.49,188233.39,188359.85,188325.20,188567.81,188609.06,188599.96,188497.49,188373.83,188629.17,188711.68,188550.26,188468.24,188215.60,188517.59,188216.33,188382.53,188396.88,188281.64,188698.84,188560.46,188453.80,188737.05,188557.94,188738.05,188248.27,188456.85,188649.61,188352.32,188488.47,188258.41,188449.97,188647.91,188351.01,188195.93
diabeteshealthindicators1_10000_6.csv,6,13.3547,100.00,186456.29,186478.07,1421.33,0.06,398.38,4.00,0.010000,1656.00,1675.50,1672.00,1671.50,1643.00,1682.00,obj,194366.80,190622.88,187231.33,186749.66,186658.90,186604.38,186530.21,186270.06,186205.30,186464.54,186422.69,186485.68,186410.53,186545.49,186534.30,186754.84,186997.08,186793.30,186561.58,186363.24,186501.56,186514.22,186141.01,186283.11,186087.38,186490.76,186480.93,186325.90,186375.48,186465.21,186349.12,186264.56,186185.69,186129.35,186232.84,185997.95,186043.15,186294.74,186263.17,186152.21,186486.93,186454.55,186355.45,186344.47,186661.60,186483.28,186430.26,186582.69,186716.49,186546.61,186464.60,186548.09,186531.25,186693.30,186537.74,186628.47,186719.78,186998.11,186791.96,186806.59,186584.40,186636.38,186479.64,186461.37,186295.46,186376.23,186495.13,186512.66,186310.60,186664.69,186539.36,186488.64,186709.65,186655.83,186619.34,186488.75,186478.93,186517.26,186206.55,186312.12,186342.12,186072.20,186159.42,186108.66,186368.88,186366.76,186362.66,186337.39,186278.32,186360.61,186226.60,186400.01,186346.85,186549.11,186329.83,186289.29,186428.09,186417.18,186181.33,186478.07
diabeteshealthindicators1_10000_6.csv,6,13.3982,100.00,186007.01,186008.20,1099.33,0.07,505.13,4.00,0.010000,1660.00,1673.00,1668.50,1676.00,1642.50,1680.00,obj,194312.30,190480.14,187133.55,186712.24,186644.27,186619.64,186383.31,186207.56,186130.21,186342.16,186358.37,186458.42,186371.68,186437.58,186508.51,186697.95,186926.56,186674.73,186504.40,186302.93,186443.16,186454.05,186027.91,186215.35,186092.29,186504.13,186466.92,186360.40,186271.53,186448.58,186445.03,186456.84,186457.00,186400.68,186488.04,186372.14,186366.75,186553.56,186478.51,186332.65,186448.94,186211.00,186129.55,185969.55,186412.47,186279.82,186382.45,186539.53,186437.61,186459.15,186326.43,186567.13,186391.83,186646.61,186418.81,186413.53,186346.70,186344.03,186396.04,186334.14,186129.27,186314.44,186078.55,185984.83,185830.53,185906.12,186026.92,186129.55,186121.08,186320.91,186318.62,186081.44,186247.57,186176.68,186287.23,186175.70,186095.71,186016.48,185929.29,186056.16,185857.14,186220.04,186239.95,186112.16,186272.67,186156.75,186027.67,186258.54,186158.74,186321.58,186220.20,186140.19,186286.01,186113.67,186073.15,185950.07,186130.37,186481.12,186294.27,186008.20
NHANES_10000_6.csv,6,3.0236,100.00,20350.38,20357.36,895.70,0.02,21.58,4.00,0.010000,389.00,392.00,386.00,366.00,377.50,367.50,obj,20795.36,20404.81,20398.43,20391.31,20389.35,20362.52,20374.93,20371.95,20350.90,20363.57,20343.79,20381.64,20394.78,20403.84,20344.32,20397.74,20349.00,20436.79,20397.26,20366.87,20426.15,20393.60,20352.03,20412.09,20344.26,20369.97,20384.62,20361.81,20371.66,20364.74,20414.66,20363.41,20421.35,20339.52,20386.43,20400.75,20400.63,20390.41,20367.55,20415.40,20391.95,20356.71,20340.31,20382.84,20409.45,20416.66,20394.25,20411.02,20362.54,20365.29,20380.15,20349.31,20367.97,20365.96,20385.55,20346.98,20410.98,20374.80,20352.25,20369.57,20379.03,20389.08,20386.45,20396.26,20384.52,20386.94,20375.59,20396.21,20387.95,20338.41,20377.66,20359.25,20389.08,20404.32,20343.96,20319.61,20371.63,20324.84,20342.00,20404.85,20366.17,20336.68,20366.72,20344.24,20370.25,20387.01,20398.17,20353.44,20386.18,20397.41,20393.57,20386.58,20378.08,20376.15,20400.39,20400.04,20393.22,20343.55,20398.18,20357.36
NHANES_10000_6.csv,6,3.0525,100.00,19981.48,19986.78,2015.08,0.00,3.30,4.00,0.010000,399.00,399.50,387.00,360.00,369.50,363.00,obj,21063.54,20246.62,20299.58,20058.82,20073.48,20004.55,20075.23,20024.91,20071.48,20026.82,20044.94,20029.80,20053.69,20038.94,20114.85,20036.91,20047.11,20002.86,20017.19,20110.59,20016.55,19997.28,20001.00,20007.70,19976.51,20070.41,20080.99,20105.59,20075.82,19990.65,20048.01,20100.69,20149.22,19973.70,20148.74,20081.59,20023.83,20065.35,20027.31,20040.03,19966.78,20035.84,20042.67,20084.10,20080.51,20162.37,20008.19,20065.34,20007.30,20099.01,20040.70,20054.25,20015.45,20057.09,20017.38,20007.88,20069.82,20114.30,20030.35,20052.02,20072.70,20106.36,20046.06,20041.90,20088.95,20026.05,20083.16,20071.62,19982.36,20046.05,20044.47,20028.89,20154.03,20061.24,20151.75,20156.45,20080.03,20063.14,20023.65,20040.66,20058.62,19942.88,20064.29,20082.83,19982.50,20004.12,19982.03,19945.16,20025.56,20117.55,20072.77,20108.86,20121.40,20088.07,20054.70,20115.87,20074.19,20050.23,20087.77,19986.78
NHANES_10000_6.csv,6,3.0024,100.00,18970.85,18996.39,408.36,0.02,18.84,4.00,0.010000,388.00,394.00,380.00,366.50,374.00,375.50,obj,20879.00,19608.23,19465.15,19459.57,19221.86,19069.04,19049.67,19067.92,19096.97,18919.14,19024.65,19078.17,19069.17,19069.17,19153.68,19113.73,19131.89,19143.35,19066.46,19137.94,19028.65,19193.23,19080.84,19192.55,19119.55,19060.76,19084.91,19173.36,19196.85,19082.34,19111.49,19051.53,19177.00,19051.86,19256.00,19091.32,19169.61,19160.04,19088.43,18968.22,19096.39,19103.58,19044.49,19118.70,19156.33,19149.65,19093.16,19085.53,19051.94,19040.41,19004.41,19037.45,18993.28,19010.32,19122.01,19083.92,19215.60,19253.49,19092.89,19189.11,19146.85,19252.29,19051.37,19157.87,19196.35,19069.97,19207.10,19253.10,19073.11,19088.47,19117.25,19085.69,19128.74,19097.43,19176.33,19177.43,19032.66,19106.24,19033.07,19115.61,19060.67,19085.65,19125.00,19159.08,19160.67,19074.61,19046.79,19167.41,19062.19,19134.25,19107.24,19229.37,19182.04,19041.79,19158.00,19162.77,19097.42,19135.09,19157.10,18996.39
NHANES_10000_6.csv,6,2.9465,100.00,15850.17,15844.15,156.57,0.03,13.14,4.00,0.010000,390.00,393.50,371.50,366.50,377.50,379.00,obj,17626.53,15978.38,16050.82,16193.36,15700.24,15407.91,15469.88,15276.11,15440.90,15358.44,15358.23,15560.64,15360.74,15500.56,15634.14,15768.35,15458.53,15458.66,15352.58,15416.88,15307.79,15429.48,15513.57,15712.94,15663.63,15686.16,15527.24,15699.67,15829.40,15578.67,15468.68,15471.83,15452.60,15745.09,15865.57,15515.41,15589.33,15880.85,15900.38,15818.01,15950.32,16036.32,15908.77,15919.11,15992.79,15917.04,16049.73,15785.92,15861.30,15832.89,15890.19,15839.20,15668.66,16024.47,15820.31,15814.09,15830.87,15875.92,15984.44,15853.39,15902.33,15788.14,15872.74,15724.35,16019.67,15858.20,15944.66,15759.79,15845.52,15844.21,15935.05,15899.93,15805.44,15750.09,15682.13,15714.41,15818.48,15847.74,15927.78,15628.04,15877.93,15892.84,15885.40,15864.70,15912.81,15965.19,16054.68,15853.64,15889.27,15935.97,15778.30,15754.43,15985.23,15826.42,15846.14,15669.37,15920.63,15809.77,15917.86,15844.15
NHANES_10000_6.csv,6,2.8972,100.00,14313.60,14385.84,595.56,0.01,997.46,4.00,0.010000,374.50,389.50,380.00,359.00,387.00,388.00,obj,16552.25,14858.92,14954.86,15216.22,14496.20,14406.71,14295.36,14115.12,14358.85,14208.26,14294.55,14177.91,14189.98,14149.00,14196.28,14171.08,14190.73,14244.18,14181.88,14239.81,14218.00,14321.32,14645.53,14757.62,14596.39,14656.91,14454.82,14407.82,14636.63,14610.02,14457.16,14500.77,14450.27,14677.48,14891.57,14393.90,14457.26,14735.06,14773.25,14664.53,14700.62,14707.90,14626.30,14523.55,14439.60,14578.22,14466.77,14355.18,14444.93,14490.47,14476.17,14507.97,14649.54,14564.23,14475.48,14444.48,14520.72,14583.81,14458.83,14390.03,14121.88,14196.77,14294.93,14105.76,14157.22,14308.78,14239.78,14266.21,14177.40,14274.91,14156.03,14093.69,14144.93,14162.53,14234.61,14367.90,14660.27,14675.49,14589.31,14474.46,14615.92,14689.50,14605.45,14466.28,14448.71,14532.52,14466.52,14520.12,14730.35,14814.66,14691.39,14715.66,14710.25,14455.21,14306.59,14445.71,14363.11,14258.98,14381.22,14385.84
NHANES_10000_6.csv,6,2.9101,100.00,14160.33,14230.89,529.56,0.02,890.76,4.00,0.010000,365.50,387.00,388.00,363.50,386.00,388.00,obj,16502.44,14792.49,14993.21,15122.12,14494.07,14350.94,14211.44,14078.84,14318.51,14244.20,14219.08,14052.80,14077.24,14082.42,14161.51,14099.56,14106.85,14165.29,14119.40,14161.70,14167.52,14258.85,14623.43,14696.98,14539.96,14586.02,14469.86,14464.44,14654.23,14557.51,14430.03,14523.49,14467.51,14741.89,14863.90,14441.80,14386.72,14674.36,14780.52,14653.96,14639.04,14570.46,14438.40,14327.79,14121.19,14219.05,14133.61,14063.31,14213.12,14254.28,14297.24,14360.80,14594.08,14494.93,14442.38,14405.63,14476.05,14386.96,14310.42,14293.87,14092.01,14154.29,14251.57,14070.90,14115.18,14280.34,14193.15,14158.72,14093.67,14235.48,14062.02,13961.43,13965.91,14056.78,14095.28,14204.36,14354.92,14260.68,14219.11,14018.06,14273.02,14193.53,14202.38,14192.48,14235.76,14384.59,14356.54,14451.42,14654.51,14686.71,14561.76,14635.12,14712.59,14543.85,14549.56,14580.02,14501.28,14255.48,14274.88,14230.89
athlete_10000_6.csv,6,12.9882,100.00,39972.91,40397.73,54300.33,0.08,415.97,4.00,0.010000,1650.00,1626.00,1631.00,1713.00,1688.50,1691.50,obj,43353.70,40103.63,40894.11,41241.49,40113.80,41465.06,40803.89,42809.45,40209.86,40072.53,41450.04,42599.92,41142.23,42017.20,40425.76,40407.85,41065.07,41912.60,42164.44,41601.60,40209.58,41839.50,40113.69,40992.25,40636.71,40939.83,40321.56,42180.24,40298.35,40901.97,40369.91,42118.25,40961.44,40126.63,40115.14,39993.61,41020.13,41391.13,40912.95,40573.29,41026.07,40735.75,40280.34,41658.41,41896.93,42352.78,41462.88,40275.19,41245.30,40032.13,42230.46,41450.82,40490.31,42170.52,40679.81,40167.13,40070.03,40654.42,41892.42,43933.52,40965.26,40651.29,41532.08,42579.91,40553.22,40707.76,43099.01,41847.05,40347.58,40661.93,39971.37,40914.41,42282.73,42209.09,41296.24,42005.66,41399.67,43393.74,40737.32,40568.69,40948.97,42422.24,39977.05,40518.25,41892.80,41236.73,40626.20,42256.68,43107.95,41803.46,41431.33,40703.40,40366.78,40450.58,41734.44,40761.52,40076.20,40744.07,41690.14,40397.73
athlete_10000_6.csv,6,13.1670,100.00,39986.35,39810.78,25980.00,0.01,70.16,4.00,0.010000,1526.00,1710.00,1722.50,1419.00,1904.50,1718.00,obj,43753.20,41238.58,44586.25,51086.31,45226.37,41286.82,48454.76,41591.02,41962.54,40711.34,40702.86,42767.55,41159.68,42256.68,41331.06,44495.79,40776.69,42003.56,45009.57,43128.36,42014.48,46478.93,41390.51,46265.83,45336.90,46300.50,45147.50,44894.09,41450.95,40455.07,45229.15,44617.41,49228.24,41384.02,40922.39,44288.68,46283.51,42001.17,49883.53,44916.02,40495.75,43507.95,46357.16,44781.53,45599.09,44636.06,44363.79,47095.29,43484.15,46698.05,41014.08,42892.10,45172.93,49423.47,42474.15,47083.51,40398.86,47869.64,40352.85,46292.78,40104.12,48736.70,41443.36,49632.59,40553.09,40140.52,45418.00,50046.38,39858.34,43948.82,43621.43,43403.78,40162.72,41061.82,41527.42,42513.04,44133.24,41365.63,46605.18,45952.88,40931.28,45637.78,44766.90,45351.04,44727.38,46001.33,44341.37,46610.09,41452.33,44497.87,40395.98,46929.01,47669.08,40681.46,47999.71,42973.39,40363.79,44078.50,43978.81,39810.78
athlete_10000_6.csv,6,13.0586,100.00,39977.62,40648.98,8131.33,0.02,604.15,4.00,0.010000,1281.50,1506.50,1788.50,1694.00,2052.50,1677.00,obj,40910.07,59539.21,56392.53,45853.93,52785.54,48529.91,59477.24,43625.42,59805.81,49417.45,67474.65,43020.11,52600.22,52738.33,68916.03,45272.69,68907.13,54728.40,49562.14,65243.36,50012.70,60620.67,50107.19,55802.43,50534.46,52422.68,51659.58,56336.73,53679.45,55715.44,57401.63,39782.68,59934.47,48783.28,59489.83,57298.94,59957.49,47579.62,72836.69,44535.31,54903.99,41577.13,57239.33,48855.64,72805.26,58156.98,58619.68,44440.77,61011.42,45798.97,49626.98,45551.18,52664.19,40756.58,45622.11,49845.64,52374.72,59930.54,51208.88,59454.36,50418.54,56305.65,51329.04,67066.16,65465.75,55672.24,45329.18,50790.83,53455.27,52404.18,46331.15,55914.63,51693.27,66047.90,47088.66,54042.26,48556.51,59222.28,40943.54,68192.11,42631.93,55224.86,45544.92,59254.59,39604.47,58327.86,40906.94,77665.49,52930.04,51228.53,44219.56,45346.96,61026.78,47538.17,91710.88,50289.15,45166.42,46067.84,65428.05,40648.98
athlete_10000_6.csv,6,13.2224,100.00,39979.81,75116.24,1938612.33,0.05,48866.11,4.00,0.010000,1250.50,1647.00,1662.50,1714.00,1666.50,2059.50,obj,37506.32,43732.26,133122.13,100916.17,80091.18,44221.64,78347.10,42681.40,112452.35,86143.14,59576.03,51103.77,88867.14,59763.94,75005.50,68235.21,73009.20,56705.22,58175.96,81459.98,40102.90,94002.76,44247.09,81583.04,62569.11,87501.20,39972.72,110836.46,39608.71,87476.59,48567.67,106996.80,40956.94,95360.11,43590.75,80859.32,76266.83,85789.72,43893.57,82057.33,60396.40,102372.09,46549.86,52504.18,60319.97,74977.86,122167.85,70426.19,62237.21,81323.45,61831.45,49470.64,76255.22,73072.91,65111.89,49621.62,85043.71,39388.90,62871.53,65729.66,74247.62,76088.40,90626.21,41855.14,81433.32,61633.42,76645.22,84603.70,127709.58,41160.62,62962.93,87500.17,66104.07,78582.45,68888.62,73543.05,65911.95,72829.38,47689.21,50225.98,76514.74,40293.45,75422.39,53008.56,54352.24,92666.23,67869.26,48379.05,78475.40,70208.46,88145.25,50391.66,110090.16,65156.95,69412.69,78008.40,68070.86,62468.14,77400.45,75116.24
athlete_10000_6.csv,6,13.1252,100.00,39979.20,48132.91,619889.33,0.03,10404.20,4.00,0.010000,1533.50,1573.00,2076.00,1572.50,1794.00,1451.00,obj,37473.09,53812.10,99060.99,83095.45,65647.03,47754.38,90520.67,95164.64,92995.81,37518.87,73950.18,106111.06,209850.65,59345.72,70813.65,43451.07,52530.03,48332.55,106803.93,237045.19,73538.60,77762.70,47353.62,67512.86,61231.29,72880.36,44822.95,64686.82,249372.11,159018.27,43503.76,66995.73,75143.24,85294.10,57878.66,253403.47,180992.74,55189.99,88892.13,64138.64,51953.51,102519.74,165564.69,59028.21,85032.57,64890.22,95547.05,71551.75,44328.32,52927.74,71865.35,55539.22,140359.60,48374.24,202012.21,40898.03,75356.01,40444.83,75232.82,48822.46,64932.88,48857.11,91601.37,64319.35,75508.27,41533.83,80319.56,51872.79,86526.59,50869.89,109088.34,56038.90,87752.97,44947.01,81534.89,54493.82,92368.17,45660.84,87069.02,52388.17,96235.64,45593.31,97934.43,44053.21,132195.64,243171.24,108899.40,43599.22,65467.77,39958.80,83618.04,43358.29,70342.54,39901.96,88578.77,46221.53,106553.66,75019.76,71414.63,48132.91
athlete_10000_6.csv,6,13.0849,100.00,39981.39,56428.28,761067.33,0.06,6869.51,4.00,0.010000,1963.50,1667.00,1562.50,1691.50,1550.50,1565.00,obj,37471.59,53445.54,117874.71,53705.17,53498.38,73920.80,43490.91,78260.09,83304.17,55583.82,121633.79,62298.79,106534.08,70028.65,61105.90,78398.31,73312.09,46891.62,54819.22,102995.11,74610.77,57325.94,69348.74,51651.32,57508.40,44030.17,80003.95,137755.18,62156.62,45108.05,108271.85,82205.87,39920.21,49582.59,46735.93,74823.64,159222.26,55986.22,82254.31,57874.09,116104.28,59280.41,155517.68,237473.34,120381.84,182385.39,123783.16,62782.50,72183.66,62574.33,44985.73,72480.02,108975.06,76579.79,117912.14,96031.74,94552.24,97641.48,58629.72,45760.85,156403.83,145292.43,124742.63,163210.84,50137.09,329922.77,101128.63,150219.65,54980.38,98951.55,36636.10,50515.62,75814.74,140230.37,66022.08,56992.59,70285.25,79151.08,58526.31,111112.20,39598.52,76126.96,39918.45,69904.20,43715.78,93484.94,39175.65,80777.01,65601.43,48143.63,120920.15,64254.39,63124.83,89569.12,85384.70,96594.31,50426.19,84177.52,70222.37,56428.28
hmda_10000_4.csv,4,9.0012,100.00,39981.17,40000.31,1521.00,0.17,129.00,4.00,0.010000,1341.50,3597.00,2551.50,2510.00,obj,113284.08,39161.30,68184.39,94647.97,86921.76,88063.48,88933.82,69510.11,130224.05,183953.29,83703.28,39578.23,246289.75,182462.57,86485.79,38618.23,250346.24,176450.88,85981.00,39782.20,251935.09,177171.46,87443.65,39641.15,248681.62,173934.05,84480.15,40241.13,254273.48,170984.62,82447.96,40361.41,253176.33,180972.05,81461.93,39554.45,252463.85,177196.53,81860.49,41088.71,248520.32,180738.38,79070.14,39655.84,256344.65,179948.10,79228.05,39085.22,255225.25,187924.58,67128.92,63464.12,246309.60,169178.21,85095.26,39585.33,251289.53,178070.71,81771.35,40252.12,252377.08,118787.97,75286.50,39735.29,265382.76,160189.12,77893.95,39765.61,266025.63,162609.24,87834.33,40452.63,274801.79,155363.97,83291.11,39335.24,282241.91,152102.65,92845.02,39477.28,281830.80,144749.21,83135.64,40621.59,283793.77,150444.23,85358.30,39833.24,280442.45,152338.98,82257.63,39903.56,276411.40,162694.23,71630.70,40296.90,291574.87,150743.12,69506.60,40000.31
hmda_20000_4.csv,4,17.7066,100.00,79988.29,495930.49,23493716.00,0.09,55979.58,4.00,0.010000,5036.50,4947.50,5066.00,4950.00,obj,117525.09,170225.81,74720.37,253642.44,273731.42,377315.28,166635.34,272694.33,834537.93,747015.81,75874.00,438090.79,79735.18,408854.65,78243.75,447294.64,79739.00,424232.89,82253.89,461687.66,78791.13,424248.34,80729.08,452617.19,79753.30,434019.35,78974.72,455213.15,76707.18,418634.58,81063.13,471870.89,76454.01,430317.93,82893.61,448508.84,79771.81,430876.96,80977.84,440961.65,82593.23,425323.67,80389.97,438639.19,81704.80,435514.36,81061.03,448712.84,81029.23,417656.68,80259.08,425580.07,83160.15,406197.26,80378.56,447618.57,79719.39,456389.27,122583.18,373760.45,80722.78,475135.26,78827.99,402001.87,81730.84,461681.52,78033.02,408283.65,82414.53,471443.55,78511.95,384906.10,134541.88,444515.79,80189.91,448150.37,76607.06,423230.96,79885.99,455104.15,81448.21,422937.50,79652.31,451143.85,78445.81,411458.80,79821.59,437216.23,80456.98,383168.83,76264.24,499244.99,86177.60,347606.47,79535.82,481051.98,84652.01,369260.00,80523.17,495930.49
hmda_50000_4.csv,4,44.2692,100.00,199974.51,1666838.95,137616425.00,0.27,929776.30,4.00,0.010000,3817.50,21066.50,12612.00,12504.00,obj,216937.95,220129.58,735247.40,1205911.23,4986185.78,4084399.10,196800.39,1362937.45,1464717.98,1983235.26,782474.09,1324627.63,4841975.26,4255723.54,198659.21,2515111.89,203842.38,2336581.51,206546.07,2538318.73,191664.96,2395235.69,200263.63,2477533.64,204832.54,2356011.43,201837.84,2285278.49,425093.71,2344157.32,228850.24,2225584.90,182225.81,2495629.46,235279.11,2059987.44,194213.26,1900959.78,490708.74,2226428.67,371630.87,1333553.01,427540.27,1372743.14,1223864.40,1663101.48,1445675.64,1692547.17,809905.79,2263694.36,727884.34,1408609.57,201217.07,2413721.69,852286.24,1356298.53,197675.22,1880411.39,4291181.32,4843904.08,191104.20,1304543.82,4300802.22,4667038.52,213482.53,1191680.03,4365354.21,4911801.01,174496.78,1202509.57,4657222.89,1874336.83,1363834.83,1195287.87,4630803.67,1820604.82,1284243.68,1178758.73,4660494.41,1821870.54,1311199.41,1183853.42,4638095.25,1778488.74,1261214.19,1267367.31,4653234.42,1756789.78,1277975.91,1256127.00,4668348.71,1733265.08,1278485.84,1283398.33,4699179.79,1714117.51,1300607.95,1276158.22,4748873.65,1666838.95
hmda_100000_4.csv,4,88.8254,100.00,399991.21,4581101.95,297777610.00,1.48,5912363.74,4.00,0.010000,42202.00,25047.50,13851.00,18899.50,obj,883447.43,8310975.23,524981.74,7610114.58,1289342.09,10010369.82,427770.62,7997604.66,337005.27,10223338.52,554644.97,7849316.66,1361937.68,23120013.94,291797.59,18491446.40,2827085.64,10561042.62,392324.61,6609274.56,1162110.78,11025996.61,438736.77,7432027.97,411309.10,10815449.37,434155.43,7782421.67,392816.08,4954391.71,5966451.43,7390480.35,5763140.62,19746693.76,15635674.08,4691691.65,406534.78,20160787.38,15812191.62,4587750.58,358951.67,20100203.61,15515978.04,4584699.37,385466.03,19948582.42,15666697.24,4586330.22,432078.03,20144451.38,15658020.26,4543099.45,415873.36,19891674.70,15570331.52,4498460.84,363121.32,20207767.07,15523102.19,4485576.06,382199.07,20587195.01,15531132.39,4413105.04,419085.01,20436946.24,15676973.48,4440822.92,386139.44,20343844.36,15580406.66,4566019.48,404099.90,20341266.36,15240747.64,4589810.38,388334.28,20148158.19,15480750.53,4593144.92,366545.04,20240515.42,15461232.67,4754745.73,415452.76,20346443.83,15393831.09,4742498.26,397550.96,20451605.00,15347065.27,4748718.53,381475.38,20540804.33,15397183.76,4633538.26,388645.09,20410875.12,15461600.43,4581101.95
hmda_200000_4.csv,4,179.2609,100.00,799980.74,42593544.00,2377008212.00,0.80,2330387.37,4.00,0.010000,50055.50,25583.00,74243.50,50118.00,obj,10505338.27,2482451.64,140376.50,102939730.08,43584697.80,11630533.07,829324.29,43805353.33,825140.72,28609515.08,831896.19,43569029.11,732169.74,29605634.93,753126.15,44190874.32,809642.68,28931698.12,789142.74,43757618.02,687030.03,28724475.92,805544.43,43709230.57,767329.54,28475204.11,762350.60,43841258.43,701385.11,28874230.44,803692.33,44079571.59,821888.07,28863150.25,789262.70,44521521.22,979876.55,28922776.14,780548.80,45024710.50,973171.73,27891121.70,818103.77,44730975.31,627124.66,28274664.25,835891.76,44428347.30,800512.10,28445538.92,793246.65,44115846.99,600339.45,28950258.71,799234.94,44190535.87,603024.69,28657415.27,834925.43,43242504.66,791778.71,29284854.90,786893.79,43852716.40,693147.63,29439256.86,755612.99,43256905.67,627120.18,29126251.64,825964.92,43394221.31,745446.34,29278675.07,790972.06,42739473.14,636748.32,29553565.52,828483.93,43660494.11,692673.51,29710345.77,801341.06,42747712.32,775956.21,30392889.59,826862.91,42720997.00,772110.69,30130493.88,780054.09,42773833.62,571194.79,30783705.79,812628.09,42780405.47,766786.37,30289244.26,772398.77,42593544.00
hmda_500000_4.csv,4,458.8664,100.00,1999985.58,627172291.48,33531435668.00,0.28,547335029.30,4.00,0.010000,153964.00,123689.00,184906.00,37441.00,obj,17573809.04,125152470.87,241201361.44,107358872.63,49770570.78,65045506.03,623106585.58,71351658.06,91752215.81,126489963.86,99023398.73,622039392.06,116805987.00,217297190.11,99636018.86,620870318.33,118390434.84,214981153.08,96959320.81,621635003.59,116095430.24,216734671.20,98927855.45,622422977.42,116627689.61,214487894.06,99560936.15,621969860.83,119230427.31,212596968.98,100742832.69,620636260.00,118850185.62,209187676.68,100626650.54,623330126.50,118594600.79,210564240.28,102857430.36,620517042.66,118262427.68,211521985.25,98724529.76,622702830.56,119901934.47,210931997.85,103063957.09,620854067.33,121960414.92,211176427.27,101918478.83,620490826.36,119961028.24,212520095.48,103105048.31,620492697.45,120489416.39,209619320.51,103006651.19,619407075.55,119943518.53,210467264.01,103731123.61,622732565.76,121328321.77,207423633.20,102894459.47,621935640.32,121082908.61,207397109.69,105400515.87,622789382.81,117645936.64,207033882.37,101844837.34,625949665.31,119254350.88,205192791.22,103469723.51,624242255.38,116175597.56,205956452.42,104083722.58,626700943.74,116765607.58,204277207.49,103283483.84,627733400.59,116082069.38,204649831.13,101010103.05,629279595.72,115192453.82,203741967.58,102518356.10,633136393.55,115980505.41,205300506.30,101725454.88,627172291.48
hmda_1000000_4.csv,4,920.7840,100.00,3999987.08,861996302.78,59139019850.00,3.00,76792881.29,4.00,0.010000,311317.50,249667.00,188878.00,250137.50,obj,208369892.71,552551406.76,-1222533.50,2349389561.47,1106033033.00,585789680.95,545016606.03,2070390644.83,29002658.97,699286200.26,495030897.03,607953890.08,4024676.40,1184372800.55,13743356.00,567659835.38,492397702.88,970801117.27,8723414.37,702260053.30,-7039182.97,1058992750.15,17495058.42,653410944.90,333267545.18,849945219.33,105378210.85,783158905.12,74156875.99,918586230.25,13347778.61,761749712.91,-3086735.20,1005414554.04,11593587.61,720709797.30,59473766.20,694314592.12,11620371.98,792277420.75,-5527723.27,979062623.92,19651987.29,703701821.08,62548612.09,928905460.95,4439414.66,858888794.14,4235188.01,930906159.18,3069874.98,866982494.35,4103289.07,924315635.73,4467826.62,862855597.89,3153195.12,928442501.70,3958164.03,868976799.61,4140735.90,916712423.14,3658319.79,868642522.95,3244480.03,923587430.92,3508249.84,866034430.10,3895694.87,919807355.04,2863835.18,867894195.08,3475177.23,923711178.44,3036383.56,869682670.04,3898429.25,923549404.35,1626662.04,869858212.66,3889701.23,920520650.97,3570280.53,874062287.90,4409131.23,914540037.37,3124288.91,868213566.68,3028440.11,928503828.97,4131061.60,864482518.90,3016249.58,924269366.59,3672215.42,872570788.43,2143583.49,919500246.34,3263950.05,861996302.78
hmda_2000000_4.csv,4,1876.7627,100.00,7999988.80,4465037.60,2085152.00,2.66,372978.21,4.00,0.010000,499725.00,500094.00,499959.00,500222.00,obj,427223475.43,1481868233.25,2601947542.44,2275014809.23,3202968495.90,2316521574.95,2318570565.11,221622649.68,1987784084.97,940541748.61,1789448952.21,1854760080.28,3434385434.82,47431711.16,3234620778.47,-15751696.28,1957265169.32,9768117.17,3626372731.99,1433269474.63,3557319167.34,1621163082.46,3298707442.67,1800472558.64,3231528746.20,2009736200.00,2990869463.15,2206597859.94,3032446661.37,1038409654.20,4476373203.86,1736760192.17,3287371191.08,1929374323.65,3206832605.60,870518705.12,1875657387.69,368600029.53,2347376466.99,4900643.97,2767700565.43,36910490.56,1885773054.32,871025800.66,3538711794.48,56424854.64,3130094330.91,-19850578.37,3951875603.71,37262931.11,2971841155.28,347334117.76,3549634418.09,4125711.19,3585011984.11,5806396.82,3524680206.15,3624445.29,3589963594.66,6087357.94,3532879808.10,5253822.94,3609062198.73,5083481.66,3544863204.24,7693157.17,3595751351.63,6681202.32,3537380933.84,5270077.43,3599765150.54,3902905.98,3559064002.26,7148633.45,3593911502.68,3793716.05,3565348390.16,6952044.00,3558101661.19,6531352.24,3597221193.09,6944078.41,3578456444.14,7106491.45,3559871211.98,6491443.98,3565601909.93,5816864.00,3561173998.76,3014304.01,3580214119.12,10053061.06,3532336710.16,4913415.39,3578974953.44,6667164.59,3539152665.35,8879387.35,3585570212.68,4465037.60
census1990_10000_4.csv,4,9.6087,100.00,119963.88,158551.20,2901665.00,0.11,54623.74,4.00,0.010000,1868.50,3627.50,1401.00,3103.00,obj,214656.67,120799.07,274625.42,180870.56,167948.96,198330.33,152514.17,175981.57,123249.25,336454.65,269642.22,275045.91,119606.85,312022.58,381431.18,280346.45,120558.89,314025.08,376263.63,275553.43,119835.96,315845.08,369846.27,279510.92,120151.34,314223.09,367408.10,279006.98,119677.67,309684.83,373396.17,278365.31,119812.30,313370.82,365011.97,270114.37,120164.11,312547.36,380377.55,276689.27,121034.71,313477.10,372617.15,284398.34,120204.59,315663.88,373011.43,276524.62,119900.25,316116.91,374239.96,279775.96,120029.51,314599.36,367800.75,286873.41,120199.63,315870.10,367796.88,284134.73,120139.31,318428.82,362560.60,290880.97,123854.54,306499.77,366136.27,281115.13,119703.69,305069.04,368941.32,285178.99,120063.90,308651.92,376980.61,132153.57,149454.35,350658.84,235613.31,141731.75,153072.92,338269.89,297747.81,151079.76,120016.50,367782.29,234388.95,158309.38,119907.84,367937.81,233047.74,147143.78,149447.53,347181.61,245527.88,161316.33,120005.41,365571.59,233220.09,158551.20
census1990_20000_4.csv,4,18.8275,100.00,239961.23,1183605.35,53823368.00,0.14,739052.11,4.00,0.010000,6205.50,7358.00,4950.50,1486.00,obj,382494.84,253436.42,586050.50,927163.91,425796.19,352750.12,231931.70,1779363.85,759346.42,360681.85,237331.58,1805011.03,306006.82,536366.40,237274.67,1790210.90,302765.71,515251.34,238265.48,1815822.07,313381.66,528106.22,237486.19,1814795.76,312368.24,540475.25,238166.14,1803950.50,306678.58,547495.00,237665.75,1799809.73,327209.62,548169.46,237433.05,1756886.92,322539.02,533987.39,237487.12,1785487.51,309346.34,542365.74,237946.55,1776825.60,313984.73,549761.43,236784.94,1779057.70,316282.41,533862.93,238507.76,1789104.57,318462.07,542799.60,237626.16,1787072.28,320748.23,534635.26,236962.11,1775296.15,313350.14,538420.36,237337.39,1776708.50,318536.50,535889.79,238167.06,1781079.88,315764.73,532883.44,237868.38,1773084.71,317522.95,541079.12,237280.02,1782306.90,315739.11,545584.41,236987.86,1182386.32,873851.96,405517.59,230973.22,1697422.01,351537.92,581470.24,233085.98,1775040.60,735936.31,407537.68,236776.39,1179814.61,299272.11,538526.16,239504.36,1192835.76,293187.30,570638.76,237151.34,1183605.35
census1990_50000_4.csv,4,46.2730,100.00,599972.21,1597121.06,78419377.00,0.13,1424339.66,4.00,0.010000,12547.50,9386.00,12452.00,15614.50,obj,1283785.64,2736958.17,2830037.64,1624535.62,2740134.11,1461842.62,3102590.72,1382857.96,2975937.73,1240583.97,3259184.17,1270575.91,1555972.57,2120260.15,2799270.97,1207775.80,1500450.42,607812.94,3172035.87,1501771.56,1535670.13,1872354.26,1895824.91,1551607.13,1521548.52,1907580.23,1903364.66,1537774.79,1488825.91,1871122.19,1908396.89,1533385.46,1515804.09,1963028.55,1812473.71,1544879.84,1542997.73,1869744.79,1914529.40,1535090.72,1548778.87,1888900.13,1911930.43,1480886.47,1535225.94,1878045.93,1925654.94,1489806.78,1532019.32,1883839.19,1893220.72,1469145.27,1545942.36,1925072.35,1884512.20,1402147.99,1554507.48,1935003.30,1858126.45,1469046.88,1582191.01,1918380.53,1883888.40,1487358.55,1501095.39,1919856.10,1806985.32,1571591.59,1625664.59,1923918.80,1863611.16,1540922.49,1593362.57,1895079.18,1878837.68,1514736.35,1573901.50,1836612.73,1784932.16,1531396.48,1560943.37,1878568.91,1836225.48,1561923.04,1620496.54,1866985.55,1807721.56,1535190.11,1570562.64,1938699.87,1803063.75,1582063.34,1541523.42,1868423.33,1873168.73,1543987.61,1559095.32,1860444.03,1899758.58,1597121.06
census1990_100000_4.csv,4,92.2505,100.00,1199968.99,1175246.25,26210.00,0.09,1881.43,4.00,0.010000,31037.50,18920.50,25097.50,24944.50,obj,7033202.64,2861340.14,4213831.93,1207338.08,11275528.06,1179923.81,8733030.54,1214507.96,11297374.41,1217917.29,8839449.31,1173947.66,11436796.38,1143062.20,9007550.82,1215738.98,11422630.33,1154178.14,8818740.38,1213263.12,11372815.38,1174878.67,8971551.20,1233123.88,11079822.14,1182733.87,9143459.06,1196742.76,11100047.13,1196874.39,9056299.82,1211576.69,11321667.59,1244916.49,9020764.48,1192077.43,11293987.92,1185139.92,9017695.45,1213088.55,11197122.93,1218815.02,8914625.69,1202597.82,5986007.04,1192578.86,11102730.82,1215422.21,9200915.30,1192767.83,10987632.97,1194453.41,9154985.72,1207510.25,11065594.55,1201716.00,9285691.08,1180695.93,11037334.35,1216308.03,9076814.12,1182297.45,11104337.56,1211568.54,9291471.90,1190380.74,11254817.62,1174746.59,9131056.75,1193195.07,11253198.52,1189829.09,9194856.72,1204141.72,11191235.12,1229791.99,9062662.96,1211219.28,11402025.17,1214447.81,9036322.57,1201920.73,11199550.15,1206330.97,9072309.15,1176546.22,11130274.51,1156684.85,9054970.76,1200808.26,10937534.71,1135426.43,9231548.59,1190753.93,10951161.79,1167862.91,9381835.00,1186630.50,11039616.42,1175246.25
census1990_200000_4.csv,4,189.6303,100.00,2399960.42,121057193.38,8231999794.00,0.00,1499655.19,4.00,0.010000,61842.50,39166.00,49485.00,49506.50,obj,2400334.59,28493865.91,19847684.08,32122706.93,17319676.83,22072903.15,35431842.54,84428681.85,15329927.29,11769643.45,61855219.02,64412831.57,19117103.45,16199343.12,86445752.17,121754893.54,16503949.58,27552396.96,60896449.70,121628781.02,16626674.58,27851242.22,60493255.66,121836298.39,16554675.14,27524941.03,60920155.03,123016456.71,16358177.15,27575447.23,60472146.32,122127627.04,16232123.24,27585600.26,60858355.83,122452238.85,16333922.66,27568129.01,60838320.25,121883847.53,16217839.99,26902809.70,61069414.12,121966874.01,16452894.77,27083049.85,61481928.21,121432784.50,16262478.22,26884480.05,61590119.34,121194380.90,16391112.91,26568778.94,61834721.23,121470076.23,16179306.10,27377795.62,61908743.08,121060561.02,16429976.78,27402985.82,62130796.33,120914223.85,16074640.50,27934487.30,62522653.36,120136530.09,16176693.82,27354640.11,62565658.62,120665682.81,16395561.94,27398570.36,62250465.74,120212625.12,16589238.43,27724192.30,62414896.47,119897769.63,16198703.72,26748593.42,62664285.97,120810757.49,16254487.79,26797996.54,62730146.24,120664358.54,16105625.81,26575263.28,62939386.66,120898209.02,15951598.72,26554133.99,62691578.32,120807274.44,15728544.43,26520156.53,62934268.57,121057193.38
census1990_500000_4.csv,4,460.9695,100.00,5999971.97,238343295.21,14714430130.00,0.09,32254022.42,4.00,0.010000,124681.50,124940.00,186155.00,64223.50,obj,18709807.99,139793744.97,119483552.99,85955242.35,531863515.25,352588690.12,66112614.72,41210985.98,523546959.31,82136715.37,24557489.08,57934377.59,567572019.42,397136265.66,8236295.35,223497771.92,4875189.74,231760935.81,8103134.53,213498188.27,19006276.82,209020020.02,5767078.27,246019226.62,5600704.55,212519279.05,5699475.83,246933131.46,5488700.19,212342262.90,5690989.04,246687743.78,5899303.58,213691594.51,5911175.58,247141472.48,5950712.18,212895516.15,6120822.68,246239045.63,5674024.65,209760243.90,5885267.05,243207908.65,5579162.28,210957249.65,6248657.67,244860190.71,5800181.15,212409472.60,5815067.88,245794658.16,5776264.60,212180553.18,6284525.61,242754958.38,5671677.64,211718029.57,6037539.03,243234274.36,5801320.04,211271504.30,5636745.13,242898461.02,5835401.37,218166440.19,5834328.90,242903176.75,6098399.11,214171269.05,5915102.80,242547046.79,6169185.59,215491132.86,6231351.03,240551128.63,5593559.82,215972803.94,5832527.74,241380327.92,5863738.01,215247130.27,6235748.86,241826529.62,5938083.48,220034948.31,5774848.62,240819443.75,5555853.46,216527430.56,5523328.26,240381606.63,5653691.47,216348421.44,5849718.33,240386587.45,5893821.10,216900552.33,5910056.16,238343295.21
census1990_1000000_4.csv,4,931.9268,100.00,11999954.76,430255874.88,29632670568.00,5.45,590918876.01,4.00,0.010000,311225.00,188988.00,311048.00,188739.00,obj,17002319.05,18711169.30,445414920.46,408902998.78,433327741.05,482299081.18,407950942.85,409947643.59,425281021.73,576754060.88,380864717.26,290432263.07,607127487.03,476787278.68,333094138.24,506731651.15,498173082.95,488819246.87,310926805.27,497755593.83,490715916.51,483905703.73,362553738.45,502840535.02,469116092.71,485444693.94,341146213.30,434815609.74,525708062.65,483815789.99,391689013.12,441082486.31,531604665.31,473538146.85,389951189.07,435411915.30,523442843.33,477323003.73,388125354.41,437195158.40,523189418.57,476377571.01,386091933.00,432814796.29,524475921.03,485534467.06,389219138.94,434301759.83,521978398.58,489804446.03,387927346.33,431074029.28,520543690.98,483397547.43,395146516.85,430471267.52,522584103.92,485228472.99,390599939.81,429867921.81,525713837.33,484303690.17,391096516.86,431274006.35,523353375.97,480530825.10,388599329.40,432688266.07,522873195.95,488575760.51,392971490.27,427472872.40,521973642.37,491397960.27,392106231.85,424038972.66,521820329.69,488632594.72,392356387.64,422960758.96,522376035.19,487235025.14,389234421.45,425542457.50,515890858.10,490323297.54,390426091.79,423219690.79,517914973.82,485645540.19,394709288.96,423250863.74,520869117.21,487890206.53,390845421.79,425741521.05,524185535.19,480512299.26,388140041.22,430255874.88
census1990_2000000_4.csv,4,1937.3975,100.00,23999968.74,3147229422.34,228548585096.00,12.34,456322022.11,4.00,0.010000,616623.50,148171.50,739620.00,495585.00,obj,2493757988.34,233006316.46,809682005.88,2231055098.34,-38168129.42,9632151063.83,448516245.61,2797589895.97,-7476640.12,9996839800.51,421409547.23,2651118332.48,319861336.83,9637435798.36,390285226.90,3212866251.35,9513626.43,9660600611.05,379090601.69,3230247467.61,13132558.45,9640765528.73,382925595.50,3225868348.75,12476073.76,9656627391.00,377906481.74,3219540572.70,13933764.75,9660770150.64,369669008.47,3216266768.16,10890517.56,9666416732.45,369765805.65,3225464090.35,10552727.51,9657770911.69,365983965.32,3198197903.94,13702316.01,9680071051.56,359822199.04,3206478041.73,12190709.15,9688390201.85,351630767.50,3225664469.17,12471891.97,9685850627.24,357423393.00,3194150362.89,15789718.09,9678627465.65,352191587.49,3197304337.59,13510603.48,9706118760.33,358321161.31,3209538614.21,10085044.53,9708784266.48,351644618.63,3204279409.54,11513963.14,9688847680.99,347781740.23,3194210638.41,14702966.84,9696082745.76,344018261.72,3183897914.41,12250281.02,9709825037.11,344822965.02,3172390861.45,12018208.23,9733874458.89,345687119.55,3182980989.28,11319968.69,9718062046.82,338337843.93,3187297807.23,12591064.55,9747534898.88,334257904.43,3177999625.26,11814475.69,9740085696.45,333774235.07,3150303359.32,12901339.36,9769116478.10,323948202.37,3137299629.89,15204041.68,9795926721.28,320641041.68,3147229422.34
hmda_500000_4.csv,4,1084.1816,100.00,1999986.86,1999954.91,400.00,17.18,25.14,4.00,0.010000,124973.50,124990.00,125153.50,124883.00,obj,1684167.03,1700582.97,1736943.51,1806905.81,1854380.39,1885172.90,1898189.88,1907145.85,1920671.31,1922200.41,1925922.60,1930924.54,1931486.97,1933378.90,1937079.85,1939312.90,1942119.25,1941280.73,1942052.41,1947759.29,1944651.29,1945237.12,1946014.21,1945952.25,1946648.28,1946813.61,1945550.79,1945940.11,1944043.65,1944997.21,1945273.55,1950790.11,1966386.04,1974786.90,1979769.89,1985629.99,1989832.42,1993701.90,1997912.21,1999719.00,2000051.06,1999994.90,2000079.07,1999996.41,2000118.46,2000142.20,2000005.83,2004970.64,2000929.20,1999686.66,1999767.46,2000093.33,1999889.92,2000015.38,2000351.99,2000407.08,1999968.88,1999982.52,1999987.82,2001304.39,2000227.41,2000293.32,1999870.79,1999984.58,2000258.23,1999986.13,2001768.47,2000168.99,1999993.12,2000406.70,1999978.36,2000259.93,2000907.07,1999986.24,1999976.89,1999984.56,2000947.64,2000350.25,2000025.43,1999970.05,1999993.73,2003144.44,2000121.01,2000250.67,1999684.34,1999790.48,1999883.52,1999982.71,2000457.60,2002857.33,1999976.59,2000465.36,2000126.36,2000178.87,2000377.08,2000293.90,1999830.31,2000091.57,2000418.68,1999954.91
hmda_1000000_4.csv,4,3146.0951,100.00,3999979.94,3999780.96,8192.00,42.15,277.53,4.00,0.010000,250370.50,249819.00,249909.50,249901.00,obj,4185718.44,3429093.16,3429432.06,3471980.45,3511306.78,3566795.38,3684462.04,3759358.79,3823856.79,3875293.18,3884384.16,3889582.60,3884520.32,3882402.74,3878718.81,3877218.53,3882142.07,3883222.79,3885757.15,3881992.39,3871084.69,3895870.50,3896474.29,3892497.57,3894904.16,3886398.25,3899655.30,3897301.69,3894915.59,3900338.39,3905456.09,3912198.58,3915963.38,3920495.77,3918351.54,3921417.09,3921578.99,3924158.77,3926273.72,3925824.44,3929499.26,3926967.89,3930527.60,3934548.11,3937950.23,3939752.56,3938501.57,3937115.39,3942172.46,3943715.52,3945890.46,3946776.93,3951343.92,3950441.02,3949914.26,3952212.23,3953221.97,3953446.05,3952551.78,3951922.84,3953392.29,3960459.10,3965069.39,3973625.22,3975866.99,3982030.36,3991568.38,3997779.98,3999719.02,4000680.42,3999862.13,4000091.94,4001614.68,3999872.22,3999902.75,4001532.45,3999770.51,4010947.20,4028712.96,4002770.24,3998692.26,3998672.80,4000691.78,3999958.24,3999995.83,4000114.26,4000852.93,4000342.48,3999986.26,3999980.75,4001995.09,4002268.14,3999602.90,3999687.15,4000770.01,4000291.29,3999921.29,3999984.45,4000503.67,3999780.96
hmda_2000000_4.csv,4,10498.9327,100.00,7999986.18,7999986.18,0.16,64.56,4.90,4.00,0.010000,499936.50,500112.50,500004.50,499946.50,obj,7635797.55,7771656.61,7845575.95,7903075.92,7956820.66,7983020.41,7997030.07,7999857.80,7999945.60,8000388.52,8001927.39,7999703.05,7999862.78,8001867.08,7999985.44,8000011.08,8000322.38,8000603.52,8000014.53,7999939.30,8000633.78,8001364.80,8000240.32,8000176.64,7999877.59,7999949.43,7999968.92,8000462.62,7999924.72,8000039.58,8000094.42,7999906.36,7999946.36,7999963.17,8002174.82,7999800.85,8000655.46,8000094.16,7999762.39,7999933.01,8000527.29,8000052.10,7999869.78,8001729.48,7999723.11,7999979.59,8000132.31,7999841.76,7999946.62,8000179.19,8054617.72,8383018.33,8055946.97,8025277.30,7946028.23,7986948.86,8040921.54,7984466.39,7998866.75,8060785.66,7999217.03,8012069.58,7994060.48,7999941.81,7999979.10,7999979.57,7999981.76,7999985.90,7999986.29,7999983.42,7999987.02,7999984.13,7999982.52,7999985.95,7999989.42,7999976.95,7999988.29,7999986.01,7999977.21,7999997.55,8003508.33,7999983.31,7999983.28,7999982.08,7999983.53,7999989.13,7999987.17,8000141.76,7999987.47,7999984.71,7999983.37,7999983.58,7999988.96,7999983.58,7999988.90,7999986.94,7999982.59,7999982.38,7999988.47,7999986.18
census1990_500000_4.csv,4,1121.1395,100.00,4878777.42,4878865.32,1687.53,10.31,200615.31,4.00,0.010000,124829.00,125110.50,124959.50,125101.00,obj,5114378.97,5019187.18,4964017.02,4922029.03,4913376.37,4899266.79,4888658.01,4879113.59,4879585.42,4876113.24,4872495.75,4873879.89,4871514.64,4872833.78,4873277.47,4870092.44,4871416.81,4872678.49,4874387.94,4873942.64,4872772.06,4873190.78,4872858.06,4872470.72,4869663.48,4872918.30,4873511.12,4873175.59,4874401.45,4876954.10,4889081.71,4898477.50,4905741.34,4912868.56,4919790.96,4937673.46,4949199.01,4966551.07,4986078.95,5002646.47,5019398.16,5039285.17,5060221.46,5082280.40,5097260.78,5112032.74,5125900.38,5142563.02,5153154.62,5160319.79,5167013.96,5172000.28,5161116.30,5016893.48,4929511.41,4920381.34,4893342.03,4885816.60,4880659.60,4894049.71,4903269.78,4901676.70,4909543.78,4912194.77,4903900.45,4889302.21,4884582.24,4882188.87,4881751.36,4887341.79,4886162.42,4884929.04,4887100.60,4883869.06,4884325.11,4882350.69,4883527.02,4882616.88,4869399.37,4876138.33,4877078.35,4875745.17,4873231.85,4876014.09,4873505.85,4871221.26,4871953.55,4874437.48,4872972.29,4869111.69,4865718.24,4870361.54,4878080.47,4874934.82,4870959.52,4871727.54,4868474.77,4866153.91,4867631.23,4878865.32
census1990_1000000_4.csv,4,3166.4497,100.00,11050362.53,11051051.21,12186.00,1.73,1343907.79,4.00,0.010000,250056.00,250252.00,249651.50,250040.50,obj,11272124.83,11225094.01,11135014.74,11114105.88,11099137.96,11086121.85,11070942.98,11070428.96,11069420.53,11070102.35,11060503.90,11061180.36,11054806.21,11053335.57,11049837.99,11048658.38,11038666.53,11038935.87,11036351.43,11033425.29,11031023.26,11029047.14,11025679.15,11024818.58,11027757.95,11022751.24,11021349.16,11027127.78,11026453.12,11021208.79,11016311.55,11015453.69,11016894.36,11016128.67,11014434.68,11014661.32,11015173.60,11014577.37,11014135.58,11013250.74,11014726.88,11015031.77,11014475.80,11014148.16,11016015.48,11016454.37,11015836.83,11018507.82,11018717.62,11019316.15,11020946.19,11022251.66,11022637.93,11024331.36,11024128.28,11026401.59,11026087.59,11026658.76,11027654.52,11027895.43,11027548.18,11025214.31,11026530.67,11026142.51,11026064.27,11027761.28,11028716.72,11027582.95,11027783.68,11026403.33,11028964.56,11027532.85,11025728.37,11027267.97,11027253.01,11028770.95,11031550.60,11028949.83,11028807.20,11028905.00,11026600.85,11025854.70,11029205.08,11031981.16,11030719.72,11031317.85,11030310.85,11032299.43,11033001.53,11036580.41,11036944.26,11035132.19,11041388.92,11040571.37,11039811.01,11044371.34,11047970.90,11049183.65,11051725.81,11051051.21
census1990_2000000_4.csv,4,6992.8259,100.00,21580741.18,21581419.00,10448.00,823.75,197416.61,4.00,0.010000,499507.00,500511.00,500008.00,499974.00,obj,22281307.21,22235362.15,22169017.96,22155803.13,22177172.98,22607676.92,22685778.49,22695774.35,22699354.43,22690648.71,22686459.68,22685047.18,22684476.45,22692594.14,22693306.07,22699466.15,22696018.30,22696300.54,22696678.90,22699280.63,22702109.84,22704288.92,22699296.20,22698890.23,22701489.69,22700692.27,22698037.64,22694395.99,22700142.77,22700689.25,22691943.52,22694256.12,22696595.13,22693844.49,22692202.23,22691100.60,22687086.28,22689064.64,22647339.21,22530254.21,22569721.34,22594892.71,22387444.83,22351761.01,22319265.11,22259762.02,22221059.33,22181796.89,22135539.11,22096938.58,22036432.26,21980959.39,21912232.53,21832311.38,21763614.18,21744502.72,21723550.74,21669922.87,21650368.21,21646104.22,21637217.46,21632895.40,21615610.55,21611029.10,21613260.32,21607668.60,21639746.19,21622383.97,21617573.20,21618043.32,21614359.92,21614055.36,21613800.93,21610049.28,21611086.08,21606233.03,21611431.81,21609636.75,21615595.46,21609499.27,21609960.59,21601849.47,21598530.46,21622831.89,21606847.98,21603441.33,21596943.98,21597033.50,21593839.91,21598949.11,21596403.81,21590500.59,21593905.81,21594293.00,21592142.24,21590950.39,21588042.52,21586941.64,21590975.75,21581419.00
hmda_10000_4.csv,4,9.1463,100.00,38519.04,42057.17,240181.00,0.16,1864.22,4.00,0.010000,2448.00,2661.00,2526.00,2365.00,obj,35544.57,35777.12,36553.67,37321.97,38875.77,38154.21,37492.32,38471.81,38143.55,40418.67,39326.81,39992.22,39605.34,39804.43,38266.66,38401.69,41943.33,38492.77,38437.03,38260.21,39691.78,42500.84,40068.22,39104.92,39760.53,39529.68,40250.66,38310.71,37948.88,47397.07,40726.97,39472.64,39056.30,39207.55,38729.81,40993.11,38663.91,39101.12,39273.58,41842.44,40133.79,41229.14,40787.14,39197.47,39043.13,38857.20,40396.46,38166.01,40227.08,39024.10,39546.23,38799.13,39196.59,39324.83,39630.58,39225.70,39559.50,38724.66,39105.32,39017.40,38466.70,42200.82,40532.15,39937.55,39136.67,39157.98,38976.46,39419.44,40122.96,39770.28,39171.67,39470.16,39225.64,38774.06,39492.59,39341.52,39504.70,39823.66,39058.07,38662.52,38718.31,40070.15,41192.35,38791.71,40588.98,39802.38,38850.34,40711.59,38772.47,39097.66,39148.83,39609.68,39379.36,38324.59,39520.58,38657.83,38597.03,39752.92,38305.84,42057.17
hmda_20000_4.csv,4,18.5440,100.00,77663.62,78157.68,20402.00,0.02,2976.12,4.00,0.010000,5031.00,5041.50,4992.00,4935.50,obj,63107.10,63356.99,65576.29,68210.38,69341.99,71397.18,71677.60,74210.01,74484.42,74613.99,75382.67,78080.00,77226.69,76035.42,75426.39,75961.50,76851.79,76891.04,74784.50,77011.98,75360.92,77007.24,76140.43,76796.70,74986.61,78872.61,75773.23,75475.99,74936.32,76008.91,74994.53,75073.35,74703.17,74953.02,75140.85,75052.74,74573.94,74498.73,74830.68,74589.40,78113.30,74627.84,76067.25,74406.24,76542.38,75908.61,76200.88,75690.13,75565.20,75700.31,77674.63,79002.00,77126.91,77132.48,76463.03,77527.89,75510.78,75968.45,76328.82,76466.47,78842.91,77803.23,75974.32,76556.49,78702.80,78478.66,77629.03,77806.27,77285.73,77751.55,77540.99,78140.13,77806.27,79064.57,77574.23,77530.49,77725.73,77700.78,78930.73,78399.38,77944.37,78479.55,77445.99,77699.48,78371.43,77634.66,77571.41,79904.63,78656.26,77987.75,78809.52,78427.95,77600.53,78257.74,77596.83,77443.25,79325.59,78322.33,77485.81,78157.68
hmda_50000_4.csv,4,46.2752,100.00,194349.53,194425.43,27785.00,0.08,8260.54,4.00,0.010000,12556.50,12425.50,12576.50,12441.50,obj,163797.10,163996.51,170170.57,176673.26,184902.10,189295.11,193149.06,193682.09,192739.25,192660.26,192805.34,193363.60,193165.50,193742.30,193272.98,192942.31,193773.02,193313.16,194303.73,195345.99,193487.67,193801.84,193488.97,193984.69,194853.50,193836.91,195660.54,194269.32,193462.47,194945.83,195149.12,193914.89,194066.03,193987.78,193956.05,194198.96,194016.64,194119.79,194308.87,194538.29,196221.89,194170.63,193891.26,194454.04,194529.38,194034.07,194386.86,193199.47,194110.33,195194.13,196995.49,194036.13,194704.65,193806.47,195603.39,194778.94,193408.53,193915.10,195664.99,195702.68,195875.25,193836.87,193756.63,193506.84,193441.33,195971.59,193333.90,193319.53,194140.51,194125.42,196457.44,193158.04,192858.88,193797.79,192892.18,193305.06,193362.04,193478.94,193393.97,194271.24,194094.43,193583.34,193400.31,194224.64,193176.07,193558.41,193728.17,195387.58,194509.16,192729.95,192962.97,194907.66,193806.84,193552.25,193972.72,194583.41,194126.30,195045.39,194208.47,194425.43
hmda_100000_4.csv,4,96.1416,100.00,399982.03,403911.50,174760.00,0.54,6301.45,4.00,0.010000,25160.00,24989.00,25034.00,24817.00,obj,374225.22,381999.36,382787.87,384300.02,385066.32,385572.65,386284.64,387435.21,389085.87,391828.17,393011.86,394382.00,394758.91,395862.16,395756.67,395570.25,395841.98,396061.65,396874.90,397662.53,399039.95,399627.61,400109.26,399963.82,400752.60,400030.52,400080.18,400149.22,399960.38,400398.35,401065.87,401729.38,400223.98,400858.28,400500.53,400068.56,400223.84,400520.77,400212.86,400805.99,400471.12,399982.16,404872.71,400241.52,400953.49,402523.58,401046.30,400054.59,399999.08,400437.75,401629.26,399937.84,400142.33,401169.68,400534.51,403495.62,400722.99,400151.42,400072.99,400731.01,400351.36,400165.35,399813.37,400291.52,400761.33,401793.83,400043.31,400208.73,400124.27,401060.89,401126.32,400049.88,400543.05,400069.52,400524.44,400063.55,401207.04,400066.61,400500.59,400333.81,400166.52,400587.93,400031.96,400619.16,400359.03,402862.13,399973.08,400576.10,400503.76,400775.40,400502.65,400770.25,399942.41,400039.13,400970.15,400961.43,399957.90,401488.26,400780.93,403911.50
hmda_200000_4.csv,4,222.3278,100.00,799982.51,799618.32,15140.00,0.31,1040.86,4.00,0.010000,49935.50,50055.50,50070.00,49939.00,obj,783825.46,739265.19,735860.05,737920.58,747107.38,751321.28,761067.07,774085.86,782019.50,791799.07,797202.15,798600.52,800108.38,799959.66,799931.67,801540.17,799976.67,800292.98,800256.63,800265.96,804564.12,801127.77,800881.36,802781.87,802609.84,799565.80,800013.55,802336.34,799473.36,799744.15,803281.34,800322.30,799872.30,800071.52,800288.62,799990.28,799999.36,799922.87,800729.85,800186.53,801180.45,800710.34,800719.83,800001.69,799721.96,800104.29,800192.98,800355.30,799877.60,800132.55,800248.12,801273.21,800678.28,800574.18,801145.73,799895.54,800366.13,801073.44,800006.13,800196.87,801001.54,802845.98,799921.54,800299.34,800066.24,799920.59,800884.83,800596.44,799943.23,800533.21,799791.95,800470.95,800162.56,803044.54,799657.88,800799.69,800187.02,799829.01,800210.76,799942.06,800957.94,799776.80,801194.32,801319.54,799892.63,800070.33,800037.27,799949.33,800675.97,801092.70,800039.11,800690.42,800614.97,800045.93,800702.27,799952.42,800513.96,800252.55,803412.66,799618.32
census1990_10000_4.csv,4,9.1127,100.00,99007.82,100542.46,90661.00,0.06,2136.49,4.00,0.010000,2484.00,2448.50,2527.00,2540.50,obj,111203.37,105070.54,101272.16,99893.11,99767.11,100003.54,100184.94,100015.81,100610.97,100943.08,100255.95,99383.17,99115.74,98848.22,98763.81,99270.76,99015.65,99418.84,99554.35,99569.24,98893.32,98859.19,99163.23,99010.11,99437.32,99252.47,99449.96,99293.33,98897.95,99172.46,99024.43,98725.00,99264.60,99645.40,98495.30,98587.12,98744.02,99351.07,98842.41,99085.19,98976.98,98624.53,99449.00,99088.48,99384.66,98393.34,98947.92,98928.17,98303.26,100243.20,98820.83,99038.36,98679.76,99429.24,98515.99,100347.13,99298.98,99205.76,99714.69,99343.16,99419.47,98760.34,99644.06,99371.89,99512.91,99244.76,98720.36,99240.25,98704.44,98776.07,99625.36,98781.05,99153.51,99183.05,98662.12,99204.04,99747.73,98799.62,98989.70,100150.59,99443.43,98980.55,99355.93,99844.86,99351.51,99709.98,98701.77,98766.25,98467.62,99177.23,98972.62,99192.58,98822.98,98818.28,98680.42,98936.28,98908.92,98976.28,98888.92,100542.46
census1990_20000_4.csv,4,18.2966,100.00,197574.75,197637.44,4250.00,0.18,366.41,4.00,0.010000,4991.50,4997.50,5037.50,4973.50,obj,219326.46,206280.20,204136.29,200371.13,197675.96,197406.57,197214.02,198584.01,199195.86,199677.85,199174.45,198452.09,197645.68,197167.01,197350.50,197257.44,196950.77,197163.37,196260.33,196378.86,195773.21,195357.99,195622.43,195613.59,195625.74,195419.02,195345.14,194739.89,195500.89,195043.58,195155.70,194838.01,194892.06,194696.34,194736.93,194754.42,194709.23,194857.05,195229.38,194721.49,194518.87,193862.69,193855.63,193789.49,193418.75,193545.48,193227.36,193647.80,193612.22,193202.34,193699.90,192891.06,193680.71,193432.61,193477.67,193587.36,193362.39,194419.13,193894.33,194342.58,194006.83,195067.02,196242.27,196954.51,197301.64,197396.72,197047.87,197263.50,197282.85,197144.51,197519.39,197750.79,197755.55,197372.25,197292.98,197344.42,197559.71,197628.96,197024.69,197259.11,197004.19,197155.15,197262.32,197129.67,196988.72,197225.25,196711.94,197207.18,197088.85,197286.21,197118.17,197881.06,197200.85,197086.49,197243.14,197166.77,197837.89,197347.18,197405.01,197637.44
census1990_50000_4.csv,4,46.4199,100.00,464251.12,464288.91,994.11,0.43,11910.72,4.00,0.010000,12504.00,12495.00,12493.00,12508.00,obj,518179.98,494365.88,492287.00,491460.18,491446.31,491679.17,490849.62,490728.30,490342.84,489180.57,489612.83,489935.21,489547.99,489168.11,488924.77,488102.26,486064.88,485343.72,484007.85,483262.94,482684.79,481236.90,480784.44,480597.36,479973.39,480002.61,479297.88,478494.81,478018.29,478115.11,478562.33,478237.67,477462.39,477596.30,477959.49,476851.69,476230.10,476620.31,475520.58,475801.76,474975.33,474853.77,474564.70,475663.10,474675.62,475552.87,474675.55,473778.49,474116.92,473666.56,473889.31,473275.35,473974.93,472636.95,473611.22,471681.54,472383.00,472465.45,471974.65,472568.22,471569.60,471302.87,470774.51,471352.30,470642.88,470930.54,470578.55,470432.89,470677.72,470068.00,469897.22,470352.22,469375.99,469006.17,468477.81,467983.70,467598.58,468013.64,467829.65,467775.08,467278.27,468684.29,467291.46,466506.87,467717.59,467333.33,467070.84,467198.85,467866.15,467150.53,466599.14,466009.35,466308.82,466345.27,466256.45,466012.54,465366.48,465046.99,464663.64,464288.91
census1990_100000_4.csv,4,95.2341,100.00,979118.35,979059.67,416.00,0.19,11379.65,4.00,0.010000,25031.50,24999.00,24979.50,24990.00,obj,1063702.33,994884.73,984218.99,983518.99,984010.35,984006.27,982114.75,982936.92,982692.61,984278.38,986273.59,986694.07,989075.32,989200.80,989412.49,990275.44,990913.86,991572.55,992241.49,994248.38,995095.58,996192.60,998740.84,999295.22,1000142.83,1004877.77,1005226.51,1003462.82,1001988.10,996549.97,997968.05,997193.29,998410.40,997032.79,996466.94,995755.09,995420.25,993113.72,993028.63,992671.91,993879.99,992399.66,992117.41,991895.90,991329.21,991784.85,991408.44,990990.56,990437.75,989837.77,990592.11,988952.02,989412.01,990795.01,989369.56,988387.70,988858.95,988432.44,987723.28,988905.66,987771.47,988255.69,988242.25,988219.49,988558.58,987926.31,987440.99,987981.45,986637.67,987455.41,986562.96,985316.66,984675.30,985501.77,986174.26,985721.63,983561.13,982872.26,983302.21,982271.61,982557.34,983763.16,982500.67,982885.66,983487.18,981807.96,981320.85,981569.38,981192.74,980416.92,982483.04,981556.35,980833.00,979359.26,979704.73,978761.80,979522.91,979517.99,979997.40,979059.67
census1990_200000_4.csv,4,217.2788,100.00,1912949.27,1912974.46,13730.00,3.06,1937.47,4.00,0.010000,49994.50,49966.00,49985.00,50054.50,obj,2050134.93,2014008.82,1982961.40,1957016.71,1932981.41,1926851.78,1926014.40,1925228.30,1924082.68,1925127.93,1925238.18,1923856.37,1922615.96,1920753.56,1921216.94,1920999.98,1921839.41,1919137.72,1919571.20,1919185.93,1918367.12,1921017.71,1924035.73,1921579.91,1919680.57,1918524.48,1918881.44,1918711.33,1916883.87,1915653.20,1915256.35,1914577.47,1914277.28,1915465.32,1912539.07,1910562.60,1910549.65,1909275.30,1908309.35,1909398.02,1906817.94,1905146.83,1904470.46,1903338.42,1902080.04,1900614.09,1902353.05,1899222.92,1899909.38,1900449.92,1900795.34,1899222.98,1901931.29,1898402.76,1898870.69,1900442.77,1899593.81,1898986.58,1898499.53,1899045.29,1898306.51,1899160.19,1898691.76,1897784.79,1896682.80,1898815.32,1898553.77,1899205.71,1899664.38,1899243.82,1901180.16,1900911.99,1902351.38,1903552.88,1900953.12,1903059.52,1903402.65,1905210.03,1907611.48,1905410.48,1909905.27,1909896.55,1912517.23,1913353.18,1915585.02,1914038.93,1913120.91,1916281.45,1914728.63,1914397.00,1913060.80,1912569.38,1915947.17,1914139.58,1914299.71,1914379.72,1914366.83,1914325.26,1914155.61,1912974.46
hmda_10000_4.csv,4,8.5744,100.00,26341.96,26151.90,8333.00,0.12,1705.03,4.00,0.001000,2760.00,2442.50,2339.00,2458.50,obj,30214.28,26784.62,26920.39,26304.71,25562.34,25628.86,25312.83,25505.70,25428.49,25657.80,25851.68,26111.71,25924.14,25883.38,25529.24,25834.00,25772.65,25921.16,25903.37,25907.54,26009.18,25924.63,25842.19,25737.34,25643.75,25824.36,25859.62,25659.40,26015.35,25733.36,25845.30,25902.68,26189.19,25574.80,25849.43,25655.70,26031.98,25798.21,25683.41,26020.93,25762.91,25950.97,26044.90,25773.67,25678.22,25860.47,25819.88,25742.32,25984.29,25743.65,25926.04,25755.83,25885.92,25728.68,25858.07,25814.25,25789.04,25587.92,25981.84,25754.32,25697.14,25794.73,25724.43,25949.85,25860.45,25547.61,25876.78,25922.60,25813.87,25714.56,26151.91,25766.29,25622.51,25569.08,25763.87,25866.10,25675.77,25603.00,25865.09,25967.67,25867.90,25800.36,25775.06,25841.83,25817.42,25708.73,25699.47,25708.30,25684.73,25833.06,26019.47,25759.14,25988.39,25527.11,25710.30,25621.20,25590.30,25752.04,25753.10,26151.90
hmda_10000_4.csv,4,8.6286,100.00,27130.77,27204.90,20201.00,0.08,3666.16,4.00,0.005000,2519.00,2451.50,2476.50,2553.00,obj,34754.31,31761.05,30395.29,29923.71,29151.74,29057.49,29041.22,29200.57,29343.79,29261.94,28935.32,29320.03,29415.22,29127.03,28826.21,28706.62,29221.18,29078.27,28778.33,28810.36,28957.51,29379.05,28825.77,28687.37,28371.17,28260.02,28457.65,28173.84,28003.34,27991.15,28009.17,28109.49,28047.39,27879.59,27876.91,27645.62,27747.93,27778.69,27726.07,27953.47,27843.58,28538.90,27858.65,27600.09,27471.41,27258.75,27668.59,27055.03,27478.97,27033.14,27019.49,27101.11,26945.27,27238.80,26885.37,27181.21,27135.17,26975.44,27263.08,27248.76,27496.31,27251.87,26832.85,26708.58,26906.88,27031.14,27115.22,26966.16,27361.37,27134.59,27275.51,27009.55,26992.11,26815.37,26964.58,26997.01,26745.52,26806.94,26874.33,27148.23,27315.61,27038.56,26934.70,27046.73,26771.53,26768.62,26828.34,26803.91,26659.81,26795.71,27054.18,26688.35,26924.94,26792.51,26841.64,26866.24,26635.01,26740.61,26883.28,27204.90
hmda_10000_4.csv,4,8.9747,100.00,38519.04,42057.17,240181.00,0.12,1864.22,4.00,0.010000,2448.00,2661.00,2526.00,2365.00,obj,35544.57,35777.12,36553.67,37321.97,38875.77,38154.21,37492.32,38471.81,38143.55,40418.67,39326.81,39992.22,39605.34,39804.43,38266.66,38401.69,41943.33,38492.77,38437.03,38260.21,39691.78,42500.84,40068.22,39104.92,39760.53,39529.68,40250.66,38310.71,37948.88,47397.07,40726.97,39472.64,39056.30,39207.55,38729.81,40993.11,38663.91,39101.12,39273.58,41842.44,40133.79,41229.14,40787.14,39197.47,39043.13,38857.20,40396.46,38166.01,40227.08,39024.10,39546.23,38799.13,39196.59,39324.83,39630.58,39225.70,39559.50,38724.66,39105.32,39017.40,38466.70,42200.82,40532.15,39937.55,39136.67,39157.98,38976.46,39419.44,40122.96,39770.28,39171.67,39470.16,39225.64,38774.06,39492.59,39341.52,39504.70,39823.66,39058.07,38662.52,38718.31,40070.15,41192.35,38791.71,40588.98,39802.38,38850.34,40711.59,38772.47,39097.66,39148.83,39609.68,39379.36,38324.59,39520.58,38657.83,38597.03,39752.92,38305.84,42057.17
hmda_10000_4.csv,4,9.1089,100.00,39980.75,48977.01,245017.00,0.01,12062.41,4.00,0.020000,2569.00,2504.50,2619.50,2307.00,obj,39398.14,40473.12,46924.43,43317.81,40404.32,38987.36,44565.84,38731.36,39784.38,48162.37,41838.30,40541.34,39968.60,41631.94,40631.36,40943.03,40373.71,40138.54,42032.78,45447.85,44015.60,44960.85,39781.23,40876.24,41950.42,45342.63,39663.25,40809.36,40477.06,41216.12,40321.68,41704.86,39960.09,41593.39,39912.78,40522.53,40861.43,42266.09,43083.19,41999.63,41191.98,42428.30,40978.57,39386.50,41261.22,44145.55,40789.92,40899.90,44965.18,40394.49,41566.37,40758.68,40512.89,44111.86,40735.69,42337.48,40401.44,40392.76,43464.00,40616.46,42082.85,39867.11,42838.99,44172.71,44824.31,39900.32,54784.05,39780.35,39106.35,40546.71,45073.39,40988.30,40405.37,40457.25,42074.82,41281.39,45245.10,43711.99,39908.98,40383.20,40178.89,40744.83,41623.31,41258.62,43845.50,45711.16,42188.88,41712.30,40052.12,41612.40,40062.53,41887.98,42180.42,41489.39,41986.56,41464.80,40196.42,41867.91,41140.18,48977.01
hmda_10000_4.csv,4,9.1400,100.00,39989.91,41648.43,27437.00,0.03,4008.84,4.00,0.050000,2593.00,2476.00,2398.00,2533.00,obj,53680.88,46998.45,41689.94,57139.85,89014.14,34216.94,46403.55,49955.70,45320.08,41322.47,40176.73,44525.05,76845.72,39672.79,40505.01,40080.50,44216.63,42999.78,39613.10,41518.50,59235.64,49633.47,45329.76,42730.80,36779.31,44998.46,55739.98,48135.04,55899.51,39454.36,44554.72,50224.01,46068.26,54431.81,39358.16,40091.45,73485.43,37647.01,46961.64,66011.14,40851.58,43494.47,40419.02,56321.80,37096.50,48746.81,40838.25,40603.59,43140.13,42418.23,43234.79,42430.82,48293.95,48487.00,50718.18,38662.24,39534.03,63282.63,38007.56,51699.50,46103.89,42067.95,40199.31,42250.07,48577.71,40901.95,41943.73,41476.28,43210.02,39168.32,40727.38,46676.77,60232.32,53738.12,41431.68,57817.60,38543.40,44631.62,42037.31,54501.50,40196.47,50091.83,38285.33,45858.19,39642.08,54301.62,39494.29,44560.02,41382.96,46187.06,59381.55,52666.93,37355.43,37553.67,45149.25,39908.72,42801.68,39116.13,58995.60,41648.43
hmda_10000_4.csv,4,9.1689,100.00,39985.86,43364.11,7501.00,0.06,5124.08,4.00,0.100000,2652.00,2570.50,2240.50,2537.00,obj,69553.15,55677.80,39922.30,40693.18,43656.35,46766.12,71916.61,64712.15,37745.27,38263.76,69514.53,42231.26,42007.12,42077.93,51293.01,44380.45,47102.01,37142.10,60191.93,77737.47,41544.65,56680.52,61687.69,33082.95,37710.72,41655.62,70440.43,61887.95,44137.68,51404.99,37850.01,40324.59,59255.25,45563.36,47776.96,41198.10,44000.37,91518.85,48639.60,68173.73,40474.62,45659.47,57257.36,52850.60,36686.48,51857.96,43598.34,50205.93,44889.96,39785.71,49584.58,43930.80,50670.73,48242.24,35648.13,108637.60,39829.37,40439.79,45132.78,79397.60,46370.88,39221.69,39341.57,42715.27,52089.82,67588.68,52544.64,39454.72,44259.67,42530.00,56506.69,42341.47,64249.07,46159.24,38419.86,39025.12,49097.88,48207.83,50325.99,61525.84,75554.58,54373.56,45531.63,52118.64,39715.74,62765.55,43463.89,48117.83,39137.71,74817.75,46189.44,83726.42,46627.59,40698.48,40614.02,61977.18,38812.88,39684.24,41587.14,43364.11
hmda_10000_4.csv,4,9.1672,100.00,39986.67,57530.26,73165.00,0.04,7364.46,4.00,0.200000,2513.50,2429.50,2425.00,2632.00,obj,96299.57,106939.88,32162.75,67925.91,87935.34,29855.88,37812.41,40120.91,105081.83,40465.81,40986.29,126274.58,41026.06,39622.97,54134.86,47121.87,99092.14,42258.55,53027.51,39790.21,92799.51,44625.66,40176.14,43706.43,44376.72,45873.15,67886.58,54371.82,41065.62,120942.76,67679.07,125893.72,48984.24,146431.76,85079.88,53652.09,149452.47,32752.02,45605.46,161427.45,45508.14,41849.02,44446.99,49731.90,36313.40,52308.22,41976.07,43267.88,80994.67,41120.33,52969.59,53058.51,41496.56,52952.01,41597.22,40288.83,88802.99,68268.26,68501.01,47008.86,41640.98,73844.88,53100.81,46554.51,54795.44,140994.02,52884.60,53865.78,98147.58,43240.36,70310.96,72221.81,78530.13,53836.28,81855.88,140699.77,51349.79,45595.04,47566.87,62028.59,41114.12,57418.80,45172.72,64492.36,45828.94,46998.54,50258.26,46908.73,100766.47,42571.09,58406.54,37125.11,44320.72,136854.56,80123.55,43833.68,37328.20,64470.36,46084.48,57530.26
hmda_10000_4.csv,4,9.1850,100.00,39984.08,57964.17,20025.00,0.02,8754.81,4.00,0.300000,2445.50,2470.50,2578.00,2506.00,obj,123451.60,143864.69,27976.08,77487.97,97342.31,20911.78,43777.66,45835.76,48004.77,45194.60,117670.89,129474.07,33294.17,52894.55,41655.83,68879.36,49331.16,42053.05,47874.37,36421.51,106982.48,190225.84,38758.15,53112.45,58156.86,45218.86,38877.80,100964.11,42357.19,47419.17,144671.12,57498.46,57174.41,64178.66,47970.05,52796.60,55380.20,25165.38,73266.05,286630.55,171529.19,21952.96,29299.78,33695.51,43979.63,68858.72,113815.04,91304.39,62459.04,63541.70,47360.75,43618.34,48383.82,90414.26,31922.86,141156.98,58475.99,42718.13,97764.28,153224.47,34618.46,89207.15,78654.58,66363.16,67083.90,126290.34,47068.56,69715.57,133095.15,42405.35,74481.25,33514.94,164076.29,68528.90,73442.48,34086.37,64150.27,74956.66,75546.47,47829.67,91140.99,52031.46,39812.47,61021.84,89695.07,244097.56,46343.30,73291.79,49803.71,94516.02,40904.63,74868.20,103223.64,60265.62,40633.89,67535.22,33096.94,104994.82,42902.87,57964.17
hmda_20000_4.csv,4,17.3448,100.00,50614.30,51318.71,40484.00,0.02,2590.38,4.00,0.001000,5009.50,5029.00,5066.50,4895.00,obj,60810.97,58570.12,57077.47,51024.04,49976.96,50446.88,50909.55,50787.36,50401.43,51053.02,51178.84,50580.09,51009.35,50941.89,50099.77,51060.74,51223.31,49841.29,51512.13,50601.12,50954.78,50620.60,50352.74,51225.86,50576.35,50957.04,50702.30,50585.06,50662.98,50439.51,49893.56,51306.74,51427.66,49799.13,51149.98,50966.71,51455.61,49659.44,51226.78,50607.61,51275.44,50979.01,49721.32,51006.11,50554.54,50251.43,50483.33,49762.47,51170.12,50066.39,51132.30,51266.15,49863.13,51508.29,50799.57,51083.88,50588.48,50711.49,50789.97,49845.98,51340.71,50724.87,50906.38,49780.02,50402.10,50856.63,50378.92,50554.11,50713.06,50874.31,50724.82,51265.00,50597.25,50842.25,50090.44,51451.35,50706.04,50746.32,51413.55,49766.45,51287.85,50486.65,50553.33,50511.11,50776.37,50992.52,49522.57,50900.64,51414.38,49874.22,50965.26,51070.92,50554.06,51362.24,50545.91,50315.33,50683.63,50723.17,50109.64,51318.71
hmda_20000_4.csv,4,17.6768,100.00,59728.46,59779.51,1466.00,0.14,1112.78,4.00,0.005000,5014.50,5036.50,4968.50,4980.50,obj,62648.21,61052.34,60193.68,60500.20,60115.13,60074.99,60541.44,59631.14,60177.43,60455.29,60124.78,59907.42,60198.61,60067.29,60173.21,59814.27,59867.51,59840.58,59708.01,59821.23,59837.59,59692.07,59781.35,59425.83,59642.28,59537.37,59366.17,59773.56,59770.62,59720.99,59364.82,59494.90,59530.83,59463.24,60053.06,59837.49,59705.93,59814.17,59765.93,59801.40,60021.66,59704.06,59643.83,59508.45,59785.32,59752.89,59517.35,59780.38,59681.70,59705.17,59585.15,59694.83,59469.22,59668.65,59188.44,59254.40,59487.66,59174.01,59033.13,59033.02,59171.48,59431.16,59168.73,59597.54,59320.27,59286.45,59385.88,59513.18,59467.17,59435.65,59411.15,59539.60,59485.03,59405.26,59509.14,59397.71,59267.78,59164.99,59826.69,59551.42,59910.88,59613.70,59232.56,59406.14,59349.57,59296.02,59474.45,59279.61,59410.64,59278.49,59464.91,59454.11,59166.86,59619.66,59335.62,59295.53,59615.29,59592.55,59772.86,59779.51
hmda_20000_4.csv,4,18.3447,100.00,77663.62,78157.68,20402.00,0.05,2976.12,4.00,0.010000,5031.00,5041.50,4992.00,4935.50,obj,63107.10,63356.99,65576.29,68210.38,69341.99,71397.18,71677.60,74210.01,74484.42,74613.99,75382.67,78080.00,77226.69,76035.42,75426.39,75961.50,76851.79,76891.04,74784.50,77011.98,75360.92,77007.24,76140.43,76796.70,74986.61,78872.61,75773.23,75475.99,74936.32,76008.91,74994.53,75073.35,74703.17,74953.02,75140.85,75052.74,74573.94,74498.73,74830.68,74589.40,78113.30,74627.84,76067.25,74406.24,76542.38,75908.61,76200.88,75690.13,75565.20,75700.31,77674.63,79002.00,77126.91,77132.48,76463.03,77527.89,75510.78,75968.45,76328.82,76466.47,78842.91,77803.23,75974.32,76556.49,78702.80,78478.66,77629.03,77806.27,77285.73,77751.55,77540.99,78140.13,77806.27,79064.57,77574.23,77530.49,77725.73,77700.78,78930.73,78399.38,77944.37,78479.55,77445.99,77699.48,78371.43,77634.66,77571.41,79904.63,78656.26,77987.75,78809.52,78427.95,77600.53,78257.74,77596.83,77443.25,79325.59,78322.33,77485.81,78157.68
hmda_20000_4.csv,4,18.4805,100.00,79992.92,86625.60,148340.00,0.19,2381.43,4.00,0.020000,5039.00,4911.00,5096.00,4954.00,obj,73571.73,81130.45,80854.40,92987.16,83816.91,84423.16,81745.04,81787.60,81095.25,94399.19,83685.30,83706.18,90456.33,83559.28,81212.39,86707.30,80336.07,88363.84,85227.22,79748.21,96678.53,85978.60,91839.13,83835.64,80369.28,81854.20,86040.16,84144.29,80180.95,81609.81,80478.43,82080.38,83235.48,79857.75,82694.40,79776.82,81547.88,81091.45,81867.85,83475.62,79878.32,83904.26,81410.18,80777.96,79941.96,81976.94,84118.20,81270.84,80967.64,85066.10,82441.35,81929.25,81544.66,80920.66,88850.71,79129.14,81245.45,81591.38,80038.59,92280.29,80821.74,79237.13,82104.01,82121.70,79801.72,81995.35,80910.00,81369.54,83406.83,90662.37,82560.57,80739.08,82233.29,85267.90,85215.53,80368.91,83031.01,81929.54,81342.83,81898.07,79874.66,80297.67,90652.93,80048.65,80882.96,82739.19,82660.83,84188.83,82629.13,79857.78,80880.04,79512.09,85564.85,79060.71,82516.19,81681.06,82024.57,82962.82,80558.04,86625.60
hmda_20000_4.csv,4,18.1796,100.00,79986.64,100997.14,231410.00,0.09,8988.72,4.00,0.050000,4937.00,5099.00,5017.50,4946.50,obj,80720.40,91570.92,85235.86,82163.20,127033.16,90211.65,84156.05,85000.20,108568.27,89218.49,80302.83,108721.10,93561.60,85031.80,85714.53,85617.95,96310.86,82330.67,85691.47,80660.86,83284.28,107135.13,82032.23,87676.04,79873.49,81964.62,83700.60,84531.88,79879.46,82814.53,103333.40,98457.27,86032.06,86667.73,78728.62,90389.82,121141.31,77376.69,79164.62,81441.12,85968.12,81943.62,82420.00,84968.87,86979.73,82066.62,91649.14,86067.40,86088.22,86833.09,88175.11,80485.50,82010.35,85744.01,86673.51,87116.72,89198.53,83515.80,90254.72,82990.43,82301.93,81064.85,83184.24,80828.19,82354.59,88787.45,87784.28,79470.63,84575.91,79914.24,84002.07,84190.62,175011.81,79065.74,74956.85,82043.59,77516.18,94525.51,83204.22,84173.50,89124.10,107616.64,85807.09,88744.73,79091.03,81204.64,80201.57,84714.40,84141.92,84071.49,86904.67,84170.00,81508.49,81438.07,86837.03,90831.53,81283.89,81070.65,81355.90,100997.14
hmda_20000_4.csv,4,18.4727,100.00,79983.73,90606.58,42804.00,0.13,18184.18,4.00,0.100000,4962.50,5006.50,4975.00,5056.00,obj,83280.76,96146.80,80645.41,94855.18,86506.42,139422.88,85618.46,84857.82,102611.76,108518.76,137106.16,101913.38,84273.29,86885.41,99338.52,91362.27,90653.15,88659.85,85390.28,112955.31,92360.78,85625.55,105218.19,104113.08,79725.35,78999.04,100981.41,105334.83,84246.83,87121.52,79015.02,81898.05,154144.28,82800.52,85610.36,112429.68,82826.35,119615.55,79132.99,89156.95,96144.35,104818.63,98069.36,100762.76,94117.51,154621.89,80694.09,117666.08,93934.70,82590.98,111623.72,98606.06,91551.45,82462.10,79656.02,114244.20,76242.10,122056.84,92791.39,91293.93,84312.91,80363.87,82205.74,97746.42,127445.69,92431.84,98582.39,81432.67,82370.07,91188.60,86065.82,81649.37,79280.85,82691.08,90654.00,116219.11,113874.77,89626.37,92447.46,79062.28,90795.30,79419.33,86796.16,86993.38,85569.25,92206.77,86796.49,81293.58,87000.43,96493.45,80058.92,79870.96,101479.68,91239.39,82529.57,88912.36,80829.16,77741.66,84946.24,90606.58
hmda_20000_4.csv,4,18.4626,100.00,79986.69,252726.09,496170.00,0.05,242780.42,4.00,0.200000,5067.50,5023.50,5153.50,4755.50,obj,84115.91,108531.56,88247.85,165893.29,234029.89,87448.16,81554.86,94508.34,92850.40,77530.54,103127.46,104082.77,115359.11,117384.45,127145.58,107938.26,119209.12,196558.35,128999.46,126538.23,270555.99,128230.58,138023.33,108953.32,82088.27,129616.06,75492.50,132694.26,82906.60,111002.43,100440.00,101959.60,119223.67,113309.80,106554.24,111408.89,92565.40,171463.20,106898.37,96058.75,111141.06,129715.89,136413.51,69586.02,91548.14,92347.49,195249.58,107010.40,102086.69,167899.53,97189.96,131953.60,85343.84,106160.86,99117.70,115533.15,101067.18,129671.68,94392.25,73402.46,85899.45,77774.14,127428.45,102399.11,94197.50,130980.13,91317.25,73563.21,128877.93,96477.93,130335.58,69351.22,84068.34,83296.51,79205.91,124598.36,93521.46,81130.91,94308.07,113572.92,104933.89,83537.14,101952.05,90825.76,108987.47,101213.93,100977.69,83478.86,89732.91,82241.57,93083.47,91132.59,108956.94,76766.77,84928.89,80392.81,81077.73,110236.16,78645.57,252726.09
hmda_20000_4.csv,4,18.3999,100.00,79986.84,140475.84,84800.00,0.07,244.21,4.00,0.300000,5079.50,4977.00,4983.50,4960.00,obj,87309.55,95859.05,106378.15,91682.18,248453.02,83262.10,87240.91,123008.37,120307.00,89636.38,119924.89,155477.98,87423.50,90492.68,315437.59,86213.56,434360.46,126564.59,117166.43,116283.52,93925.38,154452.44,129853.00,100890.53,149477.27,123439.09,172294.09,82091.47,96072.77,117726.40,172646.07,83197.42,83104.27,114475.54,119361.32,172747.87,100723.57,63649.25,95192.20,93365.80,142985.65,81456.23,129964.09,192419.26,99996.85,283763.14,91407.15,99792.51,135934.56,257294.79,123857.67,159823.49,86578.18,104767.09,83721.66,100012.77,88410.80,133648.05,71865.06,116404.63,71444.00,108842.65,261299.24,102381.28,236871.82,160112.29,76356.88,88856.82,103961.59,291495.74,74688.76,99453.38,210896.54,86118.36,121222.25,98781.43,113263.88,78959.57,90044.64,129639.78,146835.73,91809.75,148005.31,176145.94,102545.85,120119.34,95727.98,83625.00,85391.11,78219.06,180550.52,80982.11,140432.03,81651.43,78029.60,84114.03,89786.45,99271.75,110729.14,140475.84
hmda_50000_4.csv,4,45.5038,100.00,144000.37,144000.37,86301.16,0.25,2570.13,4.00,0.001000,12615.00,12505.00,12517.50,12362.50,obj,159736.39,154524.95,147174.19,142421.11,141171.30,141657.37,139652.87,139006.79,138606.53,138340.92,139002.33,139064.01,139755.99,140722.51,141905.70,143195.30,144069.81,143714.27,144476.94,144362.40,144269.49,144349.75,144218.77,144374.00,144324.37,144062.33,144051.62,144694.47,144475.90,144310.07,144412.80,144416.70,144384.87,144290.44,144453.39,144358.77,144313.97,144222.13,144308.25,144186.57,144375.92,144126.99,144404.72,144338.91,144345.31,144436.35,144381.33,144333.31,144188.22,144295.18,144395.49,144513.98,144384.93,144192.77,144249.75,144543.63,144317.21,144197.41,144354.39,144306.99,144139.92,144158.65,144191.02,144314.93,144403.92,144381.16,144205.80,144047.47,144154.25,144560.17,144110.06,144425.06,144339.14,144608.98,144358.25,144276.85,144354.81,144390.28,144401.02,144137.37,144499.38,144387.97,144235.32,144149.52,144435.03,144194.81,144613.56,144112.66,144606.37,144378.19,144299.49,144073.35,144526.66,144512.24,144386.62,144266.54,144364.04,144279.32,144434.94,144000.37
hmda_50000_4.csv,4,44.3314,100.00,156885.61,157020.28,10172.23,0.74,9479.70,4.00,0.005000,12520.50,12467.50,12558.50,12453.50,obj,162310.44,160682.24,160462.19,160125.58,159925.33,160206.89,160786.66,160553.41,159857.94,159176.10,159196.47,158648.29,158427.44,158406.58,158481.99,158212.87,157776.65,157648.81,157491.17,157253.40,156958.26,157072.64,156944.26,156927.29,156839.10,156205.79,156487.55,157008.26,157051.90,156336.57,155829.34,156421.03,156175.06,156324.62,156198.99,156648.97,157154.28,156591.70,156131.97,156309.42,156692.43,156400.78,156629.90,156938.15,156686.80,156664.66,156530.86,156790.57,157272.85,156707.30,156809.23,157755.11,156882.34,157503.73,156562.18,157109.62,156841.96,156874.62,156855.33,156667.89,156636.01,156752.83,156257.04,156197.38,156335.56,156828.35,157321.24,157338.89,157067.36,156411.65,156638.85,156544.48,156577.72,157354.46,156796.26,156575.54,156331.56,156819.10,156377.60,156988.26,157304.68,157096.02,157048.27,157872.25,156561.96,157040.92,157336.54,156423.86,156675.79,156939.13,156758.80,156552.43,156813.98,156680.67,156235.45,156791.73,157301.74,156808.01,156477.93,157020.28
hmda_50000_4.csv,4,45.9250,100.00,194349.53,194425.43,27785.00,0.31,8260.54,4.00,0.010000,12556.50,12425.50,12576.50,12441.50,obj,163797.10,163996.51,170170.57,176673.26,184902.10,189295.11,193149.06,193682.09,192739.25,192660.26,192805.34,193363.60,193165.50,193742.30,193272.98,192942.31,193773.02,193313.16,194303.73,195345.99,193487.67,193801.84,193488.97,193984.69,194853.50,193836.91,195660.54,194269.32,193462.47,194945.83,195149.12,193914.89,194066.03,193987.78,193956.05,194198.96,194016.64,194119.79,194308.87,194538.29,196221.89,194170.63,193891.26,194454.04,194529.38,194034.07,194386.86,193199.47,194110.33,195194.13,196995.49,194036.13,194704.65,193806.47,195603.39,194778.94,193408.53,193915.10,195664.99,195702.68,195875.25,193836.87,193756.63,193506.84,193441.33,195971.59,193333.90,193319.53,194140.51,194125.42,196457.44,193158.04,192858.88,193797.79,192892.18,193305.06,193362.04,193478.94,193393.97,194271.24,194094.43,193583.34,193400.31,194224.64,193176.07,193558.41,193728.17,195387.58,194509.16,192729.95,192962.97,194907.66,193806.84,193552.25,193972.72,194583.41,194126.30,195045.39,194208.47,194425.43
hmda_50000_4.csv,4,45.8699,100.00,199991.23,202192.64,35641.00,0.23,1718.56,4.00,0.020000,12488.00,12451.00,12459.00,12602.00,obj,188583.04,197626.99,200131.88,200064.30,200873.04,200274.06,199986.38,199990.27,200889.33,200254.48,202312.05,201189.82,199786.97,200611.06,199873.73,206503.91,201375.98,203751.43,202366.98,203332.62,200131.83,200786.77,199873.39,203970.75,201126.94,199592.57,199983.90,204381.34,200001.79,200907.74,202556.90,200466.99,204328.44,200649.65,202227.99,203168.60,200351.43,201287.62,200141.82,200727.91,202774.98,200295.40,206236.20,200595.96,201771.56,201011.03,200862.83,199936.43,200894.01,200264.54,199772.40,200067.99,200937.82,201416.72,199951.95,201312.45,202831.28,202744.99,201063.39,199921.68,204473.97,201771.09,200406.91,202306.04,201406.29,202049.36,199883.81,200974.71,200305.04,203572.38,199515.39,200238.02,199652.37,207444.43,202831.47,199863.71,202162.42,202706.70,199374.67,200167.36,198916.08,202700.41,199749.07,199128.73,199885.70,200637.99,203786.45,200226.87,201861.53,199632.92,202412.79,199321.44,200520.60,201706.65,202059.56,200291.38,201859.11,200288.30,201090.34,202192.64
hmda_50000_4.csv,4,45.9597,100.00,199990.25,203112.92,27557.00,0.15,1344.95,4.00,0.050000,12504.00,12403.50,12497.00,12595.50,obj,199136.59,200250.00,206686.37,201906.95,203973.10,212378.67,199599.71,206756.14,199799.30,200833.90,202429.27,202258.73,203505.52,201048.35,223514.77,199832.18,198262.06,201849.91,199795.77,201048.21,202428.84,202408.49,204207.86,198983.35,205870.15,212190.74,203831.63,203787.34,203019.78,200024.20,211620.95,210493.69,200345.66,199403.59,211609.23,203383.39,216921.68,210365.94,200561.24,200146.15,202180.98,202959.14,205310.15,199384.74,200382.35,204070.75,201609.87,206277.08,200631.98,210015.47,209264.14,208947.52,198377.47,201858.65,199822.78,204994.78,210848.70,209183.41,199955.81,199871.41,208942.87,197483.27,199275.78,204398.03,217461.33,201331.37,205986.30,203679.60,197888.79,199895.68,200917.61,216472.77,205076.77,207147.05,197737.35,205192.74,198624.54,200227.27,210092.64,207121.86,199103.14,200847.36,199752.36,200826.45,204693.34,201706.67,203522.58,202534.19,203618.08,201555.69,213013.13,206197.40,200189.50,201946.46,206313.10,204823.15,203442.24,199352.96,200146.27,203112.92
hmda_50000_4.csv,4,46.1535,100.00,199990.82,208485.31,70638.62,0.05,12015.16,4.00,0.100000,12493.00,12438.50,12501.50,12567.00,obj,199894.68,204704.50,205587.81,209408.39,211980.96,200242.23,200474.14,237758.02,207204.75,202866.99,199663.56,199560.67,206615.47,199767.94,201285.67,203122.96,210815.88,199777.44,205615.94,205127.43,205375.69,217382.41,211695.91,198660.54,199021.55,206129.46,201418.17,233989.00,209205.69,201459.00,220457.37,203331.71,212398.79,202637.59,209438.50,206547.01,226132.83,200774.23,215433.93,210779.81,211420.22,200203.98,204388.22,219278.39,202791.24,199084.53,227455.59,208119.32,210211.24,205719.58,232061.36,197753.43,201503.74,213961.83,241531.91,259469.91,193131.33,235030.34,194865.70,229177.72,220198.07,214784.41,215127.36,201128.16,198456.12,218264.71,199046.33,197975.05,253418.01,216581.60,206552.06,225388.68,209831.94,210846.28,197393.13,229779.00,199817.70,194382.29,206554.08,227372.04,204619.35,218105.78,211403.68,216492.19,193619.79,198258.21,199802.32,212130.99,203410.17,210750.19,194854.32,201101.77,204223.24,209259.26,198143.39,195623.73,196687.26,203951.22,208430.17,208485.31
hmda_50000_4.csv,4,46.3317,100.00,199986.26,221234.88,29581.00,0.02,13036.59,4.00,0.200000,12612.50,12486.50,12423.50,12477.50,obj,221407.41,205494.11,211731.58,204885.85,210462.34,204091.79,226930.62,277415.30,216545.34,210617.78,194982.42,212775.12,202062.20,217617.14,214332.81,216307.78,212504.06,274541.26,230971.98,212740.47,210977.39,230933.38,273125.52,220949.22,280000.84,212355.65,203864.76,204024.34,216612.06,223958.46,247300.98,215286.97,216302.84,211967.59,215379.95,229479.36,198690.36,260045.31,205892.95,224845.17,200284.48,219198.11,212202.56,223854.00,212149.31,211624.21,208919.17,200234.29,203776.84,202776.09,210370.90,221619.37,217123.07,232711.02,260001.14,206247.92,216483.50,244266.72,209088.48,201441.50,235884.62,201312.44,226447.95,217946.61,201755.90,249025.39,188784.96,206426.00,246486.83,191122.22,215817.76,211201.92,193931.56,204147.86,206164.60,196279.53,239666.59,208733.61,204869.24,229683.41,200712.12,196908.18,200623.21,198860.65,305922.57,240512.03,219389.16,182074.33,231708.06,228944.02,203265.41,202256.70,228775.34,193825.62,201801.82,203451.77,200159.75,209075.25,234574.07,221234.88
hmda_50000_4.csv,4,46.5609,100.00,199990.05,300285.47,260401.00,0.32,136750.38,4.00,0.300000,12522.50,12636.50,12513.50,12327.50,obj,232065.74,206236.16,232689.45,208563.74,208653.34,235954.04,208070.87,245919.19,216812.58,249733.17,247625.64,201249.23,206415.24,266517.98,322768.85,215562.23,216460.27,214189.98,232071.20,203859.04,255963.62,207951.02,255729.67,275389.11,368916.67,195968.49,209919.52,195352.69,200066.22,379788.18,198080.11,224358.71,223209.67,220408.54,203190.90,217238.70,206051.54,250742.28,199135.44,199203.32,216104.15,204123.97,272365.13,191412.25,238216.33,194547.40,248661.78,194529.12,207841.01,243212.20,296922.50,301562.36,199205.15,193573.29,244286.05,205511.27,287362.59,221091.22,264445.65,278596.86,196808.85,225983.68,222531.16,195866.75,208440.84,205023.36,203143.89,285599.89,196707.92,214293.22,451023.05,199211.67,191990.86,196849.29,244886.69,219404.82,214855.54,202021.30,204507.66,214758.74,197648.73,201794.04,254257.82,280421.44,191010.92,193062.71,316461.84,202830.55,187613.19,193786.34,205297.80,197210.45,230156.26,202694.52,280389.08,207137.03,214711.66,232259.17,203699.98,300285.47
hmda_100000_4.csv,4,91.5306,100.00,273283.21,273431.10,1802.00,2.47,43090.03,4.00,0.001000,25052.50,24984.50,24977.50,24985.50,obj,351358.33,328267.59,306765.05,306404.45,303119.97,298086.56,294833.54,290612.85,289214.16,287484.67,286255.40,285291.03,283489.94,282626.22,281777.75,280982.06,279641.88,279962.99,279511.26,278655.95,277700.46,278776.66,278926.46,277615.42,279088.47,278852.48,280367.94,281808.50,279315.44,277932.98,277739.29,277117.97,277273.22,277178.31,276700.33,277178.49,277681.36,277838.22,278456.59,278763.94,278604.48,278964.49,279685.94,279605.25,278832.90,278549.00,278204.12,276547.77,272781.74,274303.76,273947.88,272733.13,272939.91,272825.18,272753.40,273049.69,271927.28,272858.66,273189.00,273214.20,272504.44,272292.65,272758.11,272766.02,273137.53,272589.58,273506.15,272919.51,273022.18,273465.00,272667.23,273068.93,273450.87,272639.38,273318.44,272402.08,272780.68,272790.12,273479.67,272634.01,272935.22,272699.57,272636.80,272835.86,273224.04,272812.63,272986.76,273287.76,273073.34,273118.47,273275.99,272809.72,272926.60,272823.75,272931.41,272420.62,272869.82,273157.54,273249.65,273431.10
hmda_100000_4.csv,4,93.4931,100.00,328191.79,328190.03,1808.00,0.26,17074.68,4.00,0.005000,25010.00,24995.50,24994.50,25000.00,obj,371298.47,363357.17,354554.41,349943.11,349325.68,345548.25,341249.88,340933.52,342132.83,342771.66,341310.45,341333.13,342212.61,341632.39,341348.23,341053.82,340852.01,341918.29,341584.92,342304.18,341904.34,341701.36,342165.89,342153.67,342476.54,342734.87,342280.56,341329.77,340505.43,341886.56,339991.35,340643.98,340431.18,340287.90,340702.93,340192.93,339936.10,340674.49,339589.87,339560.45,338667.73,338372.25,338751.81,338561.70,337979.29,338321.87,337994.41,339376.02,339827.03,340488.63,340613.08,339355.72,338379.39,339163.89,338542.78,338611.09,337515.78,337785.85,337504.79,337877.31,337154.40,337530.43,336582.36,336643.06,337868.66,337606.50,337876.47,338954.74,337438.04,337532.20,336276.49,336419.74,336693.75,334886.94,335376.54,334115.88,334620.49,335349.65,334951.08,334843.77,336673.12,335067.44,334050.69,335054.13,333681.18,333420.71,333496.91,333549.58,332518.83,331247.49,328621.83,330215.32,328803.56,329674.83,330578.50,329669.80,330327.25,330068.89,328629.06,328190.03
hmda_100000_4.csv,4,95.3726,100.00,399982.03,403911.50,174760.00,0.33,6301.45,4.00,0.010000,25160.00,24989.00,25034.00,24817.00,obj,374225.22,381999.36,382787.87,384300.02,385066.32,385572.65,386284.64,387435.21,389085.87,391828.17,393011.86,394382.00,394758.91,395862.16,395756.67,395570.25,395841.98,396061.65,396874.90,397662.53,399039.95,399627.61,400109.26,399963.82,400752.60,400030.52,400080.18,400149.22,399960.38,400398.35,401065.87,401729.38,400223.98,400858.28,400500.53,400068.56,400223.84,400520.77,400212.86,400805.99,400471.12,399982.16,404872.71,400241.52,400953.49,402523.58,401046.30,400054.59,399999.08,400437.75,401629.26,399937.84,400142.33,401169.68,400534.51,403495.62,400722.99,400151.42,400072.99,400731.01,400351.36,400165.35,399813.37,400291.52,400761.33,401793.83,400043.31,400208.73,400124.27,401060.89,401126.32,400049.88,400543.05,400069.52,400524.44,400063.55,401207.04,400066.61,400500.59,400333.81,400166.52,400587.93,400031.96,400619.16,400359.03,402862.13,399973.08,400576.10,400503.76,400775.40,400502.65,400770.25,399942.41,400039.13,400970.15,400961.43,399957.90,401488.26,400780.93,403911.50
hmda_100000_4.csv,4,95.0337,100.00,399982.73,401790.01,35876.00,0.53,2050.43,4.00,0.020000,24860.50,24930.50,25096.00,25113.00,obj,389461.66,396900.58,400002.72,409239.74,399584.46,399892.80,400972.90,399643.78,407573.19,403363.01,400127.04,400534.09,402057.51,401581.18,401676.86,399785.56,403550.88,400364.99,401406.00,404312.37,399986.02,401608.06,399980.33,403564.50,404105.93,400157.68,399854.45,399907.18,400428.54,400299.80,402873.75,400648.50,400473.00,400576.07,402009.84,400129.35,401409.81,403016.62,401492.66,401731.14,402165.93,401645.91,400351.46,405377.34,405914.06,402655.91,401237.76,402299.88,399774.67,403505.21,399698.37,401109.40,402675.20,402906.05,402077.93,399350.56,400358.94,400898.44,401619.06,400409.76,403700.44,400128.24,404603.36,402450.74,400075.59,400433.04,402765.42,400219.32,399654.04,402892.03,401436.87,399805.81,400263.67,402093.91,405922.13,399567.70,400855.54,402858.45,400554.27,399941.17,405494.05,402206.63,400301.29,400322.22,401424.04,401319.81,401515.34,399900.92,405257.70,399887.50,399656.02,399551.95,403277.90,400097.28,403140.37,402023.51,399881.66,399999.38,400826.58,401790.01
hmda_100000_4.csv,4,94.5456,100.00,399984.05,411308.70,67616.00,0.09,316.28,4.00,0.050000,24867.00,24975.50,25159.50,24998.00,obj,399465.23,401913.89,402914.10,399805.02,399993.24,405276.54,401188.69,400765.32,401871.27,403325.54,405381.13,401979.16,400027.56,402955.21,401904.03,402961.85,402731.38,399831.15,401497.53,401059.13,400846.43,406604.98,401534.28,401179.38,404931.00,399921.44,404334.40,409357.01,403119.79,402633.09,402061.60,400729.46,406795.73,404240.46,400529.65,401732.85,408619.41,401425.30,405629.03,403017.94,401972.96,419886.95,401981.19,402808.84,402311.35,406655.09,404337.74,399946.65,398936.83,400680.57,408400.88,399596.84,419873.31,399297.23,399828.45,411178.42,403354.24,400219.16,400729.29,404376.74,400173.11,408019.79,398964.69,402768.73,402651.09,399812.23,400679.48,399777.12,400812.48,400609.10,404128.47,404099.34,405000.12,401496.56,402357.60,401558.75,400606.46,399968.90,408908.03,400895.21,405910.86,403590.98,412117.79,398569.06,399991.09,406170.33,402189.18,399707.71,400413.15,401992.83,399755.18,399753.37,402099.61,401928.16,402065.10,404032.01,405452.62,399343.23,401239.23,411308.70
hmda_100000_4.csv,4,93.7265,100.00,399988.65,400071.32,7290.00,0.13,2070.85,4.00,0.100000,24973.50,24943.50,25044.50,25038.50,obj,403866.09,415015.33,399463.60,401525.87,412164.57,408929.47,411641.38,404098.07,428486.35,399864.87,419593.11,404475.06,398144.17,414133.06,400735.47,411960.89,407280.58,407401.40,410135.03,406944.83,400620.94,409841.26,402249.58,402896.19,399473.81,406431.00,400136.06,410285.55,401924.33,404538.54,406030.29,399609.95,402623.06,403420.25,411303.39,410378.86,399121.64,403169.75,407673.80,400452.03,400649.69,402225.12,431938.45,403758.96,401309.85,412587.17,422025.73,399704.70,403694.45,401506.90,428418.90,401927.04,399287.65,399052.77,400511.02,400878.10,408900.55,415065.01,409838.50,402018.18,413453.84,397023.39,402484.48,405223.45,404106.08,402756.79,415365.11,407696.90,406404.46,400649.19,399643.96,418843.32,402635.45,409993.82,415115.88,398906.35,411728.66,400636.56,428697.42,401355.26,399916.45,402388.72,404214.97,433981.63,431979.38,404761.17,425731.24,404699.93,409192.10,401710.65,413777.42,398277.52,398579.83,403975.69,398730.29,411050.81,401597.26,400763.43,399455.92,400071.32
hmda_10000_4.csv,4,8.7079,100.00,28644.90,28587.69,7677.00,0.06,14.39,4.00,0.000100,2483.50,2480.50,2560.50,2475.50,obj,26411.85,24022.68,23706.80,24029.98,23682.42,24259.45,24143.73,24236.57,23943.44,23993.21,24150.39,24299.94,24186.41,24443.75,24074.51,23740.08,23644.45,23752.97,23430.68,23533.14,23629.43,23451.66,23198.75,23263.63,23117.95,23314.88,23225.07,23002.97,23207.91,23181.19,23117.57,23141.29,23439.84,23196.75,23249.53,23130.12,23449.88,23254.61,23089.21,23362.04,23250.59,23364.73,23348.34,23269.46,23139.75,23208.03,23600.56,23284.26,23450.39,23388.98,23518.99,23474.99,23470.03,23785.08,23633.78,23681.53,23939.35,23891.95,24465.10,24662.46,24779.21,25172.13,25071.98,25045.90,25365.40,25060.95,24530.81,25005.11,24984.20,24283.43,24365.22,24021.45,24932.53,26146.30,27059.55,27326.50,27566.35,27768.26,27836.33,27883.10,27952.15,28110.62,28067.61,28358.87,28394.01,28283.25,28295.99,28469.22,28263.11,28286.00,28467.89,28376.74,28500.27,28424.41,28477.28,28444.01,28449.12,28564.05,28401.17,28587.69
hmda_10000_4.csv,4,8.7204,100.00,28547.36,28571.34,28949.00,0.03,159.59,4.00,0.000200,2525.00,2427.00,2547.00,2501.00,obj,26406.61,23609.20,23117.40,23304.90,22835.68,23452.32,23530.02,24049.79,24104.74,24067.22,24009.81,23826.49,23638.42,23764.10,23302.91,23165.13,23175.05,23422.37,23081.24,23215.18,23458.21,23353.25,23195.20,23468.60,23329.76,23574.99,23594.89,23420.34,23741.34,23597.11,23654.63,23980.80,24630.36,24493.97,24845.37,24868.66,25613.07,26112.77,26393.00,26004.21,24723.63,24694.61,26789.54,27163.88,27345.53,27537.85,27851.97,27863.58,28079.86,28115.29,28096.28,28293.50,28259.35,28369.56,28370.47,28263.92,28434.72,28365.66,28386.68,28451.79,28342.05,28340.78,28130.64,28188.81,28106.43,28185.36,28109.22,28136.05,28297.20,28119.85,28112.45,28193.94,28113.19,28083.78,28140.43,28191.90,28176.47,28261.02,28189.31,28228.97,28247.99,28221.12,28105.10,28204.11,28184.95,28136.01,28139.39,28133.95,28100.15,28082.38,28171.29,28089.05,28214.56,27745.91,27813.91,27723.41,27922.36,28085.19,28125.88,28571.34
hmda_10000_4.csv,4,8.5898,100.00,24290.51,24317.14,19861.00,0.01,72.02,4.00,0.000500,2449.50,2426.00,2569.50,2555.00,obj,28139.77,24583.16,23677.51,24252.56,23988.93,24087.92,23407.43,23182.44,23325.08,23466.95,23627.31,23881.63,23997.17,24267.53,23809.69,24305.53,25750.60,25031.31,24675.36,24450.58,23871.78,23828.94,23893.13,23699.33,23578.16,23924.94,23993.00,23813.72,24085.08,24283.24,24346.05,24740.23,25027.90,24677.59,25294.54,25503.59,24794.82,24286.25,23455.55,24023.66,23687.35,23674.61,23691.70,23558.76,23452.70,23755.09,24192.32,24013.53,24600.45,24991.72,25813.41,24761.69,24508.95,24178.74,23478.77,23691.75,23785.06,23511.24,23713.84,23751.39,23673.61,23915.06,23952.64,24363.41,25447.81,25028.64,24544.22,24459.71,24346.14,24099.83,24058.27,23672.61,23664.77,23698.63,23807.60,23885.70,23924.36,24061.84,24155.69,24398.46,25016.21,25309.19,24418.36,24277.05,23907.51,23918.26,23882.03,24130.37,23932.25,23644.94,24351.47,23900.09,24184.18,23980.65,24163.81,24129.87,24391.54,25218.62,24266.95,24317.14
hmda_10000_4.csv,4,8.7461,100.00,25826.64,25877.33,865.00,0.17,2086.04,4.00,0.000800,2424.50,2536.50,2543.50,2495.50,obj,29889.09,26860.00,26069.51,25904.21,25459.09,25413.11,25124.49,25486.86,25418.71,25454.13,25521.28,25913.90,26107.45,26394.08,25371.51,25868.84,25811.86,25852.69,25816.47,25848.01,25961.53,25912.30,25767.75,25867.72,25867.94,25969.49,25768.72,25631.68,25923.25,25738.28,25816.71,25908.63,26131.62,25725.42,25844.82,25666.14,26001.21,25703.39,25611.97,26075.85,25879.25,26022.39,25730.97,25836.14,25677.89,25760.49,25968.76,25724.40,25958.75,25694.53,25799.78,25696.12,25870.04,26022.97,25784.74,25822.71,25787.03,25742.23,25773.07,25629.14,25775.05,25686.05,25641.57,25863.78,25813.42,26068.76,25796.91,25858.57,25807.55,25627.25,26014.03,25968.31,25915.77,25830.22,25703.19,25949.70,25696.36,25549.42,25749.55,26050.13,25877.48,25718.98,25885.07,25557.44,25853.45,25681.27,25741.79,25826.56,25696.67,25816.89,26030.00,25925.03,25834.35,25767.56,25738.95,25539.82,25527.64,25648.17,25705.70,25877.33
hmda_10000_4.csv,4,8.6902,100.00,26341.96,26151.90,8333.00,0.10,1705.03,4.00,0.001000,2760.00,2442.50,2339.00,2458.50,obj,30214.28,26784.62,26920.39,26304.71,25562.34,25628.86,25312.83,25505.70,25428.49,25657.80,25851.68,26111.71,25924.14,25883.38,25529.24,25834.00,25772.65,25921.16,25903.37,25907.54,26009.18,25924.63,25842.19,25737.34,25643.75,25824.36,25859.62,25659.40,26015.35,25733.36,25845.30,25902.68,26189.19,25574.80,25849.43,25655.70,26031.98,25798.21,25683.41,26020.93,25762.91,25950.97,26044.90,25773.67,25678.22,25860.47,25819.88,25742.32,25984.29,25743.65,25926.04,25755.83,25885.92,25728.68,25858.07,25814.25,25789.04,25587.92,25981.84,25754.32,25697.14,25794.73,25724.43,25949.85,25860.45,25547.61,25876.78,25922.60,25813.87,25714.56,26151.91,25766.29,25622.51,25569.08,25763.87,25866.10,25675.77,25603.00,25865.09,25967.67,25867.90,25800.36,25775.06,25841.83,25817.42,25708.73,25699.47,25708.30,25684.73,25833.06,26019.47,25759.14,25988.39,25527.11,25710.30,25621.20,25590.30,25752.04,25753.10,26151.90
hmda_10000_4.csv,4,8.7120,100.00,27130.77,27204.90,20201.00,0.08,3666.16,4.00,0.005000,2519.00,2451.50,2476.50,2553.00,obj,34754.31,31761.05,30395.29,29923.71,29151.74,29057.49,29041.22,29200.57,29343.79,29261.94,28935.32,29320.03,29415.22,29127.03,28826.21,28706.62,29221.18,29078.27,28778.33,28810.36,28957.51,29379.05,28825.77,28687.37,28371.17,28260.02,28457.65,28173.84,28003.34,27991.15,28009.17,28109.49,28047.39,27879.59,27876.91,27645.62,27747.93,27778.69,27726.07,27953.47,27843.58,28538.90,27858.65,27600.09,27471.41,27258.75,27668.59,27055.03,27478.97,27033.14,27019.49,27101.11,26945.27,27238.80,26885.37,27181.21,27135.17,26975.44,27263.08,27248.76,27496.31,27251.87,26832.85,26708.58,26906.88,27031.14,27115.22,26966.16,27361.37,27134.59,27275.51,27009.55,26992.11,26815.37,26964.58,26997.01,26745.52,26806.94,26874.33,27148.23,27315.61,27038.56,26934.70,27046.73,26771.53,26768.62,26828.34,26803.91,26659.81,26795.71,27054.18,26688.35,26924.94,26792.51,26841.64,26866.24,26635.01,26740.61,26883.28,27204.90
hmda_10000_4.csv,4,9.0804,100.00,38519.04,42057.17,240181.00,0.13,1864.22,4.00,0.010000,2448.00,2661.00,2526.00,2365.00,obj,35544.57,35777.12,36553.67,37321.97,38875.77,38154.21,37492.32,38471.81,38143.55,40418.67,39326.81,39992.22,39605.34,39804.43,38266.66,38401.69,41943.33,38492.77,38437.03,38260.21,39691.78,42500.84,40068.22,39104.92,39760.53,39529.68,40250.66,38310.71,37948.88,47397.07,40726.97,39472.64,39056.30,39207.55,38729.81,40993.11,38663.91,39101.12,39273.58,41842.44,40133.79,41229.14,40787.14,39197.47,39043.13,38857.20,40396.46,38166.01,40227.08,39024.10,39546.23,38799.13,39196.59,39324.83,39630.58,39225.70,39559.50,38724.66,39105.32,39017.40,38466.70,42200.82,40532.15,39937.55,39136.67,39157.98,38976.46,39419.44,40122.96,39770.28,39171.67,39470.16,39225.64,38774.06,39492.59,39341.52,39504.70,39823.66,39058.07,38662.52,38718.31,40070.15,41192.35,38791.71,40588.98,39802.38,38850.34,40711.59,38772.47,39097.66,39148.83,39609.68,39379.36,38324.59,39520.58,38657.83,38597.03,39752.92,38305.84,42057.17
hmda_20000_4.csv,4,17.7250,100.00,54018.28,53667.58,54154.00,0.13,4418.38,4.00,0.000100,4909.50,5223.50,4930.50,4936.50,obj,53709.85,53206.74,52437.50,54131.35,52847.21,53066.87,52255.66,52359.83,51897.50,52569.03,53312.74,53493.50,54305.39,54344.19,54315.53,54700.48,54860.97,55714.11,54645.13,52208.16,50425.79,50388.04,50598.17,50540.73,50133.75,49472.64,50089.25,49646.37,49885.39,50172.11,50394.35,50357.38,50779.84,50458.44,50510.36,50497.56,50874.02,51120.70,46772.85,45260.03,49578.35,51933.38,53255.36,54654.55,55731.52,56166.31,55886.70,55867.26,55816.11,55479.54,55194.88,55087.34,55073.77,54956.91,55049.50,55092.83,55013.56,54862.58,55198.55,55431.38,55643.09,55952.30,56196.39,56479.06,56934.19,56852.00,56565.90,56414.91,55843.20,55566.69,55305.29,55429.66,55348.83,55348.63,55388.55,55639.27,55583.13,53513.08,53417.56,53076.92,53197.51,53520.48,52707.20,53627.29,54086.55,54539.64,54477.34,54574.45,54960.45,54928.25,54912.75,54988.10,54329.10,52813.02,52524.21,52797.21,52912.75,52918.63,53009.75,53667.58
hmda_20000_4.csv,4,17.7617,100.00,48923.70,50941.85,464050.00,0.00,4519.89,4.00,0.000200,4752.50,5013.50,5242.50,4991.50,obj,55590.32,54750.02,53227.09,52779.87,53325.66,53765.88,53549.46,52712.36,52374.18,52421.84,52852.30,53352.29,52520.37,52632.40,53048.69,52866.00,52681.22,53071.83,52585.39,51731.62,51606.53,51453.38,50912.39,51137.86,51127.49,51069.52,51661.45,51096.44,51510.01,52172.48,52324.83,51830.77,52062.25,51621.82,51572.23,51440.60,51739.81,48517.46,49884.79,50943.71,51714.39,53647.31,53616.11,53767.86,53210.92,53371.54,52022.99,52108.73,50895.96,50020.11,51370.29,51574.76,51082.75,51304.81,51393.68,51807.44,52030.83,52204.02,51906.50,49450.60,47294.15,47973.25,50247.94,52726.76,53040.82,51016.82,48913.33,48725.26,49722.55,49940.78,50507.22,50889.42,51072.51,51249.26,49463.39,49290.30,49401.00,50321.37,50945.33,51688.67,51560.49,51563.98,49716.36,49629.51,49213.80,50497.96,50816.31,51191.78,52007.33,51573.48,51782.03,49612.57,46507.58,48015.15,48836.86,51264.99,52059.04,51278.88,50847.86,50941.85
hmda_20000_4.csv,4,17.3471,100.00,48866.42,49399.87,16690.00,0.01,277.89,4.00,0.000500,5016.00,5031.00,5022.50,4930.50,obj,61785.15,53227.01,53654.53,54197.19,52683.19,52652.78,53716.51,53527.86,52571.91,52662.27,52853.12,52160.32,51553.93,51589.08,52016.85,50578.55,49083.45,49612.82,46946.70,49727.29,49211.62,49774.92,49321.74,49921.20,49813.64,49127.60,49793.74,49429.89,46947.71,50154.80,47555.60,50632.45,50187.06,49723.68,49533.66,49417.15,47924.03,48532.35,48491.56,48842.36,49989.26,49559.72,49348.15,49036.89,47253.04,48483.46,47116.78,49207.63,49677.40,49904.73,49673.00,50272.71,45034.77,50359.92,49701.51,49810.96,49519.11,49341.29,49916.19,49836.59,48420.41,47053.29,49385.74,47358.38,48936.14,49702.63,49326.02,49571.11,49933.83,49719.00,48839.62,46256.84,48290.62,49917.19,50063.39,49528.51,49414.93,49381.14,49845.54,49538.71,45522.19,48714.07,50018.97,50069.94,49627.00,49371.35,49181.88,47299.08,49961.53,47280.50,50006.44,49961.21,50003.53,50018.42,47911.08,48270.63,47758.51,48439.71,49747.51,49399.87
hmda_20000_4.csv,4,17.5905,100.00,53031.57,53283.30,26440.00,0.13,5732.25,4.00,0.000800,4997.00,5059.00,5018.00,4926.00,obj,61459.65,59718.57,54428.14,53983.22,53522.95,52925.45,52879.42,53021.40,52793.53,52765.40,53009.64,52857.57,52120.53,52969.17,51672.80,53114.06,52981.11,52173.75,53228.16,52493.17,52803.22,53307.06,51167.79,53131.47,53095.51,52947.87,53047.57,52136.90,52622.80,52380.89,50980.89,53269.63,53466.81,52041.84,52925.75,52815.41,53149.91,51149.51,53468.56,52414.42,53015.44,52833.27,52974.35,51883.54,52503.29,52844.01,51238.26,52935.78,52389.31,52196.60,52868.44,53358.19,51077.82,53578.92,53013.93,53323.95,51686.61,53117.42,53484.04,51220.64,53591.66,52867.64,53112.70,52746.90,51084.32,53546.88,52182.71,53258.67,52820.21,52591.60,53082.79,53038.61,52416.12,52648.84,51532.62,53708.62,52437.65,52751.18,53439.45,53419.11,51253.21,53265.52,52929.59,51991.98,53032.12,53032.43,52284.51,53052.63,53431.24,51338.55,52650.22,53005.36,53513.19,53394.71,53254.38,52085.38,53230.54,51902.90,53457.01,53283.30
hmda_20000_4.csv,4,17.5037,100.00,50614.30,51318.71,40484.00,0.12,2590.38,4.00,0.001000,5009.50,5029.00,5066.50,4895.00,obj,60810.97,58570.12,57077.47,51024.04,49976.96,50446.88,50909.55,50787.36,50401.43,51053.02,51178.84,50580.09,51009.35,50941.89,50099.77,51060.74,51223.31,49841.29,51512.13,50601.12,50954.78,50620.60,50352.74,51225.86,50576.35,50957.04,50702.30,50585.06,50662.98,50439.51,49893.56,51306.74,51427.66,49799.13,51149.98,50966.71,51455.61,49659.44,51226.78,50607.61,51275.44,50979.01,49721.32,51006.11,50554.54,50251.43,50483.33,49762.47,51170.12,50066.39,51132.30,51266.15,49863.13,51508.29,50799.57,51083.88,50588.48,50711.49,50789.97,49845.98,51340.71,50724.87,50906.38,49780.02,50402.10,50856.63,50378.92,50554.11,50713.06,50874.31,50724.82,51265.00,50597.25,50842.25,50090.44,51451.35,50706.04,50746.32,51413.55,49766.45,51287.85,50486.65,50553.33,50511.11,50776.37,50992.52,49522.57,50900.64,51414.38,49874.22,50965.26,51070.92,50554.06,51362.24,50545.91,50315.33,50683.63,50723.17,50109.64,51318.71
hmda_20000_4.csv,4,17.7448,100.00,59728.46,59779.51,1466.00,0.04,1112.78,4.00,0.005000,5014.50,5036.50,4968.50,4980.50,obj,62648.21,61052.34,60193.68,60500.20,60115.13,60074.99,60541.44,59631.14,60177.43,60455.29,60124.78,59907.42,60198.61,60067.29,60173.21,59814.27,59867.51,59840.58,59708.01,59821.23,59837.59,59692.07,59781.35,59425.83,59642.28,59537.37,59366.17,59773.56,59770.62,59720.99,59364.82,59494.90,59530.83,59463.24,60053.06,59837.49,59705.93,59814.17,59765.93,59801.40,60021.66,59704.06,59643.83,59508.45,59785.32,59752.89,59517.35,59780.38,59681.70,59705.17,59585.15,59694.83,59469.22,59668.65,59188.44,59254.40,59487.66,59174.01,59033.13,59033.02,59171.48,59431.16,59168.73,59597.54,59320.27,59286.45,59385.88,59513.18,59467.17,59435.65,59411.15,59539.60,59485.03,59405.26,59509.14,59397.71,59267.78,59164.99,59826.69,59551.42,59910.88,59613.70,59232.56,59406.14,59349.57,59296.02,59474.45,59279.61,59410.64,59278.49,59464.91,59454.11,59166.86,59619.66,59335.62,59295.53,59615.29,59592.55,59772.86,59779.51
hmda_20000_4.csv,4,18.2363,100.00,77663.62,78157.68,20402.00,0.03,2976.12,4.00,0.010000,5031.00,5041.50,4992.00,4935.50,obj,63107.10,63356.99,65576.29,68210.38,69341.99,71397.18,71677.60,74210.01,74484.42,74613.99,75382.67,78080.00,77226.69,76035.42,75426.39,75961.50,76851.79,76891.04,74784.50,77011.98,75360.92,77007.24,76140.43,76796.70,74986.61,78872.61,75773.23,75475.99,74936.32,76008.91,74994.53,75073.35,74703.17,74953.02,75140.85,75052.74,74573.94,74498.73,74830.68,74589.40,78113.30,74627.84,76067.25,74406.24,76542.38,75908.61,76200.88,75690.13,75565.20,75700.31,77674.63,79002.00,77126.91,77132.48,76463.03,77527.89,75510.78,75968.45,76328.82,76466.47,78842.91,77803.23,75974.32,76556.49,78702.80,78478.66,77629.03,77806.27,77285.73,77751.55,77540.99,78140.13,77806.27,79064.57,77574.23,77530.49,77725.73,77700.78,78930.73,78399.38,77944.37,78479.55,77445.99,77699.48,78371.43,77634.66,77571.41,79904.63,78656.26,77987.75,78809.52,78427.95,77600.53,78257.74,77596.83,77443.25,79325.59,78322.33,77485.81,78157.68
hmda_50000_4.csv,4,43.9158,100.00,120869.23,121380.72,102965.00,0.03,3517.03,4.00,0.000100,12379.50,12653.00,12629.00,12338.50,obj,128821.76,122781.53,124180.77,122622.41,121559.73,120458.46,118587.73,115974.58,116063.65,116131.02,117700.46,118839.57,120074.01,123425.31,126307.06,127687.61,123702.65,123436.26,123642.68,123862.48,124021.40,123495.16,123038.44,123198.20,123028.41,123189.73,122585.65,122032.75,122225.99,122239.42,121961.65,122553.02,123535.18,123066.68,123340.22,123064.06,126985.19,123997.37,122714.79,120908.45,120872.59,120602.67,120093.02,120659.91,121036.32,121337.48,122034.30,122551.53,123868.44,123626.85,123071.92,123940.22,122841.56,122686.14,123035.73,115434.12,117146.26,122854.82,126691.41,125743.43,125252.00,121840.21,121310.67,121218.83,121731.20,122265.43,122360.98,122645.25,122788.38,122855.29,123149.15,123220.65,123558.22,123463.82,122693.31,123129.42,122550.00,122527.14,122856.89,122403.99,122824.70,123105.76,122576.90,122483.37,122538.71,123219.69,125727.27,126712.88,123859.52,121215.67,120905.78,119938.93,120021.14,120073.45,121017.34,120554.47,122034.07,122381.12,120617.66,121380.72
hmda_50000_4.csv,4,45.0005,100.00,131884.58,131858.23,2665.00,0.65,14219.92,4.00,0.000200,12475.50,12492.00,12528.50,12504.00,obj,143882.05,129495.67,126972.49,125679.11,125915.37,128477.00,129401.05,130278.89,131028.41,131489.65,132618.36,132608.11,132562.41,132937.59,132516.81,132710.30,132022.76,131918.23,132403.05,132392.94,132620.21,132515.29,132218.24,132291.46,132625.67,132728.05,132346.97,132750.39,132420.54,132326.71,131798.54,132524.04,132632.49,132741.55,132571.35,132768.76,131102.46,132143.72,132568.20,131727.08,132213.36,132313.80,132268.93,132258.36,132244.84,132171.58,132051.97,132350.09,132341.55,132388.10,132311.32,132471.84,132433.43,132320.22,132679.89,131832.28,132348.10,131589.21,132445.71,132168.57,132471.48,132217.57,132169.25,132515.23,132401.82,132319.16,132194.81,132601.04,132655.30,132254.95,132212.31,132533.94,132726.91,131549.86,132005.09,132384.62,132320.12,132247.31,132664.62,131769.97,132530.83,132465.65,132496.94,132162.08,132450.66,132545.17,132500.93,131835.71,131680.55,132436.53,132202.59,131931.96,132411.44,132332.72,131645.10,132234.97,132546.60,132437.14,132143.79,131858.23
hmda_50000_4.csv,4,45.3413,100.00,144015.24,143925.41,41893.00,0.21,2632.90,4.00,0.000500,12532.50,12410.50,12645.50,12411.50,obj,157451.44,142292.63,140273.12,138397.50,139248.49,141880.76,143234.42,144262.59,143385.03,142719.31,142820.98,142940.38,143026.05,143694.22,144420.70,144229.62,144207.46,143918.62,144279.05,144323.53,144297.04,144433.43,144237.04,144322.81,144360.31,144200.68,144029.56,144515.12,144402.01,144193.54,144142.81,144461.67,144306.76,144171.79,144508.62,144287.06,144364.33,144167.03,144345.77,144202.96,144380.96,144174.49,144351.96,144209.69,144273.69,144289.94,144283.09,144399.99,144017.38,144354.11,144263.89,144355.14,144229.03,144189.83,144406.65,144264.04,144232.26,144192.27,144312.29,144122.38,144155.29,144198.21,144139.61,144368.31,144440.02,144269.51,144112.44,144058.16,144200.53,144544.04,144130.47,144413.16,144346.76,144528.02,144315.34,144202.94,144371.45,144370.12,144372.08,144098.21,144390.58,144405.17,144124.22,143923.51,144348.43,144191.79,144416.22,144219.26,144445.87,144427.30,144114.16,144058.17,144419.94,144401.59,144224.99,144227.72,144147.99,144280.64,144375.88,143925.41
hmda_50000_4.csv,4,45.7706,100.00,143993.35,143944.04,43705.00,0.06,2643.10,4.00,0.000800,12587.50,12458.50,12545.50,12408.50,obj,161196.50,150194.21,141588.34,139360.70,139516.14,138425.10,138055.78,138550.47,139119.81,139889.63,141011.35,142965.77,143992.49,144119.64,144584.93,144419.58,144215.54,144027.41,144295.15,144217.06,144306.40,144475.95,144267.15,144345.20,144382.65,144180.77,143961.36,144459.89,144307.80,144215.20,144114.72,144424.03,144400.86,144259.46,144443.81,144331.15,144327.66,144215.21,144291.10,144143.43,144384.70,144143.74,144343.73,144321.23,144299.32,144317.43,144213.63,144344.53,144087.99,144371.56,144279.28,144421.70,144352.87,144307.68,144162.66,144502.06,144269.43,144221.76,144323.99,144264.44,144113.93,144143.20,144191.72,144304.57,144428.47,144355.19,144183.33,144043.69,144164.57,144577.97,144100.07,144425.64,144360.99,144604.86,144352.07,144289.13,144280.22,144378.81,144413.73,144127.85,144468.38,144462.44,144147.21,144101.83,144414.18,144254.60,144535.07,144112.43,144565.32,144377.10,144311.19,144022.66,144514.33,144482.20,144348.56,144295.29,144320.49,144279.09,144401.88,143944.04
hmda_50000_4.csv,4,45.9781,100.00,144000.37,144000.37,86301.16,0.50,2570.13,4.00,0.001000,12615.00,12505.00,12517.50,12362.50,obj,159736.39,154524.95,147174.19,142421.11,141171.30,141657.37,139652.87,139006.79,138606.53,138340.92,139002.33,139064.01,139755.99,140722.51,141905.70,143195.30,144069.81,143714.27,144476.94,144362.40,144269.49,144349.75,144218.77,144374.00,144324.37,144062.33,144051.62,144694.47,144475.90,144310.07,144412.80,144416.70,144384.87,144290.44,144453.39,144358.77,144313.97,144222.13,144308.25,144186.57,144375.92,144126.99,144404.72,144338.91,144345.31,144436.35,144381.33,144333.31,144188.22,144295.18,144395.49,144513.98,144384.93,144192.77,144249.75,144543.63,144317.21,144197.41,144354.39,144306.99,144139.92,144158.65,144191.02,144314.93,144403.92,144381.16,144205.80,144047.47,144154.25,144560.17,144110.06,144425.06,144339.14,144608.98,144358.25,144276.85,144354.81,144390.28,144401.02,144137.37,144499.38,144387.97,144235.32,144149.52,144435.03,144194.81,144613.56,144112.66,144606.37,144378.19,144299.49,144073.35,144526.66,144512.24,144386.62,144266.54,144364.04,144279.32,144434.94,144000.37
hmda_50000_4.csv,4,45.2149,100.00,156885.61,157020.28,10172.23,1.14,9479.70,4.00,0.005000,12520.50,12467.50,12558.50,12453.50,obj,162310.44,160682.24,160462.19,160125.58,159925.33,160206.89,160786.66,160553.41,159857.94,159176.10,159196.47,158648.29,158427.44,158406.58,158481.99,158212.87,157776.65,157648.81,157491.17,157253.40,156958.26,157072.64,156944.26,156927.29,156839.10,156205.79,156487.55,157008.26,157051.90,156336.57,155829.34,156421.03,156175.06,156324.62,156198.99,156648.97,157154.28,156591.70,156131.97,156309.42,156692.43,156400.78,156629.90,156938.15,156686.80,156664.66,156530.86,156790.57,157272.85,156707.30,156809.23,157755.11,156882.34,157503.73,156562.18,157109.62,156841.96,156874.62,156855.33,156667.89,156636.01,156752.83,156257.04,156197.38,156335.56,156828.35,157321.24,157338.89,157067.36,156411.65,156638.85,156544.48,156577.72,157354.46,156796.26,156575.54,156331.56,156819.10,156377.60,156988.26,157304.68,157096.02,157048.27,157872.25,156561.96,157040.92,157336.54,156423.86,156675.79,156939.13,156758.80,156552.43,156813.98,156680.67,156235.45,156791.73,157301.74,156808.01,156477.93,157020.28
hmda_50000_4.csv,4,46.1105,100.00,194349.53,194425.43,27785.00,0.25,8260.54,4.00,0.010000,12556.50,12425.50,12576.50,12441.50,obj,163797.10,163996.51,170170.57,176673.26,184902.10,189295.11,193149.06,193682.09,192739.25,192660.26,192805.34,193363.60,193165.50,193742.30,193272.98,192942.31,193773.02,193313.16,194303.73,195345.99,193487.67,193801.84,193488.97,193984.69,194853.50,193836.91,195660.54,194269.32,193462.47,194945.83,195149.12,193914.89,194066.03,193987.78,193956.05,194198.96,194016.64,194119.79,194308.87,194538.29,196221.89,194170.63,193891.26,194454.04,194529.38,194034.07,194386.86,193199.47,194110.33,195194.13,196995.49,194036.13,194704.65,193806.47,195603.39,194778.94,193408.53,193915.10,195664.99,195702.68,195875.25,193836.87,193756.63,193506.84,193441.33,195971.59,193333.90,193319.53,194140.51,194125.42,196457.44,193158.04,192858.88,193797.79,192892.18,193305.06,193362.04,193478.94,193393.97,194271.24,194094.43,193583.34,193400.31,194224.64,193176.07,193558.41,193728.17,195387.58,194509.16,192729.95,192962.97,194907.66,193806.84,193552.25,193972.72,194583.41,194126.30,195045.39,194208.47,194425.43
hmda_100000_4.csv,4,92.2369,100.00,276037.02,275945.61,4500.00,0.68,454.66,4.00,0.000100,25043.00,24703.50,25248.50,25005.00,obj,312041.12,281945.49,272485.13,268716.91,269071.87,269188.53,272356.44,269723.85,271901.48,267805.68,272723.06,269519.23,275448.27,274362.65,276353.16,275360.98,276561.45,276078.38,279072.76,275741.10,277116.24,275114.82,276624.81,276280.23,275752.95,275773.21,276708.58,276646.03,275448.08,276696.94,275833.10,276342.54,277152.54,275719.13,276184.38,277357.95,275389.01,276510.10,276615.36,277149.73,275683.77,275766.31,276538.96,276017.65,275522.90,277056.61,275437.43,276945.76,276298.90,277029.01,275645.57,276636.90,277372.17,275544.68,276240.25,275990.72,275414.94,275963.08,276776.27,276412.62,277480.45,275709.55,276889.16,276043.54,276123.07,275878.71,276572.59,275965.34,276161.12,276704.06,276112.30,276818.00,277533.07,276327.98,275858.96,276186.14,276041.70,277062.64,275907.41,276958.69,275692.38,275916.27,277410.06,275639.33,277707.06,275558.74,277183.88,276718.34,276543.59,275523.21,275837.83,276312.55,276943.09,276692.02,277676.81,275605.17,275648.35,276442.40,277578.57,275945.61
hmda_100000_4.csv,4,91.5502,100.00,257371.78,259385.89,359908.00,1.21,22566.30,4.00,0.000200,25024.00,25159.00,25141.00,24676.00,obj,320287.07,293393.75,273274.55,269861.85,263285.30,253456.23,266703.01,259900.73,266549.26,257106.66,259786.94,259165.20,259006.76,259032.36,259476.74,257788.25,259998.73,259209.03,261184.63,259273.78,258354.08,259487.92,257552.08,259560.91,259556.24,258403.92,260171.07,258569.38,258621.78,258753.42,259421.79,258322.68,259468.28,259384.49,259064.42,258742.64,258799.08,259504.34,258741.69,259567.09,259630.81,258822.49,257858.58,259366.68,259522.96,258384.80,257208.84,259670.19,258991.35,259951.85,259894.81,259306.20,259288.17,259137.18,257823.81,259757.44,259040.67,259725.20,259807.16,258805.04,259041.00,259327.55,259536.25,257809.71,259673.03,258376.94,259449.65,260064.00,258531.77,259230.81,259491.07,259139.71,258784.64,258597.90,259849.57,258851.50,259593.42,259492.45,259384.38,257979.97,259348.39,259748.97,257971.65,257553.25,259454.69,259252.99,259136.64,261081.06,259416.36,257008.17,259113.82,259710.27,259213.05,259221.53,259810.94,258628.42,259425.13,258155.11,259408.88,259385.89
hmda_100000_4.csv,4,93.7364,100.00,294218.27,294302.93,41122.00,0.57,13639.10,4.00,0.000500,25044.50,25056.50,24953.50,24945.50,obj,344811.79,310822.16,299924.78,291406.76,292530.47,290551.73,287832.65,288141.18,286654.42,286063.16,288386.73,289177.12,291519.55,293248.45,293780.86,294105.72,293631.48,294133.02,294225.10,294152.97,293865.87,293915.92,294324.77,293968.99,294165.86,293750.11,293961.19,293842.18,293765.24,294173.11,293755.99,294162.08,294088.53,294259.74,294481.52,293972.43,293977.58,294184.14,293966.02,294599.66,294055.58,293777.68,294426.10,293829.98,293842.64,294438.50,294144.11,293764.69,293844.63,294314.23,294094.24,293444.76,294138.17,294146.82,293941.56,293829.15,293906.02,294250.77,294519.38,294461.47,293677.12,294243.96,293956.36,294287.41,293878.79,294305.94,294401.40,294313.41,294261.14,294441.89,294273.96,294524.73,294282.77,294129.88,294651.87,294319.51,293855.27,293983.10,294143.53,294176.05,294242.56,294164.30,294118.93,294253.32,294287.25,294234.21,294123.45,294336.86,294218.61,294143.55,294182.56,294030.90,294052.15,293881.70,293991.23,294193.53,294196.78,294169.13,294714.47,294302.93
hmda_100000_4.csv,4,94.4575,100.00,294201.73,294181.68,2194.00,0.29,13949.62,4.00,0.000800,25067.00,24966.00,24960.50,25006.50,obj,349515.65,320304.40,306926.08,301102.87,296158.41,293385.07,289190.82,289366.75,287656.80,286188.30,286048.75,285270.35,282562.05,282918.73,282419.66,285331.93,285617.81,285968.67,287946.42,288941.63,288893.72,290229.64,290837.11,290886.03,290496.58,290818.34,290512.38,290807.29,291379.86,292000.34,292831.34,292479.77,292241.98,293202.66,293991.59,294062.69,293255.44,294144.96,293971.98,294402.68,294061.15,293865.93,294469.33,293927.75,293961.33,294406.82,294211.68,293902.60,294129.07,294235.90,294234.84,293478.51,294027.16,294084.20,293855.23,293746.79,293749.90,294142.67,294367.40,294328.18,293577.72,294064.74,293867.68,294205.57,293846.04,294193.10,294193.39,294150.51,294155.91,294370.66,294190.46,294436.23,294128.12,294136.83,294562.01,294152.95,293830.43,293879.18,294036.34,294074.24,294206.83,294164.66,294109.13,294099.86,294292.20,294212.33,294185.95,294392.66,294470.32,294071.92,294075.07,293957.47,294063.71,293914.62,293992.92,294123.29,294232.91,294247.47,294677.29,294181.68
hmda_100000_4.csv,4,93.6637,100.00,273283.21,273431.10,1802.00,0.69,43090.03,4.00,0.001000,25052.50,24984.50,24977.50,24985.50,obj,351358.33,328267.59,306765.05,306404.45,303119.97,298086.56,294833.54,290612.85,289214.16,287484.67,286255.40,285291.03,283489.94,282626.22,281777.75,280982.06,279641.88,279962.99,279511.26,278655.95,277700.46,278776.66,278926.46,277615.42,279088.47,278852.48,280367.94,281808.50,279315.44,277932.98,277739.29,277117.97,277273.22,277178.31,276700.33,277178.49,277681.36,277838.22,278456.59,278763.94,278604.48,278964.49,279685.94,279605.25,278832.90,278549.00,278204.12,276547.77,272781.74,274303.76,273947.88,272733.13,272939.91,272825.18,272753.40,273049.69,271927.28,272858.66,273189.00,273214.20,272504.44,272292.65,272758.11,272766.02,273137.53,272589.58,273506.15,272919.51,273022.18,273465.00,272667.23,273068.93,273450.87,272639.38,273318.44,272402.08,272780.68,272790.12,273479.67,272634.01,272935.22,272699.57,272636.80,272835.86,273224.04,272812.63,272986.76,273287.76,273073.34,273118.47,273275.99,272809.72,272926.60,272823.75,272931.41,272420.62,272869.82,273157.54,273249.65,273431.10
hmda_100000_4.csv,4,95.7262,100.00,328191.79,328190.03,1808.00,0.29,17074.68,4.00,0.005000,25010.00,24995.50,24994.50,25000.00,obj,371298.47,363357.17,354554.41,349943.11,349325.68,345548.25,341249.88,340933.52,342132.83,342771.66,341310.45,341333.13,342212.61,341632.39,341348.23,341053.82,340852.01,341918.29,341584.92,342304.18,341904.34,341701.36,342165.89,342153.67,342476.54,342734.87,342280.56,341329.77,340505.43,341886.56,339991.35,340643.98,340431.18,340287.90,340702.93,340192.93,339936.10,340674.49,339589.87,339560.45,338667.73,338372.25,338751.81,338561.70,337979.29,338321.87,337994.41,339376.02,339827.03,340488.63,340613.08,339355.72,338379.39,339163.89,338542.78,338611.09,337515.78,337785.85,337504.79,337877.31,337154.40,337530.43,336582.36,336643.06,337868.66,337606.50,337876.47,338954.74,337438.04,337532.20,336276.49,336419.74,336693.75,334886.94,335376.54,334115.88,334620.49,335349.65,334951.08,334843.77,336673.12,335067.44,334050.69,335054.13,333681.18,333420.71,333496.91,333549.58,332518.83,331247.49,328621.83,330215.32,328803.56,329674.83,330578.50,329669.80,330327.25,330068.89,328629.06,328190.03
hmda_100000_4.csv,4,97.8690,100.00,399982.03,403911.50,174760.00,0.17,6301.45,4.00,0.010000,25160.00,24989.00,25034.00,24817.00,obj,374225.22,381999.36,382787.87,384300.02,385066.32,385572.65,386284.64,387435.21,389085.87,391828.17,393011.86,394382.00,394758.91,395862.16,395756.67,395570.25,395841.98,396061.65,396874.90,397662.53,399039.95,399627.61,400109.26,399963.82,400752.60,400030.52,400080.18,400149.22,399960.38,400398.35,401065.87,401729.38,400223.98,400858.28,400500.53,400068.56,400223.84,400520.77,400212.86,400805.99,400471.12,399982.16,404872.71,400241.52,400953.49,402523.58,401046.30,400054.59,399999.08,400437.75,401629.26,399937.84,400142.33,401169.68,400534.51,403495.62,400722.99,400151.42,400072.99,400731.01,400351.36,400165.35,399813.37,400291.52,400761.33,401793.83,400043.31,400208.73,400124.27,401060.89,401126.32,400049.88,400543.05,400069.52,400524.44,400063.55,401207.04,400066.61,400500.59,400333.81,400166.52,400587.93,400031.96,400619.16,400359.03,402862.13,399973.08,400576.10,400503.76,400775.40,400502.65,400770.25,399942.41,400039.13,400970.15,400961.43,399957.90,401488.26,400780.93,403911.50
hmda_200000_4.csv,4,218.1555,100.00,570305.24,570753.71,143120.00,4.58,762.83,4.00,0.000100,50083.50,50067.00,49953.50,49896.00,obj,589234.58,539189.23,529328.77,523891.10,541596.17,536058.25,538277.76,538398.13,544290.48,553959.83,560296.94,559764.43,561221.97,559033.89,559130.85,559284.40,559625.03,558228.58,565428.42,567603.56,568417.15,568809.80,568935.79,568833.96,569640.95,570312.68,570863.41,570473.97,570456.88,570257.28,569461.10,569614.47,568969.59,568938.57,569278.06,569291.55,570192.34,569606.90,570329.78,570198.88,569376.90,569929.51,570135.71,570448.31,570186.37,570837.75,569935.44,569749.62,570498.45,570634.68,570536.79,569776.89,571328.51,570344.45,569161.29,569344.05,570012.33,570354.40,570368.02,570485.22,569988.09,570281.48,570059.86,570431.06,569894.03,569720.43,569917.24,570451.73,571053.15,569802.18,570358.12,570353.28,570990.99,569463.41,570267.09,569936.46,570002.96,571071.59,570669.25,571047.15,570573.22,570567.91,570597.53,570137.61,570312.38,569911.65,569929.03,570556.47,570383.46,570245.90,569763.38,570245.65,570352.61,569873.04,570882.14,570142.12,570380.28,571028.61,570078.87,570753.71
hmda_200000_4.csv,4,207.6056,100.00,503784.18,503694.64,18356.00,0.81,27472.48,4.00,0.000200,50110.00,49908.00,50049.00,49933.00,obj,606701.66,555020.70,549364.76,543142.60,532877.37,519811.66,517443.28,512140.28,504857.72,511897.06,504329.99,505194.55,505856.48,506381.85,502755.14,503363.13,504289.33,503428.55,504655.01,503179.69,504127.28,504872.57,504551.76,504143.02,504864.71,503407.07,504788.72,503565.59,503617.35,504828.05,503963.34,503710.84,503807.15,504608.72,503132.68,504797.26,504338.04,504247.79,503979.84,504079.51,503282.73,504511.36,504263.47,503546.49,503906.59,504881.39,503447.47,504284.94,503979.83,504633.36,504335.00,503942.83,504776.30,504004.02,503653.55,504407.95,503907.09,503920.11,504862.27,504603.48,503782.55,503991.54,504663.23,504552.00,503040.98,502853.26,504702.80,504150.19,504766.11,503436.86,504443.44,503437.65,504356.70,504176.34,503457.65,503853.47,503660.21,505172.59,505077.17,504311.37,505464.20,503661.09,504766.52,502115.74,505273.51,503304.24,504562.49,503047.47,504237.44,503739.80,503726.48,503436.17,504404.33,503424.45,504004.35,505099.73,503964.43,504758.56,502725.90,503694.64
hmda_200000_4.csv,4,206.1480,100.00,522660.21,522336.35,36634.00,0.25,208.55,4.00,0.000500,49991.50,50025.50,50040.50,49942.50,obj,630649.44,567627.09,564096.71,567701.00,568203.27,565698.61,561784.88,556709.27,551343.59,542675.79,533150.02,523873.46,528415.46,526570.44,523604.79,520850.04,519330.02,517526.87,518986.77,517460.10,514410.81,512610.77,508832.73,512985.32,514001.33,516258.80,516713.13,516407.45,519457.85,520018.60,520289.98,520025.55,520790.53,521848.08,521267.72,523312.48,523450.05,524236.95,523744.84,523781.35,522379.63,524241.84,523934.17,522629.58,522969.07,522976.99,523816.88,522226.88,521725.93,522447.15,522446.01,522366.63,523334.35,522833.93,522761.08,522118.98,522204.10,522075.88,522343.89,522663.19,522590.41,523069.13,522547.07,522495.57,521585.11,521823.54,521822.54,523295.09,522435.72,521648.45,522635.68,521339.54,522567.49,521743.80,522426.03,522045.96,521668.59,523263.13,524395.51,522162.08,522805.02,521935.42,522565.42,521876.27,523137.68,521583.95,522639.77,522049.91,521401.13,522200.28,522027.81,522034.01,522040.37,521965.19,522160.33,523306.15,522116.13,523314.98,521611.61,522336.35
hmda_200000_4.csv,4,211.0109,100.00,606481.93,606487.87,46289.85,0.12,132.77,4.00,0.000800,50005.00,50017.00,49854.00,50124.00,obj,662282.22,592296.93,588465.91,594218.09,595834.45,598940.99,600632.23,601188.64,600748.39,600086.36,598201.25,595733.24,596362.58,595132.04,593149.27,591598.64,589429.75,587890.40,587356.44,587256.62,586307.43,586366.56,585891.67,583856.95,582089.93,581863.33,582487.06,583855.98,584096.92,584811.29,584790.11,584207.75,584697.14,585129.92,584714.90,584921.30,585642.02,591393.80,592702.15,592434.09,592541.88,593147.76,595165.96,599995.46,601998.67,603519.00,604842.01,605452.42,606487.38,606433.59,607257.24,607475.26,606382.01,606299.42,606701.49,606184.96,606805.40,606467.92,606301.05,606427.99,606869.87,606162.96,606455.46,606173.59,606242.89,606095.92,606148.77,606401.29,606344.65,606501.57,606310.20,606605.93,606431.44,606563.69,606049.34,606215.47,606310.21,606312.77,606264.79,606560.90,606211.16,606161.72,606473.92,606385.34,606289.60,606492.31,606261.02,606226.80,606341.75,606347.39,606146.97,606205.59,605918.93,606463.16,606123.18,606639.30,606320.44,606254.06,606557.21,606487.87
hmda_200000_4.csv,4,213.2609,100.00,606580.54,606588.55,59207.86,2.98,96.69,4.00,0.001000,50025.50,50024.00,49819.50,50131.00,obj,683312.84,619845.39,605786.01,605291.71,605622.31,606026.49,605674.61,604374.12,603688.82,602392.52,599846.79,599595.81,601015.78,601080.29,596087.18,594164.84,591429.88,590484.35,585287.69,583684.59,581176.62,582397.25,583907.45,586609.97,587378.40,589537.16,590979.02,590499.72,592961.83,591287.66,591446.25,590163.74,589876.63,588968.69,588165.59,588608.47,587731.70,587488.45,588014.24,587811.81,587203.81,587780.20,588528.96,587772.74,588365.65,588489.08,588707.02,587052.02,588130.38,588742.89,589638.65,590199.49,595266.23,594996.51,595122.76,593555.40,594616.43,597260.06,600074.81,601820.40,602792.13,603522.88,604734.26,604900.43,606314.90,606642.49,606254.86,606431.46,606990.54,606577.25,606361.84,607086.66,606510.64,606631.27,606141.56,606257.00,606289.31,606516.34,606410.57,606561.92,606133.63,606234.15,606573.95,606476.21,606355.88,606597.36,606360.83,606254.33,606342.19,606372.58,606153.68,606202.25,605773.22,606492.67,606101.32,606659.98,606332.52,606307.66,606733.87,606588.55
hmda_200000_4.csv,4,217.4722,100.00,666046.83,666071.84,6948.00,0.22,6967.80,4.00,0.005000,50114.50,50089.50,49832.00,49964.00,obj,771646.72,692789.51,656734.72,643138.34,635478.66,630521.14,628056.70,628063.24,629976.41,634742.70,634170.37,633124.42,632876.84,632349.68,632886.14,634270.99,635075.51,637674.77,634874.23,635554.40,631630.55,632382.96,631866.08,633888.59,633373.69,632736.75,635548.02,635197.44,635127.55,636935.40,636303.22,638850.84,640736.04,641756.73,640017.66,641214.91,645394.56,651486.50,661037.82,661473.75,664389.58,668798.80,674123.60,684570.37,686295.09,688905.84,687905.75,687276.51,686396.25,685205.70,676023.17,674015.77,671196.46,671359.94,670294.97,674308.11,675560.44,675713.12,679241.85,682217.37,682914.39,682479.66,684737.28,685078.07,689372.13,683536.35,686089.47,688879.18,687921.14,693508.87,695999.58,696192.45,698066.92,695806.74,688563.97,691141.02,686220.02,684609.29,673149.57,671529.26,668784.08,668330.59,667302.23,665567.49,665016.51,660795.38,658777.34,661457.30,663793.57,665014.41,663617.76,662494.31,667709.38,668438.85,666545.84,663682.49,665422.09,666569.69,666404.00,666071.84
hmda_200000_4.csv,4,221.6011,100.00,799982.51,799618.32,15140.00,0.28,1040.86,4.00,0.010000,49935.50,50055.50,50070.00,49939.00,obj,783825.46,739265.19,735860.05,737920.58,747107.38,751321.28,761067.07,774085.86,782019.50,791799.07,797202.15,798600.52,800108.38,799959.66,799931.67,801540.17,799976.67,800292.98,800256.63,800265.96,804564.12,801127.77,800881.36,802781.87,802609.84,799565.80,800013.55,802336.34,799473.36,799744.15,803281.34,800322.30,799872.30,800071.52,800288.62,799990.28,799999.36,799922.87,800729.85,800186.53,801180.45,800710.34,800719.83,800001.69,799721.96,800104.29,800192.98,800355.30,799877.60,800132.55,800248.12,801273.21,800678.28,800574.18,801145.73,799895.54,800366.13,801073.44,800006.13,800196.87,801001.54,802845.98,799921.54,800299.34,800066.24,799920.59,800884.83,800596.44,799943.23,800533.21,799791.95,800470.95,800162.56,803044.54,799657.88,800799.69,800187.02,799829.01,800210.76,799942.06,800957.94,799776.80,801194.32,801319.54,799892.63,800070.33,800037.27,799949.33,800675.97,801092.70,800039.11,800690.42,800614.97,800045.93,800702.27,799952.42,800513.96,800252.55,803412.66,799618.32
census1990_10000_4.csv,4,8.8818,100.00,88559.87,88514.14,12421.00,0.01,38.07,4.00,0.000100,2483.50,2517.50,2496.50,2502.50,obj,94534.43,88659.14,87264.70,86917.33,87069.30,87202.69,87476.82,87826.02,88009.24,87994.65,88500.51,88833.42,89197.17,89057.38,89140.96,89556.71,89522.06,89881.09,90449.44,90068.40,90104.73,90151.03,90671.13,90708.03,91214.34,91256.15,92269.24,92009.45,89502.74,89876.63,89681.45,90324.36,90718.00,91328.88,90856.35,90792.66,91282.25,91600.14,91363.46,91317.57,91610.52,91945.72,92384.11,92251.30,92787.68,92235.90,89763.29,86725.56,86346.64,86357.88,86384.56,86333.24,86796.95,87151.07,86810.39,87549.40,87660.37,87731.99,87495.32,87526.41,87764.46,87792.90,87752.60,88021.94,88064.65,88211.26,88006.68,88248.68,88300.14,88462.09,88677.68,88257.69,88326.95,88257.32,88626.78,88312.17,88647.54,88073.00,88546.66,88280.31,88424.02,88293.58,88211.94,88454.35,88378.20,88684.88,88394.62,88376.04,88654.40,88590.83,88689.83,88714.51,88871.87,88354.88,88532.02,88316.84,88344.78,88760.48,88650.67,88514.14
census1990_10000_4.csv,4,8.9278,100.00,88593.59,88598.62,985.00,0.02,171.93,4.00,0.000200,2491.50,2518.00,2499.00,2491.50,obj,95144.44,88644.94,87741.96,87680.95,88446.78,88620.04,88848.28,89026.20,89708.02,89796.99,90147.50,90529.64,91617.75,91142.67,90327.21,91036.95,91269.01,91756.12,89164.86,87675.46,87720.23,87735.91,87932.66,87707.49,88195.43,88284.65,88009.08,87900.60,88288.52,88436.96,88121.22,88356.70,88303.91,88740.55,88330.61,88184.34,88515.89,88497.46,88261.10,88493.09,88883.04,88593.57,88580.16,88470.84,88789.09,88362.92,88389.77,88660.35,88670.40,88726.47,88587.34,88613.51,88524.50,88647.11,88344.58,88960.99,88845.15,88917.52,88685.38,88573.06,88678.19,88600.24,88564.03,88674.22,88712.23,88916.55,88613.16,88702.46,88804.38,88987.44,89130.40,88715.59,88723.26,88593.68,88996.20,88658.62,89030.43,88396.43,88760.68,88513.33,88607.41,88450.90,88390.17,88618.83,88503.05,88745.42,88463.21,88505.81,88700.27,88635.65,88763.00,88879.53,88920.31,88448.90,88539.95,88357.54,88401.22,88837.42,88693.36,88598.62
census1990_10000_4.csv,4,9.0274,100.00,88873.38,88875.71,1241.00,0.14,263.18,4.00,0.000500,2478.00,2514.00,2512.50,2495.50,obj,100552.87,91194.25,89691.59,88992.67,88524.78,88474.40,88975.15,88980.05,88752.73,88901.19,88554.09,88855.97,88889.91,88873.26,88766.32,88786.36,88505.81,88922.08,89126.33,88638.37,88593.31,88512.44,88592.26,88776.19,88872.24,88889.48,88598.18,88273.46,88719.32,88640.44,88539.15,88528.37,88664.50,88965.77,88828.82,88549.66,89224.94,88797.25,88389.46,88804.64,89175.43,88758.45,88874.01,88473.83,88814.53,88684.13,88721.57,89157.37,88492.29,88794.10,88877.84,88916.32,88601.42,89197.11,88651.63,89083.85,88633.27,88828.51,88620.22,88639.81,88781.67,88569.36,88663.70,88913.89,88975.55,88876.21,88557.14,88931.49,88792.47,88916.23,88766.87,88967.08,88514.31,88965.54,89257.68,88600.08,88939.63,88469.76,88901.75,88836.14,88920.98,88706.04,88779.98,88787.99,88981.73,88587.53,88410.18,88913.91,88751.73,89046.00,88855.77,88972.31,88904.54,88622.92,88784.66,88838.22,88560.54,89060.79,88784.76,88875.71
census1990_10000_4.csv,4,8.9352,100.00,89300.51,89287.55,2749.00,0.01,260.74,4.00,0.000800,2504.50,2444.50,2532.00,2519.00,obj,102996.99,90398.86,89069.71,88734.22,88453.87,88543.12,89138.99,89084.83,88837.50,88978.19,88583.79,88827.61,88860.85,88832.09,88702.11,88725.69,88466.84,88889.64,89059.09,88549.05,88526.33,88556.17,88768.60,88893.30,88939.64,88858.72,88727.90,88473.83,88741.35,88735.07,88625.25,88790.26,88692.13,88982.70,88848.98,88669.66,89228.79,88728.83,88553.70,89013.37,89090.70,88779.12,89072.78,88535.58,88969.21,88731.57,88396.20,89146.72,88524.69,88963.55,88987.03,88807.15,88714.98,89148.53,88649.27,89175.62,88649.48,88995.34,88705.68,88759.05,88804.08,88634.24,88691.07,88914.18,88868.98,88880.39,88603.71,89118.11,88809.97,89149.11,88819.09,88940.24,88749.28,88908.93,89256.53,88624.57,89030.34,88650.41,89065.79,88841.60,88941.85,88707.74,88979.69,88766.98,88952.26,88682.09,88553.98,88942.00,88830.23,88997.95,88888.34,89127.20,88947.37,88757.12,88970.67,88799.42,88720.02,89042.14,88834.02,89287.55
census1990_10000_4.csv,4,8.9166,100.00,89329.96,89322.73,1765.00,0.05,303.81,4.00,0.001000,2502.00,2456.00,2528.00,2514.00,obj,103935.65,91028.42,89024.21,88753.41,88548.55,88633.34,89087.63,89138.27,88844.34,88993.21,88520.11,88816.37,88841.79,88811.17,88706.02,88712.97,88475.29,88918.11,88999.59,88645.81,88752.53,88626.89,88696.44,88931.88,89045.88,88855.24,88832.59,88437.16,88815.55,88758.83,88640.08,88759.40,88684.50,89020.17,88853.81,88756.71,89127.33,88812.39,88552.18,88991.10,89156.96,88798.23,89108.34,88583.91,89008.82,88764.92,88430.58,89249.00,88557.04,88933.99,89020.75,88775.02,88804.57,89072.98,88726.25,89253.01,88761.05,89053.18,88732.17,88857.92,88753.39,88740.09,88614.41,88960.14,88878.19,88877.09,88702.89,89121.13,88901.87,89178.44,88834.94,89042.91,88770.32,88924.77,89260.39,88690.79,89117.77,88695.04,89085.60,88888.26,88962.59,88836.03,88991.51,88864.70,88988.41,88739.85,88601.33,88953.84,88808.58,88906.45,88954.27,89332.16,88961.25,88772.82,88941.91,88799.16,88802.26,88961.22,89004.49,89322.73
census1990_10000_4.csv,4,9.0077,100.00,93666.16,93640.30,4337.00,0.10,6380.60,4.00,0.005000,2526.50,2502.50,2493.00,2478.00,obj,108466.48,99030.09,96420.57,95327.48,95616.27,97542.98,96495.54,94866.04,95213.16,94027.81,93682.22,93716.49,93200.80,93520.84,93275.45,93361.87,93076.81,93277.80,93356.16,92939.48,93516.16,93254.26,93371.22,93276.79,93790.25,93629.42,93512.41,93406.08,93499.19,93645.51,93619.84,93547.64,93367.03,93878.35,93555.82,93372.63,93514.19,93554.85,93408.81,93695.53,93780.33,93536.85,93654.67,93512.52,93627.87,93540.02,93468.73,93579.69,93604.82,93670.30,93622.61,93582.47,93692.31,93642.39,93629.31,93940.30,93733.19,93855.37,93546.94,93634.99,93476.43,93707.62,93649.98,93564.68,93620.41,93842.91,93557.20,93708.00,93935.84,93968.75,93961.48,93651.78,93859.23,93698.87,93841.32,93542.34,93662.59,93543.34,93609.80,93683.00,93688.45,93597.09,93603.91,93647.82,93434.63,93598.45,93653.00,93441.63,93797.89,93828.79,93683.21,93827.59,93742.54,93549.61,93688.72,93540.05,93611.75,93827.23,93670.95,93640.30
census1990_10000_4.csv,4,9.3260,100.00,99007.82,100542.46,90661.00,0.23,2136.49,4.00,0.010000,2484.00,2448.50,2527.00,2540.50,obj,111203.37,105070.54,101272.16,99893.11,99767.11,100003.54,100184.94,100015.81,100610.97,100943.08,100255.95,99383.17,99115.74,98848.22,98763.81,99270.76,99015.65,99418.84,99554.35,99569.24,98893.32,98859.19,99163.23,99010.11,99437.32,99252.47,99449.96,99293.33,98897.95,99172.46,99024.43,98725.00,99264.60,99645.40,98495.30,98587.12,98744.02,99351.07,98842.41,99085.19,98976.98,98624.53,99449.00,99088.48,99384.66,98393.34,98947.92,98928.17,98303.26,100243.20,98820.83,99038.36,98679.76,99429.24,98515.99,100347.13,99298.98,99205.76,99714.69,99343.16,99419.47,98760.34,99644.06,99371.89,99512.91,99244.76,98720.36,99240.25,98704.44,98776.07,99625.36,98781.05,99153.51,99183.05,98662.12,99204.04,99747.73,98799.62,98989.70,100150.59,99443.43,98980.55,99355.93,99844.86,99351.51,99709.98,98701.77,98766.25,98467.62,99177.23,98972.62,99192.58,98822.98,98818.28,98680.42,98936.28,98908.92,98976.28,98888.92,100542.46
census1990_20000_4.csv,4,18.2146,100.00,178598.90,178581.61,1924.00,0.03,127.93,4.00,0.000100,5037.00,4969.00,4983.00,5011.00,obj,187763.44,178566.57,180349.73,182133.37,183045.10,185028.58,186574.29,182382.96,177181.17,175642.17,175953.81,176537.36,177695.63,177855.22,178693.29,181549.69,181890.80,182218.98,183025.71,182966.47,182611.41,179544.01,177719.12,178247.93,177883.24,178191.66,177789.58,177687.66,178173.22,178210.26,178011.72,177972.17,178084.84,178238.03,177475.50,177793.88,177978.83,178509.75,178255.67,178022.89,178294.67,177886.21,177923.90,177963.30,178029.58,178499.44,178085.66,178533.07,178653.99,178264.51,178280.00,178643.28,178809.64,178123.17,178278.60,178603.12,178547.18,178509.62,178531.35,178789.42,178629.51,179073.92,178699.09,178710.25,178994.56,178692.60,178483.72,178232.48,179163.93,178376.88,178796.35,178829.08,178537.88,178935.46,179123.40,178362.90,178352.84,178690.82,178731.36,178592.33,178968.30,178823.66,178695.41,179045.56,178942.05,178732.83,178948.22,179366.67,178819.04,179345.90,178921.90,178962.37,178523.29,179130.96,178364.93,178704.65,179333.65,178468.17,178471.99,178581.61
census1990_20000_4.csv,4,18.1641,100.00,178711.31,178729.19,1250.00,0.02,13.11,4.00,0.000200,5030.00,4989.00,5001.50,4979.50,obj,192447.23,188253.76,190657.17,190751.30,180509.97,177112.51,177194.66,176998.25,177150.30,177834.12,177657.96,177812.95,178479.24,177907.87,178559.31,178210.85,178781.37,178418.05,178487.32,178705.76,178702.35,178594.99,178690.62,179115.30,178512.87,179149.22,179206.31,178840.79,179215.46,178984.48,178678.95,178359.98,178689.45,178915.80,178179.56,178384.66,178670.54,179007.25,178664.24,178482.56,178524.36,178291.00,177954.62,178289.29,178243.40,178546.08,178583.70,178644.16,178616.89,178359.85,178245.18,178839.57,178802.55,178657.13,178431.36,178548.65,178884.12,178910.48,178792.05,178754.10,178628.50,179090.57,178872.49,179001.39,179090.09,179250.60,178710.19,178574.71,179477.10,178384.40,178832.92,178727.51,178426.68,178907.21,178826.13,178257.12,178680.64,178940.86,178920.93,179390.75,179416.68,179135.50,178929.34,179210.02,178999.88,178705.46,178855.56,179184.14,178958.94,179325.89,178905.41,178984.08,178564.88,179175.29,178481.42,178710.46,179160.51,178653.00,178773.29,178729.19
census1990_20000_4.csv,4,18.2488,100.00,179042.80,179057.18,1040.00,0.02,266.96,4.00,0.000500,5025.50,4984.00,5009.50,4981.00,obj,201580.23,193865.80,179479.95,177949.78,177697.26,178279.05,178606.75,178315.63,178382.62,178781.95,178586.15,178848.60,179363.56,178624.74,179224.66,178819.24,179180.83,178933.89,178881.14,178982.52,179010.56,178987.17,178833.66,179321.90,178682.14,179194.69,179201.09,178828.20,179173.29,179117.19,178708.78,178461.90,178621.33,178978.68,178198.92,178477.26,178752.77,179017.30,178749.76,178574.71,178583.60,178358.21,178065.87,178476.36,178350.57,178612.26,178617.88,178765.40,178849.75,178594.95,178457.09,178895.38,178933.34,178712.77,178664.85,178686.70,178956.40,178962.32,178995.50,178934.57,178840.24,179277.21,178979.21,179173.56,179276.77,179426.60,178951.88,178827.16,179529.76,178495.67,179029.46,178768.35,178446.40,178974.57,179025.69,178559.05,178991.51,179095.72,179026.48,179331.41,179479.47,179212.01,179130.35,179422.26,179224.64,178918.21,179062.92,179260.88,179238.39,179586.87,179272.93,179451.73,179040.09,179597.92,178994.97,179023.90,179553.00,179113.91,179110.56,179057.18
census1990_20000_4.csv,4,18.2813,100.00,179376.99,179399.44,1800.00,0.00,55.43,4.00,0.000800,5029.50,4983.00,5013.50,4974.00,obj,208844.48,181367.79,179321.85,178763.97,178500.27,179048.59,179039.80,178697.22,178624.14,178984.69,178721.56,178895.37,179478.37,178736.68,179221.43,178857.75,179236.60,178865.39,178899.91,178945.50,179033.29,178946.00,178846.66,179323.43,178818.40,179214.11,179305.18,178873.04,179220.64,179087.31,178733.26,178451.78,178664.37,179147.41,178358.71,178565.61,178845.56,178939.85,178866.23,178705.14,178750.70,178427.66,178189.54,178646.08,178466.37,178643.17,178704.77,178976.40,179129.63,178727.81,178693.73,178913.80,179192.31,178886.17,178917.89,179013.64,179221.49,179162.73,179111.40,179087.27,178958.69,179419.16,179156.33,179359.31,179434.24,179615.20,179217.42,179126.13,179822.07,178866.12,179250.55,179043.86,178593.48,179195.66,179298.19,178740.71,179261.96,179135.17,179118.58,179614.34,179588.56,179291.57,179319.34,179822.40,179345.55,178995.07,179269.45,179471.87,179436.62,179744.59,179496.12,179673.19,179207.03,179849.51,179110.37,179598.04,179707.06,179418.79,179540.06,179399.44
census1990_20000_4.csv,4,18.1424,100.00,179778.50,179805.62,3050.00,0.11,265.78,4.00,0.001000,5035.00,4955.50,5033.00,4976.50,obj,208696.10,182820.11,179480.64,179174.93,178579.64,179103.16,179173.09,178699.52,178616.29,178998.15,178766.46,178950.98,179559.97,178796.53,179257.65,178956.68,179293.91,178980.84,178981.18,179064.01,179175.95,179069.16,179055.16,179479.83,178955.21,179269.06,179361.46,178926.45,179290.40,179121.43,178844.32,178492.97,178749.98,179296.06,178505.37,178679.38,178945.20,178972.66,178933.64,178805.26,178824.14,178500.17,178307.93,178703.49,178468.70,178723.12,178779.96,179092.34,179181.31,178793.18,178791.88,178983.80,179298.42,178920.82,178944.53,179031.59,179295.42,179211.98,179146.26,179163.98,179007.93,179504.90,179230.42,179516.97,179512.02,179678.86,179290.59,179133.74,179987.61,178933.18,179445.60,179274.27,178795.54,179584.36,179510.90,178957.58,179380.72,179376.63,179366.69,179917.79,179895.67,179487.31,179561.80,179959.77,179582.79,179251.80,179586.33,179766.47,179776.51,179907.96,179734.84,179805.60,179474.08,180239.29,179401.70,179930.01,179935.74,179638.87,179797.57,179805.62
census1990_20000_4.csv,4,18.5627,100.00,195169.92,195171.67,301.17,0.13,256.52,4.00,0.005000,5022.00,4957.00,5031.50,4989.50,obj,214575.99,199776.31,195991.09,195950.05,195362.45,194908.40,194879.86,194877.87,195373.49,196479.85,196349.95,196116.55,197065.81,197103.52,196991.90,196668.77,196154.66,196643.26,196792.21,196237.66,196102.48,195656.51,195225.32,195360.24,195025.43,194929.37,195013.63,194786.42,195101.45,195480.27,195516.75,195356.54,195381.33,195455.58,195524.49,195602.03,195449.31,195543.12,195661.42,195162.23,195641.77,195167.79,195243.22,195092.37,195299.61,195325.23,194864.98,194945.06,194850.12,195193.59,194813.55,195338.09,195436.25,195365.07,195440.54,195221.06,195420.84,195324.50,195176.75,195351.71,194936.31,195170.64,195528.73,195223.58,195300.01,195269.59,195313.66,195035.69,195211.77,195310.61,195134.25,195476.09,195508.40,195706.45,195269.10,195230.44,195760.23,195355.99,195316.87,195584.30,195508.35,195244.51,194855.19,195594.29,195258.63,195406.87,195441.37,195162.86,195492.97,195726.86,195417.27,195914.37,195169.05,195497.57,195188.95,195168.02,195908.18,195309.19,195613.12,195171.67
census1990_20000_4.csv,4,18.3945,100.00,197574.75,197637.44,4250.00,0.01,366.41,4.00,0.010000,4991.50,4997.50,5037.50,4973.50,obj,219326.46,206280.20,204136.29,200371.13,197675.96,197406.57,197214.02,198584.01,199195.86,199677.85,199174.45,198452.09,197645.68,197167.01,197350.50,197257.44,196950.77,197163.37,196260.33,196378.86,195773.21,195357.99,195622.43,195613.59,195625.74,195419.02,195345.14,194739.89,195500.89,195043.58,195155.70,194838.01,194892.06,194696.34,194736.93,194754.42,194709.23,194857.05,195229.38,194721.49,194518.87,193862.69,193855.63,193789.49,193418.75,193545.48,193227.36,193647.80,193612.22,193202.34,193699.90,192891.06,193680.71,193432.61,193477.67,193587.36,193362.39,194419.13,193894.33,194342.58,194006.83,195067.02,196242.27,196954.51,197301.64,197396.72,197047.87,197263.50,197282.85,197144.51,197519.39,197750.79,197755.55,197372.25,197292.98,197344.42,197559.71,197628.96,197024.69,197259.11,197004.19,197155.15,197262.32,197129.67,196988.72,197225.25,196711.94,197207.18,197088.85,197286.21,197118.17,197881.06,197200.85,197086.49,197243.14,197166.77,197837.89,197347.18,197405.01,197637.44
census1990_50000_4.csv,4,46.3320,100.00,445896.44,446371.65,73565.00,0.26,1139.07,4.00,0.000100,12457.50,12470.50,12481.50,12590.50,obj,459966.73,451584.53,453061.62,447144.97,445531.06,445606.06,445159.76,444396.34,445612.63,444878.51,445448.45,445246.11,444840.18,445588.64,445066.65,445426.69,444661.83,445516.78,444814.74,445226.66,445767.73,445221.21,444872.67,445500.49,445891.86,446356.42,445524.29,444832.61,445177.57,445337.50,445833.46,445569.67,445365.98,446939.35,446157.24,446720.85,445542.55,446109.17,445193.21,444939.02,445179.00,445435.10,445784.07,445468.48,445212.45,445654.04,446338.80,446114.98,446080.07,446437.50,445895.27,446335.22,445972.56,444589.48,446050.29,445373.82,446078.40,446069.01,446060.44,445096.70,445125.59,446019.09,445510.33,446010.50,445990.38,446480.75,446506.17,446376.94,446408.22,445547.62,445862.00,446381.01,446457.84,446966.09,445248.27,444792.60,446274.80,446260.38,446512.00,445999.39,444812.85,446763.02,445133.63,446306.95,446378.54,446223.43,446551.60,446023.82,445886.59,446103.51,446548.19,446150.39,446815.17,446949.24,446198.34,445925.15,445215.91,446708.17,445981.90,446371.65
census1990_50000_4.csv,4,46.3771,100.00,446776.19,446618.74,15149.00,0.20,906.33,4.00,0.000200,12498.50,12508.50,12552.00,12441.00,obj,466687.93,454019.35,447866.16,445441.87,445752.41,445929.08,445759.40,444907.27,445986.19,444873.05,444872.35,445176.51,444863.50,446632.61,445280.02,446095.91,445010.20,446619.65,445103.68,445510.18,446010.88,446143.06,445402.12,445862.03,446429.68,445587.73,445767.26,445613.28,445570.57,445331.26,447038.34,446263.23,445595.83,446162.92,446054.53,446568.18,445768.68,446172.09,445782.59,446337.88,445839.51,445268.51,445653.28,445341.66,446399.88,445829.51,446392.13,445579.49,445939.76,446534.54,445426.08,446536.00,446155.72,445659.09,446412.07,445825.49,446040.80,445878.66,445715.54,446363.72,446116.44,445861.83,445936.71,445893.61,446037.28,446481.19,446471.10,446127.76,446759.24,446201.12,446106.76,446142.70,446489.09,446000.46,446419.93,445380.30,446477.53,446361.69,445844.44,446176.60,445998.59,447168.08,445758.26,446420.16,446731.46,446122.02,446659.67,446363.37,446857.09,446545.90,446601.74,446166.46,446333.47,447073.89,446198.79,447145.46,445897.09,446888.39,445276.72,446618.74
census1990_50000_4.csv,4,46.4427,100.00,447200.97,447336.54,8389.00,0.27,688.60,4.00,0.000500,12473.00,12490.00,12528.50,12508.50,obj,471336.35,448880.80,445843.38,444603.40,445315.60,445625.25,445267.74,444562.82,445596.73,444394.03,445752.60,445872.47,445514.44,446152.53,445321.38,446309.86,445504.32,446495.94,445333.03,446055.20,446356.95,446023.86,445702.50,446470.87,446061.50,446137.18,445679.87,446011.43,445831.00,445928.83,447104.44,446561.29,445576.66,446524.78,446001.24,446578.72,446115.72,446636.72,445979.02,446792.93,445731.98,445667.08,445775.95,445927.61,446435.61,446691.67,446374.69,446218.81,446202.42,446602.03,446100.92,446549.91,446771.40,445954.57,446974.37,446313.91,446308.83,446370.55,446784.43,446391.06,446620.66,446744.10,446505.54,446241.14,446632.13,447099.87,446747.88,446788.92,447304.22,446784.32,446585.34,446754.98,446937.88,447173.34,446980.60,446247.92,447013.37,446699.41,447032.92,446922.02,446446.36,448093.17,446595.66,447241.61,447334.29,446787.45,447408.42,447361.18,447560.73,447596.70,447054.98,446818.34,447535.35,447670.36,446835.85,447803.46,446885.40,447575.76,446519.21,447336.54
census1990_50000_4.csv,4,45.9560,100.00,447879.24,447943.31,1565.00,0.23,1231.64,4.00,0.000800,12486.50,12478.00,12528.50,12507.00,obj,470289.69,454972.72,449009.19,446731.51,446281.36,445540.86,445491.85,444516.67,445414.14,444271.23,445811.33,445791.56,445335.22,446042.68,445198.72,446315.32,445466.43,446530.64,445445.78,446062.20,446526.22,446016.71,445814.90,446593.87,446173.37,446177.86,445749.75,446076.25,445994.66,446107.33,447246.39,446769.91,445706.07,446765.21,446141.37,446823.79,446287.16,446951.96,446194.47,447030.22,445901.46,445915.84,446186.84,446333.81,446696.78,446987.26,446718.95,446487.63,446645.60,446817.98,446384.23,446873.30,447025.66,446256.33,447386.54,446623.36,446746.53,446831.61,447167.14,446842.98,447160.42,447287.98,447240.09,447277.68,447252.20,447692.97,447340.04,447344.79,447846.78,447319.37,447199.32,447180.34,447547.92,447906.16,447485.70,446677.17,447278.92,447290.33,447465.12,447310.82,446841.28,448683.37,447159.39,447795.14,447882.88,447463.12,448080.03,448020.31,448185.01,448223.29,447906.57,447450.06,448144.95,447884.83,447311.47,448227.51,447227.94,448099.70,447220.31,447943.31
census1990_50000_4.csv,4,46.1005,100.00,448051.68,448090.65,745.00,0.08,1528.25,4.00,0.001000,12497.50,12484.50,12516.00,12502.00,obj,475447.20,458367.48,451334.81,448334.96,447761.72,446198.40,446009.22,445036.91,445581.08,444378.57,445019.06,445392.38,445063.07,445808.77,445179.69,446138.98,445415.72,446561.01,445378.52,446001.65,446531.38,445985.85,445838.49,446588.53,446234.27,446184.32,445734.63,446017.34,446038.37,446159.07,447263.52,446824.14,445793.91,446899.58,446227.96,446889.78,446379.30,447071.38,446347.88,447150.85,446000.44,446116.85,446298.91,446431.28,446834.40,447096.08,446826.34,446647.15,446660.16,446867.73,446422.24,446891.87,447068.60,446343.92,447397.05,446752.94,446841.18,446949.17,447254.02,446931.74,447216.71,447393.59,447390.19,447376.43,447378.69,447809.89,447403.23,447414.46,447970.47,447410.03,447317.96,447233.52,447660.41,447991.90,447682.20,446798.68,447367.13,447527.93,447615.51,447455.57,447183.47,449058.97,447492.80,448007.25,448095.19,447658.33,448219.47,448001.18,448251.84,448184.56,448015.72,447573.08,448248.94,447983.37,447310.29,448344.55,447462.72,448090.75,447265.61,448090.65
census1990_50000_4.csv,4,46.1467,100.00,465303.59,465273.58,2225.00,0.59,29282.91,4.00,0.005000,12483.50,12531.50,12481.00,12504.00,obj,508556.01,493331.94,488756.36,483927.01,480773.73,479766.16,478099.60,477997.37,478532.86,476774.63,475795.88,473929.89,472004.08,472361.39,471132.00,471458.77,470051.81,469489.44,469705.74,469752.28,470160.65,469356.61,469661.72,470029.87,470259.64,469645.76,469211.02,468577.98,468800.90,469218.83,469059.80,469827.28,471147.33,473764.71,473586.46,474278.03,474061.56,473944.62,473079.62,473626.56,472420.55,472165.97,472508.35,472120.61,472574.57,472194.54,471268.62,471324.20,471483.25,471361.71,471155.58,470610.80,471019.19,470211.67,470734.25,470286.19,470630.64,470653.24,470013.63,470231.27,470146.81,469572.47,469620.49,469965.49,469501.71,468774.95,468068.23,468244.09,468578.57,467618.22,467944.10,467595.85,467335.40,467889.21,466804.74,466571.91,466881.08,466526.87,466813.69,466495.95,466174.76,466935.59,466105.41,466245.35,466764.63,466186.12,466409.30,466914.72,466761.73,466765.11,466066.77,466221.36,466061.35,466462.31,465914.27,466362.80,466097.76,466640.25,466638.55,465273.58
census1990_50000_4.csv,4,46.6563,100.00,464251.12,464288.91,994.11,0.15,11910.72,4.00,0.010000,12504.00,12495.00,12493.00,12508.00,obj,518179.98,494365.88,492287.00,491460.18,491446.31,491679.17,490849.62,490728.30,490342.84,489180.57,489612.83,489935.21,489547.99,489168.11,488924.77,488102.26,486064.88,485343.72,484007.85,483262.94,482684.79,481236.90,480784.44,480597.36,479973.39,480002.61,479297.88,478494.81,478018.29,478115.11,478562.33,478237.67,477462.39,477596.30,477959.49,476851.69,476230.10,476620.31,475520.58,475801.76,474975.33,474853.77,474564.70,475663.10,474675.62,475552.87,474675.55,473778.49,474116.92,473666.56,473889.31,473275.35,473974.93,472636.95,473611.22,471681.54,472383.00,472465.45,471974.65,472568.22,471569.60,471302.87,470774.51,471352.30,470642.88,470930.54,470578.55,470432.89,470677.72,470068.00,469897.22,470352.22,469375.99,469006.17,468477.81,467983.70,467598.58,468013.64,467829.65,467775.08,467278.27,468684.29,467291.46,466506.87,467717.59,467333.33,467070.84,467198.85,467866.15,467150.53,466599.14,466009.35,466308.82,466345.27,466256.45,466012.54,465366.48,465046.99,464663.64,464288.91
census1990_100000_4.csv,4,96.5864,100.00,890426.66,890563.00,70100.00,0.40,1696.38,4.00,0.000100,24987.00,24981.00,25176.00,24856.00,obj,916069.64,907604.51,906213.77,892436.97,891585.06,891798.26,890554.41,891081.76,890590.14,891624.92,892588.05,889661.59,891358.38,892094.73,890914.80,892046.05,890869.10,890929.45,890728.43,891412.33,891130.30,890787.65,890753.25,890057.49,890276.38,890906.58,890175.57,891076.74,891260.85,891523.85,889855.63,891284.25,891182.11,890520.19,891404.65,891015.74,891676.58,891736.04,891991.18,891053.49,893879.57,890410.10,892251.13,891176.15,893133.55,891309.34,892484.23,891140.71,891669.21,891693.77,891156.63,891069.26,891174.73,892518.20,891404.08,892354.96,892022.07,892044.01,891808.07,892360.09,891736.84,893624.96,891230.38,892190.63,890152.19,893257.69,891798.65,892665.98,891588.93,891930.15,891280.58,892011.68,892612.77,892656.94,891069.41,891696.33,891488.40,893574.63,891642.92,891652.20,892011.62,891932.86,892201.72,892735.92,891559.64,892837.40,891013.46,892639.50,891351.44,892308.95,892955.07,892855.15,891766.89,891771.49,892304.19,891779.68,892675.20,892589.05,892291.36,890563.00
census1990_100000_4.csv,4,95.0731,100.00,896992.87,897080.66,48196.00,0.16,1186.75,4.00,0.000200,25046.00,25015.00,25069.00,24870.00,obj,950986.31,901098.67,893473.41,891016.48,892139.71,892577.96,890672.67,891114.43,890405.06,891231.77,891701.40,889322.94,891380.65,891835.84,891311.88,891489.86,890756.39,891808.99,891045.65,892012.89,891920.72,891892.72,891554.36,891112.27,891734.98,891562.67,891504.11,892108.22,892062.70,892475.42,891058.89,891619.07,891932.16,890983.57,892155.99,891544.61,892288.82,891869.39,892024.63,891741.61,893022.69,891563.14,892628.94,891585.79,892480.15,892247.65,892467.64,892033.20,891703.43,891885.31,891788.35,892008.06,891748.22,893152.88,891978.23,893276.95,891957.83,892632.25,893073.83,892488.25,893670.75,892703.37,893385.02,892342.19,892625.63,893614.43,893857.69,893662.81,892618.95,893300.79,893485.49,893199.35,894372.32,893520.72,893598.94,894195.23,894260.65,894821.86,894969.32,892962.14,894288.04,894376.00,894578.33,894473.40,894008.08,893924.24,894825.82,894803.66,895340.62,895311.58,897409.46,895951.61,896460.46,896652.43,897432.28,896961.78,898143.31,898292.43,898649.85,897080.66
census1990_100000_4.csv,4,95.0682,100.00,899455.89,899467.77,1152.21,0.07,26.61,4.00,0.000500,25028.50,24993.00,25000.00,24978.50,obj,962557.45,928337.72,906899.54,896902.71,895508.53,894378.00,890617.13,891057.25,890773.46,892151.76,892628.82,888932.83,891355.68,891578.20,891069.76,891744.94,891499.60,891419.48,891589.03,892151.38,891876.06,892302.75,892063.45,891401.88,891956.54,891833.26,892437.49,893418.43,892838.42,892935.67,891711.71,892959.81,892693.85,891743.27,893946.23,892760.08,893720.68,893654.33,893111.24,893958.11,894676.32,894203.38,894533.38,894190.32,894847.50,895024.46,895734.36,895170.84,895691.43,895942.33,896478.68,896729.71,897503.82,899036.82,898405.38,899755.32,898571.28,899082.34,899463.70,899622.77,899841.83,899129.10,899950.82,899076.26,899645.10,900044.48,900170.79,901089.52,899750.48,900589.08,900786.55,901046.44,901340.73,900328.49,900151.53,900870.55,900575.69,901147.40,901665.71,898966.07,900879.37,901103.82,900892.42,900705.44,900068.03,899598.65,899989.78,900112.37,899245.18,899614.39,901663.25,900087.83,900187.61,900014.73,900972.78,900658.96,900998.11,901177.22,900668.84,899467.77
census1990_100000_4.csv,4,95.2586,100.00,898920.22,898918.37,32.91,0.28,517.09,4.00,0.000800,25003.00,25002.00,25010.50,24984.50,obj,995668.40,948174.10,941570.25,928428.91,920018.28,913669.53,903280.63,900527.50,898701.76,896493.84,896336.33,892375.58,893651.53,893032.17,892227.34,893021.01,892253.87,891190.18,891578.73,892269.10,891990.35,892258.92,892302.84,891597.24,892598.12,892779.23,893371.49,894184.27,893768.16,893689.58,893034.96,894055.99,894138.85,893683.08,895779.34,895076.29,896429.24,896579.01,895879.42,897293.40,897966.19,897251.46,897492.05,897083.98,898129.69,898586.94,898869.48,898298.95,899381.61,898868.76,898772.75,898715.89,898755.03,900285.69,899159.25,900146.75,898720.61,898968.91,899379.14,899739.60,899851.99,898703.39,899479.54,898658.16,899504.10,899893.00,899925.74,900633.42,899477.22,900176.51,900027.12,900660.76,900790.71,899862.35,899815.67,900811.71,900042.57,900789.74,901459.79,898886.65,900949.72,900930.03,900715.69,900449.17,899806.87,899579.32,900011.07,900098.01,899049.36,899579.54,901468.85,900125.89,900047.15,899946.61,900544.22,900166.32,900858.92,900869.47,900505.79,898918.37
census1990_100000_4.csv,4,95.2924,100.00,936511.96,936520.92,122.00,0.78,53976.57,4.00,0.001000,25013.00,25025.50,24987.00,24974.50,obj,1002243.41,955211.06,946889.96,942570.25,931105.34,928068.04,923188.51,926927.36,927937.17,940055.86,944155.50,937337.45,937362.95,937589.93,938095.91,937561.38,934346.54,933411.41,932315.15,933505.92,932865.01,932259.40,933976.03,932282.80,932368.07,932887.88,933071.18,934127.95,933547.53,933230.02,933326.21,934492.76,934195.32,934665.56,934812.45,934683.51,935127.32,935375.17,934507.42,934912.06,936731.47,935703.02,935964.57,936025.20,936948.56,936586.52,938175.90,937410.15,938148.76,936913.95,936074.87,936916.15,936673.13,938294.20,937356.78,938166.92,937410.25,937055.65,937476.43,937600.28,938316.93,936913.96,938509.96,937570.90,937724.04,937291.42,937585.88,938230.72,936750.76,937872.75,937150.87,937888.15,938071.34,937344.20,937497.88,938441.80,938042.62,938853.69,938689.38,937761.23,938184.15,938700.37,938352.03,938183.72,938189.41,936997.05,938588.23,937680.14,936917.97,937926.28,938558.79,937695.57,937645.77,937317.43,938356.20,937816.39,938321.68,938099.45,938220.16,936520.92
census1990_100000_4.csv,4,94.3253,100.00,922144.81,922402.31,3236.00,0.84,6466.66,4.00,0.005000,25042.00,25032.00,24979.00,24947.00,obj,1053398.77,989918.53,984173.49,981916.14,980186.15,980223.11,977928.11,978724.47,979073.38,980678.32,981147.11,979092.33,979815.96,983900.55,980789.30,977130.93,969890.43,964088.02,957830.17,952173.09,948824.23,947394.73,946233.98,945026.50,943449.03,944389.07,944062.14,944997.56,945122.41,944880.77,943402.92,942999.14,943367.38,943068.62,944064.16,942966.43,942282.48,943224.29,943688.34,940980.49,940524.57,938589.77,938331.36,938602.01,938721.13,936623.03,936508.82,936434.71,936211.34,933956.28,934555.67,933853.72,933309.49,933622.23,933006.67,932949.94,933627.28,934752.88,934240.55,932675.38,931397.69,930500.59,931828.21,931196.99,930026.73,929101.32,930099.06,929329.19,927547.92,927611.52,926839.51,926453.56,926446.58,924973.33,925277.30,926269.77,926414.25,926074.32,927652.42,925865.57,926653.58,927472.31,926751.79,926191.85,925986.12,925793.59,926017.66,925409.14,925256.77,925341.38,927085.31,926727.20,926279.64,924577.90,925322.87,924367.86,925069.96,924450.48,923828.75,922402.31
census1990_100000_4.csv,4,95.0299,100.00,979118.35,979059.67,416.00,0.02,11379.65,4.00,0.010000,25031.50,24999.00,24979.50,24990.00,obj,1063702.33,994884.73,984218.99,983518.99,984010.35,984006.27,982114.75,982936.92,982692.61,984278.38,986273.59,986694.07,989075.32,989200.80,989412.49,990275.44,990913.86,991572.55,992241.49,994248.38,995095.58,996192.60,998740.84,999295.22,1000142.83,1004877.77,1005226.51,1003462.82,1001988.10,996549.97,997968.05,997193.29,998410.40,997032.79,996466.94,995755.09,995420.25,993113.72,993028.63,992671.91,993879.99,992399.66,992117.41,991895.90,991329.21,991784.85,991408.44,990990.56,990437.75,989837.77,990592.11,988952.02,989412.01,990795.01,989369.56,988387.70,988858.95,988432.44,987723.28,988905.66,987771.47,988255.69,988242.25,988219.49,988558.58,987926.31,987440.99,987981.45,986637.67,987455.41,986562.96,985316.66,984675.30,985501.77,986174.26,985721.63,983561.13,982872.26,983302.21,982271.61,982557.34,983763.16,982500.67,982885.66,983487.18,981807.96,981320.85,981569.38,981192.74,980416.92,982483.04,981556.35,980833.00,979359.26,979704.73,978761.80,979522.91,979517.99,979997.40,979059.67
census1990_200000_4.csv,4,223.5735,100.00,1795770.62,1795704.46,400370.00,0.02,966.73,4.00,0.000100,50027.50,49991.00,49765.00,50216.50,obj,1928680.45,1782658.89,1783865.85,1780265.82,1781046.98,1781525.01,1781989.42,1782203.92,1782311.12,1783693.35,1783493.39,1783005.27,1783944.62,1783509.70,1784327.66,1784847.36,1783960.49,1783068.30,1783208.99,1784148.11,1782775.99,1783363.56,1783781.53,1784545.40,1785303.13,1782326.67,1783634.36,1783065.23,1784664.86,1784138.74,1785102.72,1783219.99,1783023.84,1784447.34,1783096.59,1783095.87,1784234.60,1787327.05,1784427.95,1783729.23,1785210.85,1783203.63,1786004.04,1785296.43,1785480.13,1785480.39,1784771.89,1784330.16,1784257.97,1785506.71,1785557.67,1784627.92,1785829.94,1784012.63,1783927.11,1785199.80,1785544.76,1785828.63,1785306.30,1785832.00,1786417.61,1785172.32,1787012.60,1787346.55,1785976.23,1786978.15,1788078.89,1788148.61,1788035.47,1788491.45,1787979.65,1789893.74,1787730.29,1787806.58,1789416.20,1790460.48,1789609.96,1791100.21,1789848.80,1791736.07,1792801.37,1791926.54,1791608.58,1791826.41,1793312.23,1792122.29,1794460.45,1794025.87,1793176.20,1796330.30,1796006.70,1794229.36,1795222.84,1794523.06,1796750.26,1794670.09,1795979.84,1797014.58,1796256.07,1795704.46
census1990_200000_4.csv,4,221.6947,100.00,1800705.86,1800686.32,99664.00,1.63,713.35,4.00,0.000200,49983.00,50048.00,49823.00,50146.00,obj,1895803.36,1792970.10,1778018.34,1775485.05,1775540.86,1779962.86,1781663.17,1781590.82,1782052.39,1783509.31,1783454.41,1783230.80,1784004.72,1783973.24,1784989.50,1785497.69,1785039.27,1784207.81,1784110.81,1785087.81,1783689.79,1784110.70,1784658.95,1785406.81,1786452.73,1783478.26,1784879.37,1784943.94,1786300.69,1785980.55,1787100.40,1785413.21,1785186.75,1787004.73,1786121.10,1786524.51,1787327.20,1790262.69,1788135.31,1787376.84,1789373.15,1787824.63,1790778.15,1790493.05,1791244.42,1792397.87,1792122.58,1792762.73,1794016.16,1794666.66,1796128.84,1794970.58,1795866.28,1794993.84,1794620.44,1796312.22,1796177.69,1796491.16,1796678.99,1797209.60,1798028.70,1797310.21,1798802.74,1798420.56,1797161.45,1797500.43,1799323.81,1799486.30,1798939.59,1800318.91,1799824.19,1802659.53,1800755.17,1800693.69,1801683.81,1801898.02,1801355.82,1802976.22,1801635.04,1802911.09,1803483.36,1802404.72,1800628.61,1799869.19,1802287.34,1799737.59,1801118.42,1801051.02,1799472.11,1803069.03,1801210.52,1800660.66,1801619.54,1800913.19,1802620.73,1800002.38,1801787.74,1802240.09,1801625.84,1800686.32
census1990_200000_4.csv,4,216.8847,100.00,1800588.89,1800616.91,85460.00,0.92,1084.38,4.00,0.000500,49963.00,50056.00,49860.00,50121.00,obj,1931063.53,1868797.50,1840464.54,1819443.63,1806931.04,1797569.15,1791645.27,1788091.13,1788317.60,1786009.56,1784158.53,1782560.09,1782682.49,1783559.73,1782550.25,1781202.31,1780202.45,1781621.47,1780396.86,1782070.14,1781859.99,1785480.96,1786263.50,1787738.68,1788532.69,1786474.25,1787431.51,1786785.48,1788245.48,1788344.93,1789929.33,1789241.82,1789455.69,1791742.73,1791549.18,1792038.80,1794012.93,1797528.52,1796176.41,1795546.80,1797117.37,1796162.13,1799333.04,1798942.85,1799271.70,1799713.88,1798849.08,1799220.15,1799747.75,1800345.85,1801881.73,1800070.38,1800869.85,1800430.65,1800009.73,1801323.67,1800777.66,1800857.90,1801336.05,1800981.69,1802112.54,1801271.59,1801938.26,1801801.82,1800295.60,1800096.53,1801542.08,1801210.97,1800590.65,1800867.65,1801339.98,1803454.89,1801479.38,1800841.12,1802074.00,1802061.55,1800852.26,1802756.84,1801739.43,1802469.86,1803723.72,1802900.24,1801216.09,1799153.60,1802096.20,1799838.75,1800933.44,1800678.39,1799352.34,1803436.58,1800685.43,1800008.03,1801067.08,1800721.28,1801969.76,1799057.05,1800754.15,1801581.72,1802353.53,1800616.91
census1990_200000_4.csv,4,212.2986,100.00,1799628.93,1799610.15,17354.00,5.58,1774.34,4.00,0.000800,49981.50,50058.50,49896.50,50063.50,obj,1953317.60,1924240.94,1905729.41,1880946.00,1866916.88,1850634.69,1834221.38,1819096.04,1815748.46,1810944.30,1807560.53,1807896.22,1809108.30,1805769.74,1803467.06,1800936.62,1797755.05,1794558.25,1795534.52,1796036.92,1792694.26,1791153.93,1790368.93,1789170.02,1787891.27,1784149.53,1783449.66,1782694.74,1782842.66,1782180.66,1782113.45,1779786.53,1779722.49,1781677.52,1781459.14,1782503.74,1781358.57,1783754.44,1781131.88,1780723.95,1783219.15,1782331.27,1784456.04,1783867.85,1784852.59,1785753.05,1787817.89,1787045.72,1786948.45,1788849.43,1790097.29,1789912.56,1791626.20,1791766.72,1792785.39,1794433.53,1794120.27,1795563.61,1795910.70,1796620.70,1798323.53,1798590.24,1798765.33,1800207.11,1798682.84,1798470.72,1801164.04,1800967.32,1800100.58,1800623.15,1799704.64,1802730.17,1800358.43,1799631.45,1801286.47,1801792.06,1800393.26,1801735.30,1801927.21,1802027.90,1803245.78,1802768.95,1802070.10,1799935.61,1802950.16,1799812.22,1800534.79,1800275.81,1798607.32,1803336.14,1800420.59,1799682.75,1800048.39,1799644.16,1800639.32,1798270.12,1800396.42,1801222.09,1801497.32,1799610.15
census1990_200000_4.csv,4,208.5430,100.00,1799749.74,1799734.78,4702.72,0.70,1264.46,4.00,0.001000,49992.50,50055.00,49920.50,50032.00,obj,1964784.98,1939613.16,1928096.35,1910817.39,1892725.82,1874880.58,1864807.86,1847231.83,1831807.89,1823020.83,1819582.38,1816030.67,1814475.82,1814172.52,1814064.34,1814160.25,1813160.49,1809633.03,1807153.29,1806171.36,1802637.73,1803308.03,1803050.65,1804231.57,1804750.94,1799928.41,1797397.40,1796123.73,1796620.08,1793456.30,1792508.59,1788983.38,1788816.29,1789134.66,1786199.29,1785938.05,1785250.71,1786155.72,1783078.35,1781610.34,1782536.20,1780293.16,1783481.13,1781733.29,1780533.30,1781689.22,1779987.08,1778635.05,1777094.59,1778323.65,1779928.44,1777520.19,1778408.68,1776286.91,1775643.56,1776868.69,1779512.74,1781595.24,1782813.73,1784978.58,1785758.67,1785890.97,1787485.48,1788306.58,1787446.73,1787199.83,1789138.06,1788875.01,1789794.45,1789895.54,1790275.50,1794182.75,1792972.49,1794248.06,1795799.83,1796125.54,1796790.66,1799322.34,1800352.13,1801841.80,1802918.42,1802633.96,1801612.53,1800251.92,1803357.33,1799928.07,1800225.08,1799328.20,1797887.74,1802303.22,1799913.64,1799403.76,1799376.75,1798641.02,1799357.82,1797564.06,1800194.97,1800500.73,1801268.66,1799734.78
census1990_200000_4.csv,4,206.8134,100.00,1849434.86,1849132.31,146450.00,0.28,1181.62,4.00,0.005000,50064.00,49951.00,49873.50,50111.50,obj,2035452.37,1956289.09,1931329.38,1928541.48,1929427.54,1928634.69,1927838.32,1927037.22,1926629.93,1927444.74,1929649.66,1929503.68,1927772.22,1927251.36,1928501.35,1930435.30,1928063.09,1928174.26,1926535.90,1927832.66,1923859.34,1922097.56,1922670.46,1921179.00,1918637.13,1914636.21,1912912.35,1910516.89,1911166.01,1907674.24,1903800.42,1899678.66,1894204.79,1892748.25,1886671.22,1878994.07,1871889.42,1868975.69,1865068.58,1864031.49,1864684.17,1862519.98,1864280.55,1862253.71,1861995.47,1861430.93,1859129.64,1858384.27,1857471.41,1857859.63,1857581.56,1856346.25,1856284.13,1854976.23,1854447.50,1855867.10,1855117.01,1857824.18,1857451.83,1857183.28,1855775.97,1856284.56,1859028.31,1857719.24,1857082.96,1856605.09,1859132.88,1860270.67,1861429.49,1862127.39,1861995.17,1861988.59,1861169.98,1859908.86,1859148.23,1860072.20,1860165.94,1859816.32,1859156.36,1861183.63,1859349.46,1858119.45,1858179.63,1855268.31,1857971.66,1853949.11,1856536.55,1854879.65,1853481.73,1855271.62,1853927.51,1851579.49,1852717.25,1852021.99,1852290.76,1852169.03,1851232.30,1851285.96,1849388.53,1849132.31
census1990_200000_4.csv,4,208.0293,100.00,1912949.27,1912974.46,13730.00,0.50,1937.47,4.00,0.010000,49994.50,49966.00,49985.00,50054.50,obj,2050134.93,2014008.82,1982961.40,1957016.71,1932981.41,1926851.78,1926014.40,1925228.30,1924082.68,1925127.93,1925238.18,1923856.37,1922615.96,1920753.56,1921216.94,1920999.98,1921839.41,1919137.72,1919571.20,1919185.93,1918367.12,1921017.71,1924035.73,1921579.91,1919680.57,1918524.48,1918881.44,1918711.33,1916883.87,1915653.20,1915256.35,1914577.47,1914277.28,1915465.32,1912539.07,1910562.60,1910549.65,1909275.30,1908309.35,1909398.02,1906817.94,1905146.83,1904470.46,1903338.42,1902080.04,1900614.09,1902353.05,1899222.92,1899909.38,1900449.92,1900795.34,1899222.98,1901931.29,1898402.76,1898870.69,1900442.77,1899593.81,1898986.58,1898499.53,1899045.29,1898306.51,1899160.19,1898691.76,1897784.79,1896682.80,1898815.32,1898553.77,1899205.71,1899664.38,1899243.82,1901180.16,1900911.99,1902351.38,1903552.88,1900953.12,1903059.52,1903402.65,1905210.03,1907611.48,1905410.48,1909905.27,1909896.55,1912517.23,1913353.18,1915585.02,1914038.93,1913120.91,1916281.45,1914728.63,1914397.00,1913060.80,1912569.38,1915947.17,1914139.58,1914299.71,1914379.72,1914366.83,1914325.26,1914155.61,1912974.46
hmda_500000_4.csv,4,685.7946,100.00,1357719.55,1358840.27,522260.00,1.08,61346.04,4.00,0.000800,124846.00,125140.50,124759.50,125254.00,obj,1665401.79,1510433.35,1453831.64,1415846.69,1400504.90,1397041.97,1397548.12,1406945.28,1411646.09,1411543.74,1405424.57,1395248.93,1381870.19,1387042.32,1385617.90,1383592.16,1383219.63,1382216.07,1382168.28,1383170.62,1384050.53,1385501.68,1386676.82,1384795.55,1386807.48,1386962.02,1388407.35,1390930.33,1399020.38,1398822.17,1403722.29,1405013.85,1407448.94,1407360.91,1405419.08,1405186.94,1404744.17,1410843.31,1416240.82,1418436.14,1408971.30,1403280.45,1405331.49,1401175.63,1399569.31,1398198.28,1396485.79,1394581.43,1393039.53,1393400.57,1389983.39,1389005.28,1386610.91,1385519.39,1384332.46,1385331.23,1384622.55,1384531.69,1384614.80,1384153.91,1381877.45,1380966.66,1381665.76,1380222.34,1377879.97,1378659.73,1377497.23,1375953.29,1375220.22,1375153.67,1374592.74,1372733.11,1371371.54,1370687.33,1371547.57,1371956.59,1372102.83,1372881.72,1370733.98,1371584.31,1371996.49,1370951.98,1370070.65,1369197.01,1369728.61,1371025.81,1369013.81,1370304.72,1371058.87,1371410.08,1371604.23,1371367.11,1368859.77,1368501.41,1369453.48,1373558.00,1376012.09,1360662.13,1359629.87,1358840.27
hmda_500000_4.csv,4,686.4325,100.00,1315209.17,1315495.46,12820.00,3.30,20323.21,4.00,0.001000,125090.50,125015.00,124848.50,125046.00,obj,1665867.36,1527142.92,1484893.70,1458733.71,1443187.60,1434617.74,1424691.70,1421657.25,1417045.19,1417981.63,1420217.10,1415972.08,1401356.08,1388602.11,1393136.67,1394559.03,1396467.69,1397575.45,1397963.82,1393858.67,1391038.02,1390866.09,1391295.49,1392849.18,1396163.71,1401781.41,1407637.08,1415622.02,1423147.16,1426788.61,1430946.57,1425842.20,1427594.80,1424067.11,1421029.08,1423337.19,1420174.37,1421215.25,1419970.78,1418342.24,1416468.42,1413394.85,1413620.09,1412777.60,1410762.60,1421782.91,1427125.00,1423611.52,1424136.80,1426221.22,1423918.30,1415390.08,1406796.02,1400297.57,1393621.91,1392354.35,1389400.74,1388354.62,1386878.94,1387985.08,1385215.77,1382516.63,1382172.14,1380587.73,1378158.31,1377487.90,1378030.86,1375932.68,1376152.29,1378220.02,1378694.82,1379081.09,1378769.47,1375401.91,1376898.79,1375881.34,1376349.84,1376363.80,1373888.36,1373798.42,1371556.03,1366658.19,1354848.50,1342824.10,1337391.35,1336525.53,1332719.34,1331260.28,1327966.81,1327563.07,1324559.90,1322129.32,1318805.85,1318547.16,1317856.87,1317198.69,1316029.76,1315281.56,1313913.38,1315495.46
hmda_1000000_4.csv,4,2390.9241,100.00,2840178.98,2839904.51,8656.00,585.36,89932.98,4.00,0.000800,249977.00,250041.00,250002.00,249980.00,obj,3471620.82,3140975.90,2989869.10,2935655.71,2893014.75,2874602.50,2866356.94,2853097.31,2852913.80,2850617.92,2816258.32,2813164.28,2818243.69,2814882.71,2815293.51,2814862.53,2805660.72,2805885.06,2805338.25,2806986.50,2804039.13,2803968.50,2811205.69,2809205.05,2805986.26,2801802.71,2798689.28,2798155.36,2796201.38,2792692.96,2784611.79,2788987.06,2780100.82,2781044.98,2789502.48,2790252.84,2797133.10,2827350.33,2870478.34,2908879.20,2955136.17,2979691.95,2970395.98,2964994.55,2956633.84,2943565.94,2950100.04,2943489.46,2943756.27,2943164.95,2939571.11,2939126.86,2936422.19,2932133.20,2932794.81,2931610.13,2929869.35,2928662.69,2927249.32,2926727.33,2924007.78,2922904.60,2919230.05,2917523.04,2917084.23,2915136.32,2910580.13,2904680.80,2897764.72,2887758.84,2880894.87,2881213.40,2885609.39,2882826.54,2882380.53,2881592.34,2878388.23,2879115.98,2892843.38,2888513.66,2894350.23,2897184.05,2897462.17,2901222.52,2897630.43,2896056.41,2898802.50,2899918.85,2905987.38,2902775.16,2881227.43,2863493.44,2865196.31,2861406.51,2855732.56,2848331.17,2844049.57,2843245.51,2842185.37,2839904.51
hmda_1000000_4.csv,4,3094.4148,100.00,2914444.22,2914350.75,8362.00,2.37,120353.69,4.00,0.001000,249985.50,250018.50,249750.50,250245.50,obj,3495068.35,3170305.02,3018523.68,2979786.05,2953307.28,2939825.89,2930219.97,2924257.93,2929882.12,2930873.64,2931636.82,2930904.31,2929780.12,2931369.22,2933322.22,2934905.33,2933920.12,2932636.26,2930495.22,2931143.77,2901617.27,2868270.30,2859635.99,2841091.87,2833716.08,2810881.46,2808373.23,2811328.85,2808837.50,2810191.18,2806346.37,2812405.54,2810961.21,2810574.98,2809647.69,2809593.47,2807851.31,2808733.59,2806044.24,2803221.55,2798955.83,2797884.78,2809024.97,2829485.83,2870863.19,2902371.15,2953047.13,2981072.05,2987981.74,2980379.07,2972379.18,2967197.76,2973164.53,2967840.60,2968671.93,2967872.32,2963528.72,2962891.89,2960328.29,2956994.56,2955787.09,2954733.84,2954943.24,2955559.76,2954393.88,2953503.39,2950228.57,2950144.33,2949774.84,2945902.05,2945736.75,2944196.30,2939730.52,2938601.66,2939267.02,2936930.36,2936033.71,2936037.61,2930938.18,2927800.67,2926943.47,2925560.70,2929413.42,2925570.36,2923111.97,2924843.08,2922766.45,2923373.38,2919127.65,2918734.63,2902575.22,2898622.50,2900469.83,2912970.47,2914970.14,2915438.36,2918276.38,2918416.49,2916051.82,2914350.75
hmda_2000000_4.csv,4,10002.9357,100.00,5880722.19,5880730.73,8954.00,68.99,231631.55,4.00,0.000800,499931.50,499972.50,500057.50,500038.50,obj,7542170.93,7115716.46,6819099.38,6640519.53,6551094.37,6501451.85,6484484.25,6472417.75,6461231.63,6449943.40,6430169.54,6418643.19,6409119.50,6394438.39,6386294.82,6347730.80,6285569.54,6244464.98,6209205.45,6183230.07,6116702.18,6098763.14,6096123.96,6088209.92,6088152.00,6082220.53,6082988.33,6083547.54,6080944.36,6081044.53,6072926.74,6063223.32,6059727.87,6053876.81,6047792.32,6039754.36,6033178.82,6026711.22,6020001.38,6017033.35,6014140.03,6001772.89,5996419.23,5988189.37,5981157.61,5979058.26,5973947.41,5964896.77,5964045.26,5954756.11,5951644.10,5949592.83,5947618.67,5949657.52,5951872.91,5953096.08,5952523.21,5949102.92,5946706.51,5943850.01,5939016.75,5940860.36,5941938.12,5934323.72,5934250.78,5935876.71,5931513.93,5931938.17,5933287.40,5926960.01,5928013.41,5924528.64,5924703.99,5919880.14,5921887.91,5922798.90,5924215.19,5923215.53,5918367.74,5919573.13,5918547.22,5915704.72,5912554.62,5910435.42,5911616.92,5913337.71,5910293.34,5903874.96,5907710.17,5906386.43,5901337.12,5902272.61,5893726.06,5891900.62,5888909.69,5888492.08,5880349.96,5881333.93,5881331.69,5880730.73
hmda_2000000_4.csv,4,8947.4551,100.00,5939392.44,5939370.03,6800.00,1533.00,280410.91,4.00,0.001000,500023.50,499538.00,499978.50,500460.00,obj,7548025.65,7243396.97,6994736.97,6771586.94,6654049.40,6545355.41,6526600.84,6521549.57,6521937.45,6519758.30,6515057.33,6502088.16,6499474.70,6491732.48,6469641.52,6451206.67,6433876.02,6424083.58,6415828.32,6407282.06,6353588.07,6328119.60,6318407.86,6292566.37,6255930.26,6249945.96,6247417.23,6246605.34,6243352.11,6244850.26,6243275.20,6236738.38,6235002.78,6228105.86,6224004.88,6219149.05,6212115.74,6207669.24,6205580.53,6201397.32,6198749.27,6190635.05,6189124.67,6183647.89,6179814.36,6177128.23,6169887.85,6163465.17,6163083.41,6166453.13,6211310.71,6308167.09,6361723.44,6660073.62,6758504.49,6763301.45,6769712.99,6773514.67,6779087.90,6780741.48,6789283.79,6800255.17,6808490.80,6810796.06,6814016.04,6817952.71,6820385.58,6829311.88,6831682.22,6832509.56,6840259.88,6839626.72,6845189.57,6846521.33,6849436.79,6850964.91,6852971.75,6880804.70,6959627.55,6918961.60,6832536.10,6847462.50,6857017.25,6850530.54,6854501.33,6863640.77,6859258.84,6860317.93,6863028.76,6733103.52,5950582.72,6013209.53,6005317.80,5986795.35,5940408.01,5937568.78,5944880.94,5939448.90,5938394.24,5939370.03
census1990_500000_4.csv,4,970.3995,100.00,4481885.43,4483464.21,604612.00,115.07,35494.56,4.00,0.000800,125121.00,125105.50,124886.50,124887.00,obj,4963347.99,4846269.16,4835605.11,4829824.79,4828559.80,4823781.32,4810060.35,4789649.20,4769530.98,4753466.65,4734744.57,4725038.37,4710731.26,4704836.21,4699811.37,4694864.48,4694304.14,4691572.81,4692415.27,4687637.82,4683517.67,4683835.00,4677372.19,4672567.78,4669564.76,4667565.68,4665913.42,4661662.36,4658929.21,4654184.44,4650924.24,4647034.75,4642048.46,4638036.96,4632822.15,4628767.58,4626893.72,4625694.52,4625068.36,4620374.42,4618853.67,4619752.96,4618486.04,4608539.47,4601502.20,4592851.00,4587588.83,4586683.88,4581456.25,4579578.19,4571698.40,4569575.81,4562437.06,4557582.19,4556993.38,4556313.85,4545901.58,4542452.72,4538562.49,4531748.00,4525246.59,4520370.08,4524859.08,4523652.77,4523830.02,4522512.21,4522155.65,4517108.50,4515306.93,4514918.92,4513442.61,4508999.56,4506197.74,4505641.24,4501987.35,4499967.07,4501193.84,4500872.02,4496416.92,4494454.55,4493619.02,4494591.32,4495933.68,4496030.70,4491055.56,4487247.93,4487443.69,4486801.81,4483157.24,4481924.49,4483258.31,4486257.00,4487513.58,4486477.12,4483720.24,4483394.55,4482620.02,4481503.04,4485201.01,4483464.21
census1990_500000_4.csv,4,1046.2516,100.00,4505823.55,4505378.37,76050.00,4.03,24555.54,4.00,0.001000,125184.50,124919.00,124994.00,124902.50,obj,4992855.44,4841037.44,4831043.17,4827631.27,4826553.87,4823307.81,4818458.77,4810763.83,4796812.15,4786669.30,4777703.09,4771349.74,4751865.12,4739363.78,4730282.40,4722469.14,4718460.78,4711750.40,4708365.58,4702617.46,4699529.12,4700077.52,4694650.97,4690644.41,4688882.80,4687033.47,4688104.93,4688471.26,4685298.98,4683243.74,4682412.32,4679447.60,4677649.93,4675540.77,4667858.11,4666195.37,4663581.25,4660813.77,4658027.88,4649617.68,4645897.12,4642455.44,4641342.57,4639538.89,4638253.12,4639482.25,4636249.08,4633657.23,4626403.49,4628747.44,4623367.84,4625478.61,4622546.08,4616137.10,4612533.13,4608657.23,4598746.16,4597963.60,4594573.42,4589957.55,4585933.03,4583141.18,4586271.48,4581232.49,4576036.03,4574927.09,4572848.17,4570690.21,4567715.01,4567577.89,4562746.03,4558618.84,4553461.22,4551655.29,4548814.99,4542389.07,4538240.74,4533394.02,4528126.05,4530153.86,4530845.57,4530337.31,4531743.32,4533142.82,4526207.14,4525766.68,4524078.42,4522718.72,4520887.82,4515307.94,4514954.58,4513614.73,4512727.38,4511506.70,4509503.65,4511956.85,4509403.54,4505716.33,4508433.03,4505378.37
census1990_1000000_4.csv,4,2668.6215,100.00,9443222.25,9443176.63,35848.00,503.75,174112.50,4.00,0.000800,249964.50,249961.50,250243.00,249831.00,obj,11032720.82,10559554.87,10438619.84,10383797.98,10343052.54,10317892.96,10284947.07,10264323.50,10242288.28,10224684.56,10202577.22,10177625.02,10147288.83,10123826.69,10109982.12,10097055.64,10086132.05,10074495.52,10061745.65,10051323.97,10034829.20,10022826.68,10007969.26,9993176.09,9982141.97,9964406.87,9949370.32,9935095.10,9923579.97,9908543.87,9895854.46,9878975.71,9871976.04,9865205.01,9853949.47,9846994.62,9837653.60,9833057.97,9826859.67,9828364.88,9830686.20,9834687.09,9844830.98,9838613.16,9825891.44,9841866.29,9875247.46,9859017.05,9845345.95,9818984.43,9794713.22,9763160.80,9750849.34,9740783.80,9724702.77,9713202.40,9690552.56,9679188.22,9664482.59,9654900.15,9645306.91,9633535.59,9623326.04,9615436.97,9601603.60,9593659.67,9587302.88,9576948.09,9571531.15,9566627.69,9564390.09,9564553.50,9563260.53,9563579.43,9563496.37,9554357.05,9547121.92,9542789.25,9544093.37,9539942.68,9529704.10,9517920.92,9510185.62,9505890.97,9500364.55,9494569.50,9486248.39,9484805.76,9481849.11,9476158.08,9471716.67,9472910.61,9472334.50,9472418.02,9469046.98,9462579.63,9460642.76,9456911.08,9453519.10,9443176.63
census1990_1000000_4.csv,4,2042.0950,100.00,9520787.67,9520893.78,8900.00,84.98,235397.50,4.00,0.001000,250254.00,250070.00,249973.00,249703.00,obj,11097884.89,10647603.61,10444244.60,10382665.49,10357111.98,10341449.93,10316803.07,10300861.40,10284171.47,10271077.07,10252876.28,10233800.60,10202875.41,10178450.86,10151887.49,10126949.88,10108299.59,10090064.52,10077992.71,10072343.46,10060972.36,10053947.59,10041605.26,10032650.69,10024579.62,10013659.39,10002443.38,9994755.49,9984445.49,9970905.59,9963721.60,9952116.84,9949127.26,9942380.54,9928364.57,9919084.01,9908775.43,9900207.65,9890355.16,9884650.88,9880841.54,9874697.42,9867603.34,9864739.42,9859444.05,9852556.83,9848726.27,9841882.81,9841838.78,9840481.31,9836222.98,9840640.04,9844173.02,9855740.84,9862982.79,9847582.22,9834478.85,9873693.72,9902979.40,9895671.42,9879507.80,9853360.43,9833522.44,9818562.76,9795215.28,9776925.92,9758217.23,9748873.67,9739177.12,9727662.09,9710725.39,9693348.50,9677984.10,9667094.65,9662732.85,9669053.17,9667421.24,9667344.49,9672035.66,9666879.42,9653159.46,9635387.54,9618563.23,9602113.53,9591273.79,9586675.63,9578680.79,9581191.01,9586004.12,9586622.06,9570685.63,9563494.65,9553565.85,9552421.20,9547421.98,9539679.34,9537654.50,9533490.01,9531219.59,9520893.78
census1990_2000000_4.csv,4,6390.2074,100.00,19713851.66,19714776.11,87337.67,7.89,295222.20,4.00,0.000800,500566.50,499433.00,499818.50,500182.00,obj,22233466.13,21429405.90,20929476.35,20842008.05,20800553.20,20766489.73,20728274.40,20699682.63,20667337.19,20637971.12,20595245.83,20562149.41,20525526.15,20498808.18,20472783.56,20457547.12,20440880.50,20432190.88,20420251.93,20418896.67,20420468.10,20421135.12,20419347.33,20421807.98,20431332.32,20434177.95,20430711.62,20440575.98,20441857.80,20445082.84,20453170.96,20453261.70,20465608.72,20486675.03,20531966.40,20549223.45,20512395.59,20483305.07,20471737.47,20455661.53,20447026.81,20441643.97,20447194.91,20445235.46,20431347.45,20400147.74,20342160.50,20355537.81,20360483.19,20362892.98,20347361.39,20358044.01,20329057.04,20315543.15,20263266.29,20202697.76,20168378.85,20149256.62,20136182.31,20121980.34,20112887.00,20099658.93,20086933.65,20073294.22,20066047.29,20053105.25,20048620.06,20046048.08,20036016.37,20019560.16,19957000.55,19908099.72,19875928.56,19855562.63,19838572.82,19825035.44,19800095.60,19800936.70,19760009.17,19713050.71,19686410.32,19642026.44,19675564.76,19784470.44,19934380.39,20012149.78,20009423.38,19963704.27,19845938.81,19838505.94,19875870.72,19877289.32,19844962.24,19810634.04,19765664.11,19742074.34,19726572.42,19719292.58,19715936.29,19714776.11
census1990_2000000_4.csv,4,6596.3240,100.00,19688651.63,19688657.77,7018.00,103.62,111596.95,4.00,0.001000,499447.00,500504.50,500087.00,499961.50,obj,22241561.31,21607429.31,21017300.60,20868314.01,20829830.57,20800267.23,20768769.68,20745306.01,20717691.70,20696823.37,20669788.65,20650908.79,20621532.15,20597423.39,20572692.76,20547582.34,20523297.63,20502569.59,20480092.36,20469012.35,20457117.58,20452086.15,20443109.67,20441817.57,20440389.04,20438270.22,20435354.51,20437500.90,20439034.34,20439417.38,20442223.67,20440545.37,20442323.72,20446929.63,20449172.08,20450061.61,20456910.79,20459143.53,20473314.68,20476012.40,20486716.63,20497446.75,20571589.34,20556818.46,20532082.94,20502450.06,20496200.95,20496979.29,20505963.53,20507853.84,20520812.92,20555938.77,20587499.25,20602034.20,20549872.55,20487520.39,20498776.53,20501718.85,20503623.18,20494678.99,20481700.11,20475040.59,20468938.72,20451299.72,20442463.58,20392022.20,20248374.78,20206949.27,20183085.63,20181729.67,20172104.88,20161166.21,20150138.77,20139253.55,20136889.70,20124837.21,20118256.92,20107184.12,20098302.36,20090457.66,20074262.80,20066957.61,20063879.47,20058454.94,20059964.34,20054270.29,20036179.31,19985950.52,19957362.24,19936329.71,19915439.81,19892228.86,19857126.07,19814187.98,19765362.34,19751402.98,19787447.24,19756354.35,19721290.62,19688657.77
